stock_id,stock_name,asof_date,lock_state,limit_up_price,last_or_close,open_count_today,seal_note,top1_trader,top1_trader_id,top1_net_yi,top1_is_tracklist,style_flags,chip_summary,ret_t1_open,ret_t1_close,market,consec_limit_up,multi_day_lock,prior_day_not_locked,lock_count_in_window,limit_src,data_gap_note
8039,台虹,2026-07-09,locked,154.0,154.0,NA,daily_close_lock_only; no_orderbook_seal,台新台北,9B20,1.51658,True,momentum,Top1 台新台北 淨買1.52億; momentum; 追蹤名單; 首板,0.09740259740259738,0.09740259740259738,twse,1,True,True,14,official,
5314,世紀*,2026-07-03,locked,71.5,71.5,NA,daily_close_lock_only; no_orderbook_seal,凱基信義,9216,1.86629,True,momentum,Top1 凱基信義 淨買1.87億; momentum; 追蹤名單; 首板,0.020979020979021046,-0.054545454545454675,tpex,1,True,True,12,official,
5314,世紀*,2026-08-19,locked,21.5,21.5,NA,daily_close_lock_only; no_orderbook_seal,富邦台北,9623,0.180815,True,none,Top1 富邦台北 淨買0.18億; none; 追蹤名單; 4連板,0.09999999999999987,0.09999999999999987,tpex,4,True,False,12,official,
3081,聯亞,2026-07-22,locked,1665.0,1665.0,NA,daily_close_lock_only; no_orderbook_seal,凱基信義,9216,2.0131505,True,momentum,Top1 凱基信義 淨買2.01億; momentum; 追蹤名單; 首板,0.033033033033033066,0.0990990990990992,tpex,1,True,True,11,official,
3081,聯亞,2026-07-23,locked,1830.0,1830.0,NA,daily_close_lock_only; no_orderbook_seal,台新台北,9B20,6.9715475,True,momentum,Top1 台新台北 淨買6.97億; momentum; 追蹤名單; 2連板,-0.010928961748633892,-0.03825136612021862,tpex,2,True,False,11,official,
3081,聯亞,2026-08-04,locked,1965.0,1965.0,NA,daily_close_lock_only; no_orderbook_seal,國票安和,779Z,0.80565,True,momentum,Top1 國票安和 淨買0.81億; momentum; 追蹤名單; 3連板,0.0992366412213741,0.0992366412213741,tpex,3,True,False,11,official,
3081,聯亞,2026-08-05,locked,2160.0,2160.0,NA,daily_close_lock_only; no_orderbook_seal,凱基信義,9216,0.66636,True,momentum,Top1 凱基信義 淨買0.67億; momentum; 追蹤名單; 4連板,0.011574074074074181,0.09953703703703698,tpex,4,True,False,11,official,
3081,聯亞,2026-08-10,locked,2535.0,2535.0,NA,daily_close_lock_only; no_orderbook_seal,國票敦北,779c,1.0256443,True,momentum,Top1 國票敦北 淨買1.03億; momentum; 追蹤名單; 首板,-0.04536489151873768,-0.021696252465483234,tpex,1,True,True,11,official,
6182,合晶,2026-06-30,locked,123.0,123.0,NA,daily_close_lock_only; no_orderbook_seal,台新台北,9B20,6.09426532,True,momentum,Top1 台新台北 淨買6.09億; momentum; 追蹤名單; 首板,0.09756097560975618,0.09756097560975618,tpex,1,True,True,10,official,
6182,合晶,2026-07-08,locked,160.0,160.0,NA,daily_close_lock_only; no_orderbook_seal,國票安和,779Z,3.9441183,True,momentum,Top1 國票安和 淨買3.94億; momentum; 追蹤名單; 首板,0.006250000000000089,0.078125,tpex,1,True,True,10,official,
6617,共信-KY,2026-08-20,locked,104.5,104.5,NA,daily_close_lock_only; no_orderbook_seal,富邦台北,9623,0.143165,True,none,Top1 富邦台北 淨買0.14億; none; 追蹤名單; 首板,0.09569377990430628,0.028708133971291794,tpex,1,True,True,10,official,
3532,台勝科,2026-06-30,locked,364.0,364.0,NA,daily_close_lock_only; no_orderbook_seal,凱基市政,9239,0.56784,True,none,Top1 凱基市政 淨買0.57億; none; 追蹤名單; 首板,0.098901098901099,0.098901098901099,twse,1,True,True,9,official,
8033,雷虎,2026-07-08,locked,227.5,227.5,NA,daily_close_lock_only; no_orderbook_seal,凱基市政,9239,0.905315,True,momentum,Top1 凱基市政 淨買0.91億; momentum; 追蹤名單; 首板,-0.01098901098901095,-0.00219780219780219,twse,1,True,True,9,official,
3532,台勝科,2026-07-13,locked,465.5,465.5,NA,daily_close_lock_only; no_orderbook_seal,國票敦北,779c,0.32585,True,none,Top1 國票敦北 淨買0.33億; none; 追蹤名單; 首板,-0.013963480128893702,0.09559613319011806,twse,1,True,True,9,official,
3532,台勝科,2026-07-14,locked,510.0,510.0,NA,daily_close_lock_only; no_orderbook_seal,國票敦北,779c,1.713610835,True,momentum,Top1 國票敦北 淨買1.71億; momentum; 追蹤名單; 2連板,0.0490196078431373,0.025490196078431282,twse,2,True,False,9,official,
6727,亞泰金屬,2026-08-17,locked,475.0,475.0,NA,daily_close_lock_only; no_orderbook_seal,富邦台北,9623,0.590839945,True,none,Top1 富邦台北 淨買0.59億; none; 追蹤名單; 2連板,-0.0063157894736841635,-0.07052631578947366,tpex,2,True,False,9,official,
4556,旭然,2026-07-09,locked,101.0,101.0,NA,daily_close_lock_only; no_orderbook_seal,富邦台北,9623,0.05344297,True,none,Top1 富邦台北 淨買0.05億; none; 追蹤名單; 2連板,0.0990099009900991,0.0990099009900991,tpex,2,True,False,8,official,
5351,鈺創,2026-07-09,locked,98.2,98.2,NA,daily_close_lock_only; no_orderbook_seal,凱基信義,9216,6.9585098,True,momentum,Top1 凱基信義 淨買6.96億; momentum; 追蹤名單; 首板,0.048879837067209664,0.018329938900203624,tpex,1,True,True,8,official,
6488,環球晶,2026-07-13,locked,1485.0,1485.0,NA,daily_close_lock_only; no_orderbook_seal,國票安和,779Z,4.5127665,True,momentum,Top1 國票安和 淨買4.51億; momentum; 追蹤名單; 2連板,0.006734006734006703,0.02020202020202011,tpex,2,True,False,8,official,
6969,成信實業*-創,2026-07-21,locked,29.0,29.0,NA,daily_close_lock_only; no_orderbook_seal,富邦台北,9623,0.02987,True,none,Top1 富邦台北 淨買0.03億; none; 追蹤名單; 2連板,0.09999999999999987,0.09999999999999987,twse,2,True,False,8,official,
6969,成信實業*-創,2026-07-22,locked,31.9,31.9,NA,daily_close_lock_only; no_orderbook_seal,富邦台北,9623,0.03889886,True,none,Top1 富邦台北 淨買0.04億; none; 追蹤名單; 3連板,0.0987460815047021,0.0987460815047021,twse,3,True,False,8,official,
6969,成信實業*-創,2026-07-24,locked,38.55,38.55,NA,daily_close_lock_only; no_orderbook_seal,富邦台北,9623,0.24594899999999997,True,none,Top1 富邦台北 淨買0.25億; none; 追蹤名單; 5連板,0.031128404669260812,-0.09987029831387795,twse,5,True,False,8,official,
3374,精材,2026-07-31,locked,277.0,277.0,NA,daily_close_lock_only; no_orderbook_seal,國票安和,779Z,0.37118831,True,none,Top1 國票安和 淨買0.37億; none; 追蹤名單; 首板,0.04873646209386284,0.09927797833935026,tpex,1,True,True,8,official,
6488,環球晶,2026-07-31,locked,855.0,855.0,NA,daily_close_lock_only; no_orderbook_seal,國票安和,779Z,1.94923956,True,momentum,Top1 國票安和 淨買1.95億; momentum; 追蹤名單; 首板,0.01754385964912286,0.012865497076023358,tpex,1,True,True,8,official,
6488,環球晶,2026-08-13,locked,1025.0,1025.0,NA,daily_close_lock_only; no_orderbook_seal,國票安和,779Z,1.5852742,True,dual,Top1 國票安和 淨買1.59億; dual; 追蹤名單; 2連板,0.0,-0.014634146341463428,tpex,2,True,False,8,official,
6213,聯茂,2026-08-25,locked,530.0,530.0,NA,daily_close_lock_only; no_orderbook_seal,國票安和,779Z,2.945018875,True,momentum,Top1 國票安和 淨買2.95億; momentum; 追蹤名單; 首板,,,twse,1,True,True,8,official,missing_t1_return
4542,科嶠,2026-07-01,locked,494.0,494.0,NA,daily_close_lock_only; no_orderbook_seal,凱基市政,9239,0.12844,True,none,Top1 凱基市政 淨買0.13億; none; 追蹤名單; 3連板,0.09919028340080982,-0.04757085020242913,tpex,3,True,False,7,official,
8046,南電,2026-07-09,locked,1215.0,1215.0,NA,daily_close_lock_only; no_orderbook_seal,台新台北,9B20,18.2889254,True,dual,Top1 台新台北 淨買18.29億; dual; 追蹤名單; 首板,0.053497942386831365,0.04526748971193406,twse,1,True,True,7,official,
2493,揚博,2026-07-22,locked,262.0,262.0,NA,daily_close_lock_only; no_orderbook_seal,凱基信義,9216,1.637485,True,momentum,Top1 凱基信義 淨買1.64億; momentum; 追蹤名單; 2連板,-0.001908396946564861,-0.0992366412213741,twse,2,True,False,7,official,
2493,揚博,2026-07-31,locked,182.0,182.0,NA,daily_close_lock_only; no_orderbook_seal,國票安和,779Z,0.54485,True,none,Top1 國票安和 淨買0.54億; none; 追蹤名單; 首板,0.01098901098901095,0.098901098901099,twse,1,True,True,7,official,
3167,大量,2026-07-31,locked,486.0,486.0,NA,daily_close_lock_only; no_orderbook_seal,富邦台北,9623,0.23986707,True,none,Top1 富邦台北 淨買0.24億; none; 追蹤名單; 首板,0.05555555555555558,0.09876543209876543,twse,1,True,True,7,official,
6442,光聖,2026-07-31,locked,1155.0,1155.0,NA,daily_close_lock_only; no_orderbook_seal,國票安和,779Z,0.853555,True,none,Top1 國票安和 淨買0.85億; none; 追蹤名單; 首板,0.017316017316017396,0.09956709956709964,twse,1,True,True,7,official,
4971,IET-KY,2026-08-04,locked,420.0,420.0,NA,daily_close_lock_only; no_orderbook_seal,國票敦北,779c,0.084,True,none,Top1 國票敦北 淨買0.08億; none; 追蹤名單; 3連板,0.10000000000000009,0.10000000000000009,tpex,3,True,False,7,official,
6442,光聖,2026-08-04,locked,1395.0,1395.0,NA,daily_close_lock_only; no_orderbook_seal,新光台南,8564,0.43539295,True,none,Top1 新光台南 淨買0.44億; none; 追蹤名單; 3連板,0.03942652329749108,-0.017921146953404965,twse,3,True,False,7,official,
3006,晶豪科,2026-08-05,locked,239.0,239.0,NA,daily_close_lock_only; no_orderbook_seal,國票安和,779Z,1.1229712,True,momentum,Top1 國票安和 淨買1.12億; momentum; 追蹤名單; 4連板,0.004184100418409997,0.07949790794979084,twse,4,True,False,7,official,
4971,IET-KY,2026-08-05,locked,462.0,462.0,NA,daily_close_lock_only; no_orderbook_seal,國票敦北,779c,0.0924,True,none,Top1 國票敦北 淨買0.09億; none; 追蹤名單; 4連板,0.006493506493506551,0.03896103896103886,tpex,4,True,False,7,official,
2493,揚博,2026-08-11,locked,239.5,239.5,NA,daily_close_lock_only; no_orderbook_seal,國票安和,779Z,0.9125755,True,none,Top1 國票安和 淨買0.91億; none; 追蹤名單; 首板,0.018789144050104456,0.014613778705636848,twse,1,True,True,7,official,
8046,南電,2026-08-12,locked,1265.0,1265.0,NA,daily_close_lock_only; no_orderbook_seal,台新台北,9B20,25.1217611,True,momentum,Top1 台新台北 淨買25.12億; momentum; 追蹤名單; 首板,0.02371541501976293,-0.03952569169960474,twse,1,True,True,7,official,
2455,全新,2026-08-17,locked,417.0,417.0,NA,daily_close_lock_only; no_orderbook_seal,凱基信義,9216,1.3652758,True,momentum,Top1 凱基信義 淨買1.37億; momentum; 追蹤名單; 首板,0.043165467625899234,0.0011990407673860837,twse,1,True,True,7,official,
3441,聯一光,2026-08-21,locked,107.0,107.0,NA,daily_close_lock_only; no_orderbook_seal,凱基信義,9216,0.706441,True,momentum,Top1 凱基信義 淨買0.71億; momentum; 追蹤名單; 2連板,0.06074766355140193,0.051401869158878455,tpex,2,True,False,7,official,
2466,冠西電,2026-06-30,locked,64.9,64.9,NA,daily_close_lock_only; no_orderbook_seal,凱基市政,9239,0.10772800000000002,True,none,Top1 凱基市政 淨買0.11億; none; 追蹤名單; 首板,-0.0046224961479200966,0.09861325115562392,twse,1,True,True,6,official,
3026,禾伸堂,2026-06-30,locked,842.0,842.0,NA,daily_close_lock_only; no_orderbook_seal,凱基市政,9239,0.71888826,True,none,Top1 凱基市政 淨買0.72億; none; 追蹤名單; 首板,0.05463182897862229,0.0676959619952493,twse,1,True,True,6,official,
6538,倉和,2026-06-30,locked,131.0,131.0,NA,daily_close_lock_only; no_orderbook_seal,國票敦北,779c,0.03668,True,none,Top1 國票敦北 淨買0.04億; none; 追蹤名單; 首板,0.08778625954198471,0.08396946564885499,tpex,1,True,True,6,official,
1467,南緯,2026-07-01,locked,8.03,8.03,NA,daily_close_lock_only; no_orderbook_seal,凱基市政,9239,0.0273823,True,none,Top1 凱基市政 淨買0.03億; none; 追蹤名單; 首板,0.08966376089663775,0.09962640099626419,twse,1,True,True,6,official,
5483,中美晶,2026-07-01,locked,198.0,198.0,NA,daily_close_lock_only; no_orderbook_seal,凱基信義,9216,8.8983415,True,momentum,Top1 凱基信義 淨買8.90億; momentum; 追蹤名單; 2連板,-0.02020202020202022,0.015151515151515138,tpex,2,True,False,6,official,
1447,力鵬,2026-07-02,locked,9.09,9.09,NA,daily_close_lock_only; no_orderbook_seal,凱基市政,9239,0.36566192,True,none,Top1 凱基市政 淨買0.37億; none; 追蹤名單; 4連板,0.09460946094609457,0.0990099009900991,twse,4,True,False,6,official,
1718,中纖,2026-07-02,locked,13.6,13.6,NA,daily_close_lock_only; no_orderbook_seal,凱基信義,9216,0.594474,True,none,Top1 凱基信義 淨買0.59億; none; 追蹤名單; 首板,0.047794117647058876,0.09926470588235281,twse,1,True,True,6,official,
2484,希華,2026-07-02,locked,87.7,87.7,NA,daily_close_lock_only; no_orderbook_seal,國票安和,779Z,1.058134698,True,momentum,Top1 國票安和 淨買1.06億; momentum; 追蹤名單; 2連板,0.07069555302166486,0.09920182440136838,twse,2,True,False,6,official,
2484,希華,2026-07-03,locked,96.4,96.4,NA,daily_close_lock_only; no_orderbook_seal,國票敦北,779c,0.961979,True,none,Top1 國票敦北 淨買0.96億; none; 追蹤名單; 3連板,0.01763485477178417,-0.006224066390041583,twse,3,True,False,6,official,
3026,禾伸堂,2026-07-03,locked,988.0,988.0,NA,daily_close_lock_only; no_orderbook_seal,凱基信義,9216,4.81589596,True,momentum,Top1 凱基信義 淨買4.82億; momentum; 追蹤名單; 首板,0.027327935222672073,-0.0253036437246964,twse,1,True,True,6,official,
2408,南亞科,2026-07-09,locked,435.5,435.5,NA,daily_close_lock_only; no_orderbook_seal,台新台北,9B20,8.7201458,True,momentum,Top1 台新台北 淨買8.72億; momentum; 追蹤名單; 首板,0.07118254879448904,-0.028702640642939148,twse,1,True,True,6,official,
5483,中美晶,2026-07-15,locked,278.0,278.0,NA,daily_close_lock_only; no_orderbook_seal,凱基信義,9216,3.2183014,True,momentum,Top1 凱基信義 淨買3.22億; momentum; 追蹤名單; 首板,-0.01978417266187049,-0.06834532374100721,tpex,1,True,True,6,official,
2481,強茂,2026-07-22,locked,157.5,157.5,NA,daily_close_lock_only; no_orderbook_seal,國票安和,779Z,0.789333345,True,momentum,Top1 國票安和 淨買0.79億; momentum; 追蹤名單; 首板,-0.01904761904761909,-0.08253968253968258,twse,1,True,True,6,official,
3037,欣興,2026-07-22,locked,907.0,907.0,NA,daily_close_lock_only; no_orderbook_seal,凱基信義,9216,4.6990366,True,dual,Top1 凱基信義 淨買4.70億; dual; 追蹤名單; 2連板,0.008820286659316334,-0.012127894156560126,twse,2,True,False,6,official,
8021,尖點,2026-07-22,locked,418.5,418.5,NA,daily_close_lock_only; no_orderbook_seal,國票安和,779Z,2.00090021,True,momentum,Top1 國票安和 淨買2.00億; momentum; 追蹤名單; 首板,0.004778972520907976,-0.028673835125448077,twse,1,True,True,6,official,
3163,波若威,2026-07-31,locked,544.0,544.0,NA,daily_close_lock_only; no_orderbook_seal,國票敦北,779c,1.11891,True,momentum,Top1 國票敦北 淨買1.12億; momentum; 追蹤名單; 首板,0.0018382352941177516,0.09926470588235303,tpex,1,True,True,6,official,
7751,竑騰,2026-07-31,locked,1230.0,1230.0,NA,daily_close_lock_only; no_orderbook_seal,國票安和,779Z,0.12,True,none,Top1 國票安和 淨買0.12億; none; 追蹤名單; 首板,0.008130081300812941,0.012195121951219523,tpex,1,True,True,6,official,
8358,金居,2026-07-31,locked,298.0,298.0,NA,daily_close_lock_only; no_orderbook_seal,國票安和,779Z,0.5932286,True,lock_chip,Top1 國票安和 淨買0.59億; lock_chip; 追蹤名單; 首板,0.003355704697986628,0.09899328859060397,tpex,1,True,True,6,official,
2344,華邦電,2026-08-03,locked,143.0,143.0,NA,daily_close_lock_only; no_orderbook_seal,凱基信義,9216,4.2700234,True,momentum,Top1 凱基信義 淨買4.27億; momentum; 追蹤名單; 2連板,0.013986013986013957,0.09790209790209792,twse,2,True,False,6,official,
2492,華新科,2026-08-03,locked,239.5,239.5,NA,daily_close_lock_only; no_orderbook_seal,凱基市政,9239,0.72329,True,none,Top1 凱基市政 淨買0.72億; none; 追蹤名單; 2連板,0.04801670146137793,0.08350730688935282,twse,2,True,False,6,official,
3037,欣興,2026-08-03,locked,865.0,865.0,NA,daily_close_lock_only; no_orderbook_seal,台新台北,9B20,5.3616758,True,momentum,Top1 台新台北 淨買5.36億; momentum; 追蹤名單; 2連板,0.015028901734104094,0.06820809248554904,twse,2,True,False,6,official,
3189,景碩,2026-08-03,locked,698.0,698.0,NA,daily_close_lock_only; no_orderbook_seal,富邦台北,9623,0.69635412,True,dual,Top1 富邦台北 淨買0.70億; dual; 追蹤名單; 2連板,0.08166189111747846,0.09885386819484232,twse,2,True,False,6,official,
2491,吉祥全,2026-08-05,locked,29.05,29.05,NA,daily_close_lock_only; no_orderbook_seal,新光台南,8564,0.010458,True,none,Top1 新光台南 淨買0.01億; none; 追蹤名單; 2連板,0.09982788296041312,0.09982788296041312,twse,2,True,False,6,official,
2344,華邦電,2026-08-10,locked,179.5,179.5,NA,daily_close_lock_only; no_orderbook_seal,凱基信義,9216,10.3883765,True,momentum,Top1 凱基信義 淨買10.39億; momentum; 追蹤名單; 首板,-0.00835654596100277,-0.00835654596100277,twse,1,True,True,6,official,
8021,尖點,2026-08-10,locked,434.5,434.5,NA,daily_close_lock_only; no_orderbook_seal,國票安和,779Z,2.0015635,True,momentum,Top1 國票安和 淨買2.00億; momentum; 追蹤名單; 首板,-0.023014959723820505,0.010356731875719172,twse,1,True,True,6,official,
8358,金居,2026-08-11,locked,380.5,380.5,NA,daily_close_lock_only; no_orderbook_seal,國票敦北,779c,1.82241526,True,momentum,Top1 國票敦北 淨買1.82億; momentum; 追蹤名單; 首板,0.05781865965834432,0.09986859395532188,tpex,1,True,True,6,official,
1303,南亞,2026-08-14,locked,207.5,207.5,NA,daily_close_lock_only; no_orderbook_seal,台新台北,9B20,26.9241723,True,momentum,Top1 台新台北 淨買26.92億; momentum; 追蹤名單; 首板,0.028915662650602414,-0.03373493975903619,twse,1,True,True,6,official,
3037,欣興,2026-08-17,locked,1120.0,1120.0,NA,daily_close_lock_only; no_orderbook_seal,凱基信義,9216,11.18734585,True,momentum,Top1 凱基信義 淨買11.19億; momentum; 追蹤名單; 首板,0.008928571428571397,0.022321428571428603,twse,1,True,True,6,official,
3234,光環,2026-08-24,locked,166.0,166.0,NA,daily_close_lock_only; no_orderbook_seal,國票敦北,779c,1.21113168,True,momentum,Top1 國票敦北 淨買1.21億; momentum; 追蹤名單; 首板,-0.02409638554216864,0.09939759036144569,tpex,1,True,True,6,official,
3234,光環,2026-08-25,locked,182.5,182.5,NA,daily_close_lock_only; no_orderbook_seal,國票敦北,779c,0.9043651,True,momentum,Top1 國票敦北 淨買0.90億; momentum; 追蹤名單; 2連板,,,tpex,2,True,False,6,official,missing_t1_return
1617,榮星,2026-06-30,locked,20.8,20.8,NA,daily_close_lock_only; no_orderbook_seal,富邦台北,9623,0.057616,True,none,Top1 富邦台北 淨買0.06億; none; 追蹤名單; 2連板,0.09855769230769229,0.09855769230769229,twse,2,True,False,5,official,
4958,臻鼎-KY,2026-06-30,locked,630.0,630.0,NA,daily_close_lock_only; no_orderbook_seal,富邦台北,9623,4.40481659,True,momentum,Top1 富邦台北 淨買4.40億; momentum; 追蹤名單; 首板,0.0174603174603174,-0.042857142857142816,twse,1,True,True,5,official,
4989,榮科,2026-06-30,locked,87.3,87.3,NA,daily_close_lock_only; no_orderbook_seal,凱基信義,9216,0.395755,True,none,Top1 凱基信義 淨買0.40億; none; 追蹤名單; 首板,0.032073310423825774,0.05154639175257736,twse,1,True,True,5,official,
5328,華容,2026-06-30,locked,71.1,71.1,NA,daily_close_lock_only; no_orderbook_seal,國票敦北,779c,1.0165705729999999,True,momentum,Top1 國票敦北 淨買1.02億; momentum; 追蹤名單; 首板,0.06610407876230662,0.09985935302391002,tpex,1,True,True,5,official,
8043,蜜望實,2026-06-30,locked,194.0,194.0,NA,daily_close_lock_only; no_orderbook_seal,國票敦北,779c,0.82339538,True,none,Top1 國票敦北 淨買0.82億; none; 追蹤名單; 首板,0.03608247422680422,0.097938144329897,tpex,1,True,True,5,official,
8261,富鼎,2026-06-30,locked,270.5,270.5,NA,daily_close_lock_only; no_orderbook_seal,凱基信義,9216,4.36936425,True,momentum,Top1 凱基信義 淨買4.37億; momentum; 追蹤名單; 首板,0.09981515711645095,0.09981515711645095,twse,1,True,True,5,official,
6933,AMAX-KY,2026-07-09,locked,157.5,157.5,NA,daily_close_lock_only; no_orderbook_seal,富邦台北,9623,0.063,True,none,Top1 富邦台北 淨買0.06億; none; 追蹤名單; 首板,0.09841269841269851,0.09841269841269851,twse,1,True,True,5,official,
8383,千附,2026-07-09,locked,69.7,69.7,NA,daily_close_lock_only; no_orderbook_seal,富邦台北,9623,0.41610830299999996,True,none,Top1 富邦台北 淨買0.42億; none; 追蹤名單; 首板,0.09899569583931123,0.09899569583931123,tpex,1,True,True,5,official,
6933,AMAX-KY,2026-07-13,locked,173.0,173.0,NA,daily_close_lock_only; no_orderbook_seal,富邦台北,9623,0.21798,True,none,Top1 富邦台北 淨買0.22億; none; 追蹤名單; 2連板,-0.049132947976878616,-0.05780346820809246,twse,2,True,False,5,official,
6770,力積電,2026-07-15,locked,76.1,76.1,NA,daily_close_lock_only; no_orderbook_seal,凱基信義,9216,7.5285460839999985,True,momentum,Top1 凱基信義 淨買7.53億; momentum; 追蹤名單; 首板,-0.01576872536136642,0.005256241787122251,twse,1,True,True,5,official,
6141,柏承,2026-07-16,locked,43.75,43.75,NA,daily_close_lock_only; no_orderbook_seal,國票安和,779Z,0.30738,True,none,Top1 國票安和 淨買0.31億; none; 追蹤名單; 2連板,-0.040000000000000036,-0.06971428571428562,twse,2,True,False,5,official,
4958,臻鼎-KY,2026-07-22,locked,559.0,559.0,NA,daily_close_lock_only; no_orderbook_seal,國票敦北,779c,2.71027616,True,momentum,Top1 國票敦北 淨買2.71億; momentum; 追蹤名單; 首板,-0.007155635062611854,-0.0948121645796064,twse,1,True,True,5,official,
5328,華容,2026-07-27,locked,67.2,67.2,NA,daily_close_lock_only; no_orderbook_seal,台新台北,9B20,0.693474,True,none,Top1 台新台北 淨買0.69億; none; 追蹤名單; 首板,-0.03273809523809523,-0.08779761904761918,tpex,1,True,True,5,official,
3018,隆銘綠能,2026-07-29,locked,17.25,17.25,NA,daily_close_lock_only; no_orderbook_seal,國票敦北,779c,0.008625,True,none,Top1 國票敦北 淨買0.01億; none; 追蹤名單; 4連板,-0.01449275362318836,-0.07246376811594202,twse,4,True,False,5,official,
2337,旺宏,2026-07-31,locked,100.5,100.5,NA,daily_close_lock_only; no_orderbook_seal,富邦台北,9623,0.79236009,True,dual,Top1 富邦台北 淨買0.79億; dual; 追蹤名單; 首板,0.01990049751243772,0.09950248756218905,twse,1,True,True,5,official,
6531,愛普*,2026-07-31,locked,667.0,667.0,NA,daily_close_lock_only; no_orderbook_seal,國票安和,779Z,1.35331,True,momentum,Top1 國票安和 淨買1.35億; momentum; 追蹤名單; 首板,-0.01199400299850073,0.09895052473763122,twse,1,True,True,5,official,
2301,光寶科,2026-08-03,locked,229.5,229.5,NA,daily_close_lock_only; no_orderbook_seal,台新台北,9B20,6.8448375,True,momentum,Top1 台新台北 淨買6.84億; momentum; 追蹤名單; 2連板,0.017429193899782147,0.0980392156862746,twse,2,True,False,5,official,
6217,中探針,2026-08-03,locked,122.0,122.0,NA,daily_close_lock_only; no_orderbook_seal,新光台南,8564,0.1981205,True,none,Top1 新光台南 淨買0.20億; none; 追蹤名單; 首板,0.032786885245901676,0.09836065573770503,tpex,1,True,True,5,official,
6531,愛普*,2026-08-03,locked,733.0,733.0,NA,daily_close_lock_only; no_orderbook_seal,新光台南,8564,0.35460391,True,momentum,Top1 新光台南 淨買0.35億; momentum; 追蹤名單; 2連板,0.009549795361528002,0.09959072305593453,twse,2,True,False,5,official,
3491,昇達科,2026-08-04,locked,1170.0,1170.0,NA,daily_close_lock_only; no_orderbook_seal,國票安和,779Z,1.298712,True,momentum,Top1 國票安和 淨買1.30億; momentum; 追蹤名單; 2連板,0.08119658119658113,0.09829059829059839,tpex,2,True,False,5,official,
3653,健策,2026-08-04,locked,4145.0,4145.0,NA,daily_close_lock_only; no_orderbook_seal,國票安和,779Z,5.68505405,True,momentum,Top1 國票安和 淨買5.69億; momentum; 追蹤名單; 首板,0.013268998793727338,0.04704463208685161,twse,1,True,True,5,official,
2337,旺宏,2026-08-06,locked,129.0,129.0,NA,daily_close_lock_only; no_orderbook_seal,凱基信義,9216,7.094013,True,dual,Top1 凱基信義 淨買7.09億; dual; 追蹤名單; 首板,0.011627906976744207,-0.05813953488372092,twse,1,True,True,5,official,
8043,蜜望實,2026-08-11,locked,147.5,147.5,NA,daily_close_lock_only; no_orderbook_seal,國票安和,779Z,0.517049515,True,none,Top1 國票安和 淨買0.52億; none; 追蹤名單; 首板,0.0,0.0,tpex,1,True,True,5,official,
6715,嘉基,2026-08-12,locked,396.5,396.5,NA,daily_close_lock_only; no_orderbook_seal,凱基市政,9239,0.122865,True,none,Top1 凱基市政 淨買0.12億; none; 追蹤名單; 首板,0.008827238335435084,-0.015132408575031508,twse,1,True,True,5,official,
6770,力積電,2026-08-12,locked,73.7,73.7,NA,daily_close_lock_only; no_orderbook_seal,台新台北,9B20,11.78583922,True,momentum,Top1 台新台北 淨買11.79億; momentum; 追蹤名單; 首板,0.01763907734056991,0.016282225237449266,twse,1,True,True,5,official,
2406,國碩,2026-06-30,locked,41.8,41.8,NA,daily_close_lock_only; no_orderbook_seal,台新台北,9B20,2.023034,True,momentum,Top1 台新台北 淨買2.02億; momentum; 追蹤名單; 2連板,0.07655502392344515,-0.038277511961722355,twse,2,True,False,4,official,
2429,銘旺科,2026-06-30,locked,44.9,44.9,NA,daily_close_lock_only; no_orderbook_seal,凱基市政,9239,0.0900935,True,none,Top1 凱基市政 淨買0.09億; none; 追蹤名單; 首板,0.059020044543429906,0.069042316258352,twse,1,True,True,4,official,
6435,大中,2026-06-30,locked,363.5,363.5,NA,daily_close_lock_only; no_orderbook_seal,國票安和,779Z,0.238798825,True,none,Top1 國票安和 淨買0.24億; none; 追蹤名單; 首板,0.024759284731774356,-0.017881705639614887,tpex,1,True,True,4,official,
6223,旺矽,2026-07-01,locked,6695.0,6695.0,NA,daily_close_lock_only; no_orderbook_seal,國票敦北,779c,1.35814835,True,momentum,Top1 國票敦北 淨買1.36億; momentum; 追蹤名單; 首板,0.004480955937266717,0.08364451082897695,tpex,1,True,True,4,official,
3042,晶技,2026-07-02,locked,226.5,226.5,NA,daily_close_lock_only; no_orderbook_seal,國票敦北,779c,1.79651906,True,momentum,Top1 國票敦北 淨買1.80億; momentum; 追蹤名單; 2連板,0.013245033112582849,0.09933774834437092,twse,2,True,False,4,official,
2332,友訊,2026-07-09,locked,24.05,24.05,NA,daily_close_lock_only; no_orderbook_seal,凱基信義,9216,0.240019,True,none,Top1 凱基信義 淨買0.24億; none; 追蹤名單; 2連板,0.033264033264033266,0.0790020790020789,twse,2,True,False,4,official,
7828,創新服務,2026-07-09,locked,2115.0,2115.0,NA,daily_close_lock_only; no_orderbook_seal,凱基信義,9216,0.801604,True,none,Top1 凱基信義 淨買0.80億; none; 追蹤名單; 首板,0.05437352245862881,-0.06619385342789597,tpex,1,True,True,4,official,
2425,承啟,2026-07-13,locked,44.05,44.05,NA,daily_close_lock_only; no_orderbook_seal,富邦台北,9623,0.0550625,True,none,Top1 富邦台北 淨買0.06億; none; 追蹤名單; 首板,0.05448354143019318,0.004540295119182858,twse,1,True,True,4,official,
6533,晶心科,2026-07-13,locked,210.5,210.5,NA,daily_close_lock_only; no_orderbook_seal,富邦台北,9623,0.393635,True,none,Top1 富邦台北 淨買0.39億; none; 追蹤名單; 首板,0.026128266033254244,0.06888361045130642,twse,1,True,True,4,official,
9921,巨大,2026-07-13,locked,79.9,79.9,NA,daily_close_lock_only; no_orderbook_seal,凱基市政,9239,0.4165,True,none,Top1 凱基市政 淨買0.42億; none; 追蹤名單; 首板,-0.008760951188986232,0.017521902377972465,twse,1,True,True,4,official,
2313,華通,2026-07-15,locked,248.0,248.0,NA,daily_close_lock_only; no_orderbook_seal,凱基信義,9216,5.33365,True,momentum,Top1 凱基信義 淨買5.33億; momentum; 追蹤名單; 首板,-0.012096774193548376,-0.050403225806451624,twse,1,True,True,4,official,
2478,大毅,2026-07-15,locked,173.0,173.0,NA,daily_close_lock_only; no_orderbook_seal,凱基信義,9216,0.304195,True,none,Top1 凱基信義 淨買0.30億; none; 追蹤名單; 首板,-0.026011560693641633,-0.08670520231213874,twse,1,True,True,4,official,
6207,雷科,2026-07-15,locked,148.5,148.5,NA,daily_close_lock_only; no_orderbook_seal,國票敦北,779c,0.920279,True,none,Top1 國票敦北 淨買0.92億; none; 追蹤名單; 首板,-0.02020202020202022,-0.05387205387205385,tpex,1,True,True,4,official,
2486,一詮,2026-07-31,locked,188.0,188.0,NA,daily_close_lock_only; no_orderbook_seal,國票敦北,779c,1.5737276,True,dual,Top1 國票敦北 淨買1.57億; dual; 追蹤名單; 首板,0.0585106382978724,0.09840425531914887,twse,1,True,True,4,official,
6426,統新,2026-07-31,locked,151.0,151.0,NA,daily_close_lock_only; no_orderbook_seal,國票敦北,779c,0.1057,True,none,Top1 國票敦北 淨買0.11億; none; 追蹤名單; 首板,-0.0033112582781457123,0.04635761589403975,twse,1,True,True,4,official,
6831,邁科,2026-07-31,locked,525.0,525.0,NA,daily_close_lock_only; no_orderbook_seal,凱基信義,9216,0.25943,True,none,Top1 凱基信義 淨買0.26億; none; 追蹤名單; 首板,-0.0019047619047618536,0.07619047619047614,twse,1,True,True,4,official,
2327,國巨*,2026-08-03,locked,552.0,552.0,NA,daily_close_lock_only; no_orderbook_seal,國票安和,779Z,8.22716824,True,dual,Top1 國票安和 淨買8.23億; dual; 追蹤名單; 2連板,0.05253623188405787,0.0253623188405796,twse,2,True,False,4,official,
2313,華通,2026-08-05,locked,218.0,218.0,NA,daily_close_lock_only; no_orderbook_seal,台新台北,9B20,6.20215292,True,momentum,Top1 台新台北 淨買6.20億; momentum; 追蹤名單; 首板,-0.020642201834862428,0.011467889908256979,twse,1,True,True,4,official,
6831,邁科,2026-08-06,locked,656.0,656.0,NA,daily_close_lock_only; no_orderbook_seal,凱基信義,9216,0.98273,True,momentum,Top1 凱基信義 淨買0.98億; momentum; 追蹤名單; 首板,0.05945121951219523,-0.02896341463414631,twse,1,True,True,4,official,
2327,國巨*,2026-08-13,locked,662.0,662.0,NA,daily_close_lock_only; no_orderbook_seal,國票敦北,779c,12.50608584,True,momentum,Top1 國票敦北 淨買12.51億; momentum; 追蹤名單; 首板,0.009063444108761365,-0.06042296072507558,twse,1,True,True,4,official,
2634,漢翔,2026-08-14,locked,70.6,70.6,NA,daily_close_lock_only; no_orderbook_seal,凱基信義,9216,3.612014,True,momentum,Top1 凱基信義 淨買3.61億; momentum; 追蹤名單; 首板,0.022662889518413776,0.0056657223796034994,twse,1,True,True,4,official,
3675,德微,2026-08-17,locked,294.0,294.0,NA,daily_close_lock_only; no_orderbook_seal,國票安和,779Z,0.106375,True,none,Top1 國票安和 淨買0.11億; none; 追蹤名單; 首板,0.0,-0.0680272108843537,tpex,1,True,True,4,official,
2478,大毅,2026-08-19,locked,134.5,134.5,NA,daily_close_lock_only; no_orderbook_seal,台新台北,9B20,0.98609,True,none,Top1 台新台北 淨買0.99億; none; 追蹤名單; 首板,0.0074349442379182396,-0.044609665427509326,twse,1,True,True,4,official,
2923,鼎固-KY,2026-06-29,locked,26.05,26.05,NA,daily_close_lock_only; no_orderbook_seal,凱基市政,9239,0.0033865,True,none,Top1 凱基市政 淨買0.00億; none; 追蹤名單; 首板,0.0,0.0499040307101728,twse,1,True,True,3,official,
1444,力麗,2026-06-30,locked,8.96,8.96,NA,daily_close_lock_only; no_orderbook_seal,凱基市政,9239,0.0852431,True,none,Top1 凱基市政 淨買0.09億; none; 追蹤名單; 2連板,0.05468749999999978,0.04352678571428559,twse,2,True,False,3,official,
6224,聚鼎,2026-06-30,locked,77.2,77.2,NA,daily_close_lock_only; no_orderbook_seal,國票敦北,779c,0.20834,True,none,Top1 國票敦北 淨買0.21億; none; 追蹤名單; 首板,0.010362694300518172,0.09974093264248718,twse,1,True,True,3,official,
8222,寶一,2026-06-30,locked,39.2,39.2,NA,daily_close_lock_only; no_orderbook_seal,凱基市政,9239,0.26985470000000006,True,none,Top1 凱基市政 淨買0.27億; none; 追蹤名單; 首板,0.061224489795918435,0.039540816326530503,twse,1,True,True,3,official,
3490,單井,2026-07-01,locked,33.9,33.9,NA,daily_close_lock_only; no_orderbook_seal,凱基市政,9239,0.028682,True,none,Top1 凱基市政 淨買0.03億; none; 追蹤名單; 首板,0.0206489675516226,-0.01327433628318575,tpex,1,True,True,3,official,
6164,華興,2026-07-02,locked,15.85,15.85,NA,daily_close_lock_only; no_orderbook_seal,新光台南,8564,0.031383,True,none,Top1 新光台南 淨買0.03億; none; 追蹤名單; 2連板,0.09779179810725536,0.09779179810725536,twse,2,True,False,3,official,
1714,和桐,2026-07-03,locked,22.75,22.75,NA,daily_close_lock_only; no_orderbook_seal,凱基市政,9239,0.34078,True,none,Top1 凱基市政 淨買0.34億; none; 追蹤名單; 首板,0.098901098901099,-0.08131868131868136,twse,1,True,True,3,official,
2428,興勤,2026-07-03,locked,342.0,342.0,NA,daily_close_lock_only; no_orderbook_seal,國票安和,779Z,1.332835,True,momentum,Top1 國票安和 淨買1.33億; momentum; 追蹤名單; 首板,0.026315789473684292,0.004385964912280604,twse,1,True,True,3,official,
6753,龍德造船,2026-07-03,locked,154.0,154.0,NA,daily_close_lock_only; no_orderbook_seal,凱基信義,9216,0.25704,True,none,Top1 凱基信義 淨買0.26億; none; 追蹤名單; 首板,0.03896103896103886,-0.00649350649350644,twse,1,True,True,3,official,
1796,金穎生技,2026-07-07,locked,34.75,34.75,NA,daily_close_lock_only; no_orderbook_seal,台新台北,9B20,0.002318,True,none,Top1 台新台北 淨買0.00億; none; 追蹤名單; 首板,0.030215827338129442,0.09928057553956848,tpex,1,True,True,3,official,
2395,研華,2026-07-21,locked,567.0,567.0,NA,daily_close_lock_only; no_orderbook_seal,國票敦北,779c,0.58367139,True,none,Top1 國票敦北 淨買0.58億; none; 追蹤名單; 首板,0.03880070546737224,0.051146384479717755,twse,1,True,True,3,official,
3665,貿聯-KY,2026-07-21,locked,2000.0,2000.0,NA,daily_close_lock_only; no_orderbook_seal,台新台北,9B20,0.8072812,True,momentum,Top1 台新台北 淨買0.81億; momentum; 追蹤名單; 首板,0.030000000000000027,0.05750000000000011,twse,1,True,True,3,official,
6451,訊芯-KY,2026-07-21,locked,435.0,435.0,NA,daily_close_lock_only; no_orderbook_seal,凱基信義,9216,1.386065,True,momentum,Top1 凱基信義 淨買1.39億; momentum; 追蹤名單; 首板,0.08735632183908049,0.020689655172413834,twse,1,True,True,3,official,
8114,振樺電,2026-07-21,locked,201.0,201.0,NA,daily_close_lock_only; no_orderbook_seal,凱基市政,9239,0.09045,True,none,Top1 凱基市政 淨買0.09億; none; 追蹤名單; 首板,-0.00497512437810943,0.09950248756218905,twse,1,True,True,3,official,
3555,博士旺,2026-07-23,locked,160.5,160.5,NA,daily_close_lock_only; no_orderbook_seal,富邦台北,9623,0.0321,True,none,Top1 富邦台北 淨買0.03億; none; 追蹤名單; 首板,0.028037383177569986,-0.009345794392523366,tpex,1,True,True,3,official,
2454,聯發科,2026-07-31,locked,3555.0,3555.0,NA,daily_close_lock_only; no_orderbook_seal,凱基信義,9216,8.134551,True,dual,Top1 凱基信義 淨買8.13億; dual; 追蹤名單; 首板,0.09985935302391002,0.09985935302391002,twse,1,True,True,3,official,
3665,貿聯-KY,2026-07-31,locked,2100.0,2100.0,NA,daily_close_lock_only; no_orderbook_seal,國票敦北,779c,0.51668535,True,momentum,Top1 國票敦北 淨買0.52億; momentum; 追蹤名單; 首板,0.0,-0.0023809523809523725,twse,1,True,True,3,official,
6515,穎崴,2026-07-31,locked,5815.0,5815.0,NA,daily_close_lock_only; no_orderbook_seal,國票敦北,779c,2.5549,True,momentum,Top1 國票敦北 淨買2.55億; momentum; 追蹤名單; 首板,0.014617368873602654,0.07480653482373167,twse,1,True,True,3,official,
2454,聯發科,2026-08-03,locked,3910.0,3910.0,NA,daily_close_lock_only; no_orderbook_seal,台新台北,9B20,27.63123895,True,dual,Top1 台新台北 淨買27.63億; dual; 追蹤名單; 2連板,0.04731457800511518,-0.011508951406649648,twse,2,True,False,3,official,
1709,和益,2026-08-04,locked,25.2,25.2,NA,daily_close_lock_only; no_orderbook_seal,新光台南,8564,0.109291377,True,none,Top1 新光台南 淨買0.11億; none; 追蹤名單; 首板,0.009920634920634885,0.039682539682539764,twse,1,True,True,3,official,
3008,大立光,2026-08-04,locked,4355.0,4355.0,NA,daily_close_lock_only; no_orderbook_seal,凱基信義,9216,4.647895,True,dual,Top1 凱基信義 淨買4.65億; dual; 追蹤名單; 首板,0.012629161882893314,0.05051664753157281,twse,1,True,True,3,official,
3587,閎康,2026-08-04,locked,251.5,251.5,NA,daily_close_lock_only; no_orderbook_seal,富邦台北,9623,0.11053425,True,none,Top1 富邦台北 淨買0.11億; none; 追蹤名單; 2連板,0.09940357852882697,0.09940357852882697,tpex,2,True,False,3,official,
2395,研華,2026-08-05,locked,633.0,633.0,NA,daily_close_lock_only; no_orderbook_seal,台新台北,9B20,5.586425,True,momentum,Top1 台新台北 淨買5.59億; momentum; 追蹤名單; 首板,0.05845181674565558,-0.017377567140600347,twse,1,True,True,3,official,
6451,訊芯-KY,2026-08-05,locked,430.0,430.0,NA,daily_close_lock_only; no_orderbook_seal,國票安和,779Z,1.3158,True,momentum,Top1 國票安和 淨買1.32億; momentum; 追蹤名單; 首板,-0.0046511627906976605,0.051162790697674376,twse,1,True,True,3,official,
7711,永擎,2026-08-06,locked,361.5,361.5,NA,daily_close_lock_only; no_orderbook_seal,富邦台北,9623,0.1615905,True,none,Top1 富邦台北 淨買0.16億; none; 追蹤名單; 2連板,0.09958506224066399,0.03734439834024905,twse,2,True,False,3,official,
4923,力士,2026-08-10,locked,49.85,49.85,NA,daily_close_lock_only; no_orderbook_seal,新光台南,8564,0.02991,True,none,Top1 新光台南 淨買0.03億; none; 追蹤名單; 首板,0.06318956870611836,0.0030090270812437314,tpex,1,True,True,3,official,
5426,振發,2026-08-11,locked,30.8,30.8,NA,daily_close_lock_only; no_orderbook_seal,凱基信義,9216,0.0822665,True,none,Top1 凱基信義 淨買0.08億; none; 追蹤名單; 首板,0.016233766233766156,-0.030844155844155785,tpex,1,True,True,3,official,
3017,奇鋐,2026-08-13,locked,3200.0,3200.0,NA,daily_close_lock_only; no_orderbook_seal,國票敦北,779c,18.13665685,True,momentum,Top1 國票敦北 淨買18.14億; momentum; 追蹤名單; 首板,0.015625,0.010937500000000044,twse,1,True,True,3,official,
3455,由田,2026-08-17,locked,253.0,253.0,NA,daily_close_lock_only; no_orderbook_seal,凱基信義,9216,1.50573,True,momentum,Top1 凱基信義 淨買1.51億; momentum; 追蹤名單; 首板,0.0,0.01976284584980248,tpex,1,True,True,3,official,
4416,三圓,2026-08-18,locked,12.25,12.25,NA,daily_close_lock_only; no_orderbook_seal,凱基市政,9239,0.04214,True,none,Top1 凱基市政 淨買0.04億; none; 追蹤名單; 首板,0.012244897959183598,0.008163265306122325,tpex,1,True,True,3,official,
5608,四維航,2026-08-18,locked,15.95,15.95,NA,daily_close_lock_only; no_orderbook_seal,凱基信義,9216,0.106648,True,none,Top1 凱基信義 淨買0.11億; none; 追蹤名單; 首板,0.01567398119122254,0.09717868338557989,twse,1,True,True,3,official,
7799,禾榮科,2026-08-20,locked,379.5,379.5,NA,daily_close_lock_only; no_orderbook_seal,國票安和,779Z,0.11378,True,none,Top1 國票安和 淨買0.11億; none; 追蹤名單; 首板,-0.01976284584980237,-0.055335968379446654,twse,1,True,True,3,official,
4188,安克,2026-08-21,locked,11.0,11.0,NA,daily_close_lock_only; no_orderbook_seal,凱基市政,9239,0.019665,True,none,Top1 凱基市政 淨買0.02億; none; 追蹤名單; 首板,0.09999999999999987,0.09999999999999987,tpex,1,True,True,3,official,
2221,大甲,2026-08-24,locked,63.3,63.3,NA,daily_close_lock_only; no_orderbook_seal,凱基信義,9216,0.281052,True,none,Top1 凱基信義 淨買0.28億; none; 追蹤名單; 首板,0.011058451816745807,0.06319115323854652,tpex,1,True,True,3,official,
4188,安克,2026-08-24,locked,12.1,12.1,NA,daily_close_lock_only; no_orderbook_seal,凱基市政,9239,0.002793,True,none,Top1 凱基市政 淨買0.00億; none; 追蹤名單; 2連板,0.02066115702479343,0.09917355371900838,tpex,2,True,False,3,official,
4188,安克,2026-08-25,locked,13.3,13.3,NA,daily_close_lock_only; no_orderbook_seal,凱基市政,9239,0.038551,True,none,Top1 凱基市政 淨買0.04億; none; 追蹤名單; 3連板,,,tpex,3,True,False,3,official,missing_t1_return
8069,元太,2026-06-29,locked,214.5,214.5,NA,daily_close_lock_only; no_orderbook_seal,台新台北,9B20,3.581791,True,momentum,Top1 台新台北 淨買3.58億; momentum; 追蹤名單; 首板,0.06293706293706292,0.0,tpex,1,True,True,2,official,
2250,IKKA-KY,2026-07-01,locked,68.6,68.6,NA,daily_close_lock_only; no_orderbook_seal,凱基信義,9216,0.084377,True,none,Top1 凱基信義 淨買0.08億; none; 追蹤名單; 首板,0.07871720116618075,0.09912536443148712,twse,1,True,True,2,official,
6174,安碁,2026-07-01,locked,54.4,54.4,NA,daily_close_lock_only; no_orderbook_seal,凱基市政,9239,0.23936,True,none,Top1 凱基市政 淨買0.24億; none; 追蹤名單; 首板,0.0,0.03308823529411775,tpex,1,True,True,2,official,
1326,台化,2026-07-02,locked,61.9,61.9,NA,daily_close_lock_only; no_orderbook_seal,凱基信義,9216,1.769085,True,momentum,Top1 凱基信義 淨買1.77億; momentum; 追蹤名單; 首板,0.017770597738287597,0.09854604200323114,twse,1,True,True,2,official,
8028,昇陽半導體,2026-07-16,locked,350.0,350.0,NA,daily_close_lock_only; no_orderbook_seal,凱基信義,9216,1.0708,True,momentum,Top1 凱基信義 淨買1.07億; momentum; 追蹤名單; 首板,-0.05428571428571427,-0.09999999999999998,twse,1,True,True,2,official,
5450,南良,2026-07-20,locked,18.75,18.75,NA,daily_close_lock_only; no_orderbook_seal,新光台南,8564,0.028108,True,none,Top1 新光台南 淨買0.03億; none; 追蹤名單; 2連板,-0.04266666666666674,-0.04266666666666674,tpex,2,True,False,2,official,
4916,事欣科,2026-07-21,locked,107.0,107.0,NA,daily_close_lock_only; no_orderbook_seal,國票敦北,779c,0.25679,True,none,Top1 國票敦北 淨買0.26億; none; 追蹤名單; 首板,0.01869158878504673,-0.004672897196261627,twse,1,True,True,2,official,
6414,樺漢,2026-07-22,locked,490.0,490.0,NA,daily_close_lock_only; no_orderbook_seal,國票安和,779Z,1.418843455,True,momentum,Top1 國票安和 淨買1.42億; momentum; 追蹤名單; 2連板,0.0,0.026530612244898055,twse,2,True,False,2,official,
2360,致茂,2026-07-31,locked,2100.0,2100.0,NA,daily_close_lock_only; no_orderbook_seal,國票敦北,779c,2.7674053,True,momentum,Top1 國票敦北 淨買2.77億; momentum; 追蹤名單; 首板,0.03333333333333344,-0.06666666666666665,twse,1,True,True,2,official,
2368,金像電,2026-07-31,locked,793.0,793.0,NA,daily_close_lock_only; no_orderbook_seal,國票敦北,779c,1.75093827,True,dual,Top1 國票敦北 淨買1.75億; dual; 追蹤名單; 首板,0.07187894073139978,0.09962168978562413,twse,1,True,True,2,official,
3231,緯創,2026-07-31,locked,176.0,176.0,NA,daily_close_lock_only; no_orderbook_seal,國票安和,779Z,2.775698435,True,momentum,Top1 國票安和 淨買2.78億; momentum; 追蹤名單; 首板,-0.019886363636363646,0.05681818181818188,twse,1,True,True,2,official,
4919,新唐,2026-07-31,locked,117.0,117.0,NA,daily_close_lock_only; no_orderbook_seal,國票安和,779Z,0.17566,True,none,Top1 國票安和 淨買0.18億; none; 追蹤名單; 首板,-0.012820512820512775,0.0641025641025641,twse,1,True,True,2,official,
6239,力成,2026-07-31,locked,235.5,235.5,NA,daily_close_lock_only; no_orderbook_seal,國票安和,779Z,3.015598675,True,momentum,Top1 國票安和 淨買3.02億; momentum; 追蹤名單; 首板,0.0,0.01273885350318471,twse,1,True,True,2,official,
6805,富世達,2026-07-31,locked,1350.0,1350.0,NA,daily_close_lock_only; no_orderbook_seal,凱基市政,9239,0.201155,True,lock_chip,Top1 凱基市政 淨買0.20億; lock_chip; 追蹤名單; 首板,-0.007407407407407418,0.0888888888888888,twse,1,True,True,2,official,
8299,群聯,2026-07-31,locked,1640.0,1640.0,NA,daily_close_lock_only; no_orderbook_seal,國票安和,779Z,2.443518,True,dual,Top1 國票安和 淨買2.44億; dual; 追蹤名單; 首板,0.021341463414634054,0.07317073170731714,tpex,1,True,True,2,official,
2345,智邦,2026-08-03,locked,2335.0,2335.0,NA,daily_close_lock_only; no_orderbook_seal,國票敦北,779c,10.61578715,True,momentum,Top1 國票敦北 淨買10.62億; momentum; 追蹤名單; 2連板,0.008565310492505418,-0.0064239828693790635,twse,2,True,False,2,official,
2368,金像電,2026-08-03,locked,872.0,872.0,NA,daily_close_lock_only; no_orderbook_seal,國票敦北,779c,3.53295005,True,dual,Top1 國票敦北 淨買3.53億; dual; 追蹤名單; 2連板,0.03325688073394506,0.028669724770642224,twse,2,True,False,2,official,
6431,光麗-KY,2026-08-03,locked,18.25,18.25,NA,daily_close_lock_only; no_orderbook_seal,富邦台北,9623,0.008983,True,none,Top1 富邦台北 淨買0.01億; none; 追蹤名單; 首板,0.08493150684931505,0.016438356164383494,twse,1,True,True,2,official,
8110,華東,2026-08-03,locked,40.8,40.8,NA,daily_close_lock_only; no_orderbook_seal,新光台南,8564,0.043104375,True,none,Top1 新光台南 淨買0.04億; none; 追蹤名單; 2連板,0.004901960784313708,0.06495098039215708,twse,2,True,False,2,official,
6291,沛亨,2026-08-04,locked,366.5,366.5,NA,daily_close_lock_only; no_orderbook_seal,台新台北,9B20,0.108245,True,none,Top1 台新台北 淨買0.11億; none; 追蹤名單; 首板,0.058663028649386106,0.03683492496589369,tpex,1,True,True,2,official,
3211,順達,2026-08-06,locked,356.5,356.5,NA,daily_close_lock_only; no_orderbook_seal,國票敦北,779c,0.660236815,True,none,Top1 國票敦北 淨買0.66億; none; 追蹤名單; 首板,0.004207573632538653,-0.05049088359046283,tpex,1,True,True,2,official,
5289,宜鼎,2026-08-06,locked,1610.0,1610.0,NA,daily_close_lock_only; no_orderbook_seal,國票敦北,779c,4.96455485,True,momentum,Top1 國票敦北 淨買4.96億; momentum; 追蹤名單; 首板,0.006211180124223503,-0.06832298136645965,tpex,1,True,True,2,official,
5904,寶雅*,2026-08-10,locked,79.2,79.2,NA,daily_close_lock_only; no_orderbook_seal,富邦台北,9623,0.80068032,True,none,Top1 富邦台北 淨買0.80億; none; 追蹤名單; 首板,0.0997474747474747,0.0997474747474747,tpex,1,True,True,2,official,
6922,宸曜,2026-08-10,locked,204.0,204.0,NA,daily_close_lock_only; no_orderbook_seal,富邦台北,9623,0.17748,True,none,Top1 富邦台北 淨買0.18億; none; 追蹤名單; 首板,0.02941176470588225,0.044117647058823595,tpex,1,True,True,2,official,
6214,精誠,2026-08-13,locked,156.5,156.5,NA,daily_close_lock_only; no_orderbook_seal,國票敦北,779c,0.69486,True,none,Top1 國票敦北 淨買0.69億; none; 追蹤名單; 首板,0.09904153354632594,0.09904153354632594,twse,1,True,True,2,official,
2615,萬海,2026-08-21,locked,124.5,124.5,NA,daily_close_lock_only; no_orderbook_seal,國票安和,779Z,3.45876835,True,momentum,Top1 國票安和 淨買3.46億; momentum; 追蹤名單; 首板,0.04417670682730934,0.0,twse,1,True,True,2,official,
3563,牧德,2026-07-01,locked,778.0,778.0,NA,daily_close_lock_only; no_orderbook_seal,凱基信義,9216,0.76794824,True,none,Top1 凱基信義 淨買0.77億; none; 追蹤名單; 首板,0.0025706940874035134,0.03984575835475579,twse,1,False,True,1,official,
6684,安格,2026-07-01,locked,64.5,64.5,NA,daily_close_lock_only; no_orderbook_seal,凱基市政,9239,0.129637,True,none,Top1 凱基市政 淨買0.13億; none; 追蹤名單; 首板,0.0,-0.06201550387596899,tpex,1,False,True,1,official,
8182,加高,2026-07-01,locked,54.0,54.0,NA,daily_close_lock_only; no_orderbook_seal,凱基市政,9239,0.38933,True,none,Top1 凱基市政 淨買0.39億; none; 追蹤名單; 首板,-0.012962962962963065,0.024074074074073915,tpex,1,False,True,1,official,
4590,富田-創,2026-07-02,locked,88.0,88.0,NA,daily_close_lock_only; no_orderbook_seal,國票敦北,779c,0.275773,True,none,Top1 國票敦北 淨買0.28億; none; 追蹤名單; 首板,0.040909090909090784,0.09090909090909083,twse,1,False,True,1,official,
4741,泓瀚,2026-07-02,locked,61.7,61.7,NA,daily_close_lock_only; no_orderbook_seal,凱基市政,9239,0.062317,True,none,Top1 凱基市政 淨買0.06億; none; 追蹤名單; 首板,-0.006482982171799101,-0.04376012965964349,tpex,1,False,True,1,official,
1314,中石化,2026-07-03,locked,9.88,9.88,NA,daily_close_lock_only; no_orderbook_seal,凱基信義,9216,1.2083536999999998,True,momentum,Top1 凱基信義 淨買1.21億; momentum; 追蹤名單; 首板,0.06275303643724683,0.05263157894736836,twse,1,False,True,1,official,
1717,長興,2026-07-03,locked,81.6,81.6,NA,daily_close_lock_only; no_orderbook_seal,凱基信義,9216,3.649778,True,momentum,Top1 凱基信義 淨買3.65億; momentum; 追蹤名單; 首板,0.009803921568627638,0.04656862745098045,twse,1,False,True,1,official,
2390,云辰,2026-07-03,locked,13.25,13.25,NA,daily_close_lock_only; no_orderbook_seal,凱基市政,9239,0.0261025,True,none,Top1 凱基市政 淨買0.03億; none; 追蹤名單; 首板,0.0641509433962264,0.015094339622641506,twse,1,False,True,1,official,
6901,鑽石投資,2026-07-08,locked,21.05,21.05,NA,daily_close_lock_only; no_orderbook_seal,新光台南,8564,0.0620935,True,none,Top1 新光台南 淨買0.06億; none; 追蹤名單; 首板,0.05463182897862229,-0.014251781472684133,twse,1,False,True,1,official,
4737,華廣,2026-07-13,locked,63.6,63.6,NA,daily_close_lock_only; no_orderbook_seal,富邦台北,9623,0.02544,True,none,Top1 富邦台北 淨買0.03億; none; 追蹤名單; 首板,0.09748427672955962,-0.022012578616352196,twse,1,False,True,1,official,
6613,朋億*,2026-07-13,locked,353.0,353.0,NA,daily_close_lock_only; no_orderbook_seal,富邦台北,9623,0.16211878,True,none,Top1 富邦台北 淨買0.16億; none; 追蹤名單; 首板,-0.008498583569405138,0.014164305949008416,tpex,1,False,True,1,official,
6863,永道-KY,2026-07-13,locked,102.0,102.0,NA,daily_close_lock_only; no_orderbook_seal,富邦台北,9623,0.01428,True,none,Top1 富邦台北 淨買0.01億; none; 追蹤名單; 首板,0.05882352941176472,0.02941176470588225,twse,1,False,True,1,official,
3028,增你強,2026-07-15,locked,77.0,77.0,NA,daily_close_lock_only; no_orderbook_seal,凱基市政,9239,0.192421,True,none,Top1 凱基市政 淨買0.19億; none; 追蹤名單; 首板,-0.010389610389610393,-0.05064935064935072,twse,1,False,True,1,official,
2330,台積電,2026-07-31,locked,2425.0,2425.0,NA,daily_close_lock_only; no_orderbook_seal,凱基信義,9216,6.59470165,True,dual,Top1 凱基信義 淨買6.59億; dual; 追蹤名單; 首板,-0.014432989690721598,-0.02268041237113405,twse,1,False,True,1,official,
6789,采鈺,2026-07-31,locked,423.5,423.5,NA,daily_close_lock_only; no_orderbook_seal,富邦台北,9623,0.12731265,True,none,Top1 富邦台北 淨買0.13億; none; 追蹤名單; 首板,-0.024793388429752095,0.016528925619834656,twse,1,False,True,1,official,
4722,國精化,2026-08-03,locked,187.5,187.5,NA,daily_close_lock_only; no_orderbook_seal,新光台南,8564,0.515525,True,none,Top1 新光台南 淨買0.52億; none; 追蹤名單; 首板,0.01333333333333342,0.08266666666666667,twse,1,False,True,1,official,
3518,柏騰,2026-08-07,locked,28.15,28.15,NA,daily_close_lock_only; no_orderbook_seal,新光台南,8564,0.0264185,True,none,Top1 新光台南 淨買0.03億; none; 追蹤名單; 首板,0.07104795737122549,0.00355239786856143,twse,1,False,True,1,official,
2308,台達電,2026-08-10,locked,1815.0,1815.0,NA,daily_close_lock_only; no_orderbook_seal,國票安和,779Z,7.64061625,True,momentum,Top1 國票安和 淨買7.64億; momentum; 追蹤名單; 首板,0.011019283746556363,-0.0055096418732781816,twse,1,False,True,1,official,
2377,微星,2026-08-12,locked,169.0,169.0,NA,daily_close_lock_only; no_orderbook_seal,凱基信義,9216,2.382125,True,momentum,Top1 凱基信義 淨買2.38億; momentum; 追蹤名單; 首板,0.01183431952662728,-0.00591715976331364,twse,1,False,True,1,official,
6221,晉泰,2026-08-12,locked,22.6,22.6,NA,daily_close_lock_only; no_orderbook_seal,凱基市政,9239,0.029832,True,none,Top1 凱基市政 淨買0.03億; none; 追蹤名單; 首板,0.019911504424778625,-0.019911504424778848,tpex,1,False,True,1,official,
6246,臺龍,2026-08-12,locked,13.35,13.35,NA,daily_close_lock_only; no_orderbook_seal,凱基市政,9239,0.005872,True,none,Top1 凱基市政 淨買0.01億; none; 追蹤名單; 首板,0.0037453183520599342,-0.03745318352059923,tpex,1,False,True,1,official,
8103,瀚荃,2026-08-20,locked,91.9,91.9,NA,daily_close_lock_only; no_orderbook_seal,凱基信義,9216,0.6332070000000001,True,none,Top1 凱基信義 淨買0.63億; none; 追蹤名單; 首板,-0.0043525571273123065,0.02285092491838947,twse,1,False,True,1,official,
2434,統懋,2026-06-30,locked,43.45,43.45,NA,daily_close_lock_only; no_orderbook_seal,凱基台北,9268,0.0427285,False,none,Top1 凱基台北 淨買0.04億; none; 非追蹤; 首板,0.024165707710011475,0.09896432681242806,twse,1,True,True,14,official,
8039,台虹,2026-06-30,locked,149.0,149.0,NA,daily_close_lock_only; no_orderbook_seal,凱基台北,9268,1.03882,False,momentum,Top1 凱基台北 淨買1.04億; momentum; 非追蹤; 首板,0.0,-0.023489932885906062,twse,1,True,True,14,official,
2434,統懋,2026-07-01,locked,47.75,47.75,NA,daily_close_lock_only; no_orderbook_seal,凱基新店,920V,0.014320225,False,none,Top1 凱基新店 淨買0.01億; none; 非追蹤; 2連板,0.01989528795811535,0.09947643979057585,twse,2,True,False,14,official,
2434,統懋,2026-07-02,locked,52.5,52.5,NA,daily_close_lock_only; no_orderbook_seal,凱基台北,9268,0.043151,False,none,Top1 凱基台北 淨買0.04億; none; 非追蹤; 3連板,0.03428571428571425,0.09904761904761905,twse,3,True,False,14,official,
2434,統懋,2026-07-03,locked,57.7,57.7,NA,daily_close_lock_only; no_orderbook_seal,元大鹿港,989S,0.027547,False,none,Top1 元大鹿港 淨買0.03億; none; 非追蹤; 4連板,-0.008665511265164683,-0.05892547660311964,twse,4,True,False,14,official,
2434,統懋,2026-07-08,locked,56.5,56.5,NA,daily_close_lock_only; no_orderbook_seal,台新宜蘭,9B2U,0.039439,False,none,Top1 台新宜蘭 淨買0.04億; none; 非追蹤; 首板,0.053097345132743445,0.09911504424778772,twse,1,True,True,14,official,
2434,統懋,2026-07-09,locked,62.1,62.1,NA,daily_close_lock_only; no_orderbook_seal,台新松德,9B2a,0.096411,False,none,Top1 台新松德 淨買0.10億; none; 非追蹤; 2連板,0.0998389694041868,0.0998389694041868,twse,2,True,False,14,official,
2434,統懋,2026-07-13,locked,68.3,68.3,NA,daily_close_lock_only; no_orderbook_seal,統一南京,585U,0.064195,False,none,Top1 統一南京 淨買0.06億; none; 非追蹤; 3連板,0.0907759882869692,0.09956076134699843,twse,3,True,False,14,official,
8039,台虹,2026-07-13,locked,169.0,169.0,NA,daily_close_lock_only; no_orderbook_seal,凱基城中,9227,3.22600213,False,dual,Top1 凱基城中 淨買3.23億; dual; 非追蹤; 2連板,0.023668639053254337,0.0976331360946745,twse,2,True,False,14,official,
2434,統懋,2026-07-14,locked,75.1,75.1,NA,daily_close_lock_only; no_orderbook_seal,華南麻豆,9308,0.073896,False,none,Top1 華南麻豆 淨買0.07億; none; 非追蹤; 4連板,0.09986684420772307,0.09986684420772307,twse,4,True,False,14,official,
8039,台虹,2026-07-14,locked,185.5,185.5,NA,daily_close_lock_only; no_orderbook_seal,凱基站前,920F,5.59155957,False,dual,Top1 凱基站前 淨買5.59億; dual; 非追蹤; 3連板,0.0026954177897573484,-0.021563342318059342,twse,3,True,False,14,official,
2434,統懋,2026-07-15,locked,82.6,82.6,NA,daily_close_lock_only; no_orderbook_seal,凱基敦北,9237,0.062776,False,none,Top1 凱基敦北 淨買0.06億; none; 非追蹤; 5連板,0.0,0.09927360774818417,twse,5,True,False,14,official,
2434,統懋,2026-07-16,locked,90.8,90.8,NA,daily_close_lock_only; no_orderbook_seal,永豐大園,9A98,0.03632,False,none,Top1 永豐大園 淨買0.04億; none; 非追蹤; 6連板,-0.025330396475770844,-0.09911894273127753,twse,6,True,False,14,official,
8039,台虹,2026-07-16,locked,199.5,199.5,NA,daily_close_lock_only; no_orderbook_seal,凱基城中,9227,2.00662101,False,dual,Top1 凱基城中 淨買2.01億; dual; 非追蹤; 首板,-0.027568922305764465,-0.03508771929824561,twse,1,True,True,14,official,
8039,台虹,2026-07-21,locked,212.0,212.0,NA,daily_close_lock_only; no_orderbook_seal,凱基城中,9227,1.072615,False,momentum,Top1 凱基城中 淨買1.07億; momentum; 非追蹤; 首板,0.06839622641509435,0.09905660377358494,twse,1,True,True,14,official,
8039,台虹,2026-07-22,locked,233.0,233.0,NA,daily_close_lock_only; no_orderbook_seal,台新西松,9B2n,1.58684455,False,momentum,Top1 台新西松 淨買1.59億; momentum; 非追蹤; 2連板,0.03862660944205998,0.09871244635193133,twse,2,True,False,14,official,
8039,台虹,2026-07-23,locked,256.0,256.0,NA,daily_close_lock_only; no_orderbook_seal,凱基城中,9227,3.87263,False,momentum,Top1 凱基城中 淨買3.87億; momentum; 非追蹤; 3連板,-0.017578125,-0.0625,twse,3,True,False,14,official,
8039,台虹,2026-07-31,locked,173.5,173.5,NA,daily_close_lock_only; no_orderbook_seal,凱基市府,920D,4.88878,False,momentum,Top1 凱基市府 淨買4.89億; momentum; 非追蹤; 首板,-0.01729106628242072,0.09798270893371752,twse,1,True,True,14,official,
8039,台虹,2026-08-03,locked,190.5,190.5,NA,daily_close_lock_only; no_orderbook_seal,凱基台北,9268,2.78125342,False,momentum,Top1 凱基台北 淨買2.78億; momentum; 非追蹤; 2連板,0.005249343832020914,0.04986876640419946,twse,2,True,False,14,official,
2434,統懋,2026-08-04,locked,54.7,54.7,NA,daily_close_lock_only; no_orderbook_seal,凱基永康,9278,0.017334,False,none,Top1 凱基永康 淨買0.02億; none; 非追蹤; 首板,0.0822669104204754,0.09872029250457026,twse,1,True,True,14,official,
2434,統懋,2026-08-05,locked,60.1,60.1,NA,daily_close_lock_only; no_orderbook_seal,凱基台北,9268,0.014198,False,none,Top1 凱基台北 淨買0.01億; none; 非追蹤; 2連板,0.028286189683860208,-0.053244592346089914,twse,2,True,False,14,official,
8039,台虹,2026-08-05,locked,220.0,220.0,NA,daily_close_lock_only; no_orderbook_seal,凱基台北,9268,0.6439028,False,momentum,Top1 凱基台北 淨買0.64億; momentum; 非追蹤; 首板,0.011363636363636465,-0.018181818181818188,twse,1,True,True,14,official,
8039,台虹,2026-08-07,locked,237.5,237.5,NA,daily_close_lock_only; no_orderbook_seal,元大台北,980h,3.0675055,False,momentum,Top1 元大台北 淨買3.07億; momentum; 非追蹤; 首板,0.05263157894736836,-0.04842105263157892,twse,1,True,True,14,official,
2434,統懋,2026-08-12,locked,53.9,53.9,NA,daily_close_lock_only; no_orderbook_seal,凱基台北,9268,0.037895,False,none,Top1 凱基台北 淨買0.04億; none; 非追蹤; 首板,0.038961038961039085,0.024118738404452778,twse,1,True,True,14,official,
8039,台虹,2026-08-13,locked,249.5,249.5,NA,daily_close_lock_only; no_orderbook_seal,兆豐南京,700P,1.38782256,False,momentum,Top1 兆豐南京 淨買1.39億; momentum; 非追蹤; 首板,0.04008016032064132,0.09218436873747504,twse,1,True,True,14,official,
2434,統懋,2026-08-24,locked,53.5,53.5,NA,daily_close_lock_only; no_orderbook_seal,凱基台北,9268,0.0656395,False,none,Top1 凱基台北 淨買0.07億; none; 非追蹤; 首板,0.013084112149532867,-0.024299065420560706,twse,1,True,True,14,official,
8039,台虹,2026-08-25,locked,291.5,291.5,NA,daily_close_lock_only; no_orderbook_seal,凱基台北,9268,1.921070925,False,momentum,Top1 凱基台北 淨買1.92億; momentum; 非追蹤; 首板,,,twse,1,True,True,14,official,missing_t1_return
5314,世紀*,2026-06-29,locked,60.8,60.8,NA,daily_close_lock_only; no_orderbook_seal,凱基台北,9268,0.56751303,False,none,Top1 凱基台北 淨買0.57億; none; 非追蹤; 首板,0.04440789473684226,0.09868421052631571,tpex,1,True,True,12,official,
5314,世紀*,2026-06-30,locked,66.8,66.8,NA,daily_close_lock_only; no_orderbook_seal,凱基站前,920F,0.27260598799999997,False,none,Top1 凱基站前 淨買0.27億; none; 非追蹤; 2連板,0.011976047904191489,0.0029940119760478723,tpex,2,True,False,12,official,
5314,世紀*,2026-07-31,locked,51.9,51.9,NA,daily_close_lock_only; no_orderbook_seal,兆豐中壢,700b,0.810240546,False,none,Top1 兆豐中壢 淨買0.81億; none; 非追蹤; 首板,0.013487475915221703,0.06165703275529877,tpex,1,True,True,12,official,
5314,世紀*,2026-08-14,locked,16.2,16.2,NA,daily_close_lock_only; no_orderbook_seal,凱基站前,920F,0.008748,False,none,Top1 凱基站前 淨買0.01億; none; 非追蹤; 首板,0.09876543209876543,0.09876543209876543,tpex,1,True,True,12,official,
5314,世紀*,2026-08-17,locked,17.8,17.8,NA,daily_close_lock_only; no_orderbook_seal,群益海山,9108,0.00356,False,none,Top1 群益海山 淨買0.00億; none; 非追蹤; 2連板,0.098314606741573,0.098314606741573,tpex,2,True,False,12,official,
5314,世紀*,2026-08-18,locked,19.55,19.55,NA,daily_close_lock_only; no_orderbook_seal,台新松德,9B2a,0.011339,False,none,Top1 台新松德 淨買0.01億; none; 非追蹤; 3連板,0.09974424552429673,0.09974424552429673,tpex,3,True,False,12,official,
5314,世紀*,2026-08-20,locked,23.65,23.65,NA,daily_close_lock_only; no_orderbook_seal,台新松德,9B2a,0.4429645,False,none,Top1 台新松德 淨買0.44億; none; 非追蹤; 5連板,0.09936575052854124,0.09936575052854124,tpex,5,True,False,12,official,
5314,世紀*,2026-08-21,locked,26.0,26.0,NA,daily_close_lock_only; no_orderbook_seal,凱基城中,9227,0.25999948,False,none,Top1 凱基城中 淨買0.26億; none; 非追蹤; 6連板,0.10000000000000009,0.10000000000000009,tpex,6,True,False,12,official,
5314,世紀*,2026-08-24,locked,28.6,28.6,NA,daily_close_lock_only; no_orderbook_seal,台新建北,9B18,0.145288,False,none,Top1 台新建北 淨買0.15億; none; 非追蹤; 7連板,0.09965034965034958,0.09965034965034958,tpex,7,True,False,12,official,
5314,世紀*,2026-08-25,locked,31.45,31.45,NA,daily_close_lock_only; no_orderbook_seal,元大台北,980h,0.157879,False,none,Top1 元大台北 淨買0.16億; none; 非追蹤; 8連板,,,tpex,8,True,False,12,official,missing_t1_return
6226,光鼎,2026-06-29,locked,20.05,20.05,NA,daily_close_lock_only; no_orderbook_seal,國泰館前,888A,0.1341535125,False,none,Top1 國泰館前 淨買0.13億; none; 非追蹤; 首板,0.09725685785536164,0.09975062344139651,twse,1,True,True,11,official,
6226,光鼎,2026-06-30,locked,22.05,22.05,NA,daily_close_lock_only; no_orderbook_seal,群益土城,913N,0.04686827050000001,False,none,Top1 群益土城 淨買0.05億; none; 非追蹤; 2連板,0.09977324263038545,0.09977324263038545,twse,2,True,False,11,official,
6226,光鼎,2026-07-01,locked,24.25,24.25,NA,daily_close_lock_only; no_orderbook_seal,凱基宜蘭,920M,0.048985,False,none,Top1 凱基宜蘭 淨買0.05億; none; 非追蹤; 3連板,0.09896907216494832,0.09896907216494832,twse,3,True,False,11,official,
6226,光鼎,2026-07-02,locked,26.65,26.65,NA,daily_close_lock_only; no_orderbook_seal,第一澎湖,5387,0.0167895,False,none,Top1 第一澎湖 淨買0.02億; none; 非追蹤; 4連板,0.08630393996247654,-0.09943714821763594,twse,4,True,False,11,official,
6225,天瀚,2026-07-03,locked,23.95,23.95,NA,daily_close_lock_only; no_orderbook_seal,凱基台南,9211,0.000479,False,none,Top1 凱基台南 淨買0.00億; none; 非追蹤; 首板,0.006263048016701633,-0.018789144050104345,twse,1,True,True,11,official,
3081,聯亞,2026-07-08,locked,2095.0,2095.0,NA,daily_close_lock_only; no_orderbook_seal,第一金證券,5380,0.5369485,False,none,Top1 第一金證券 淨買0.54億; none; 非追蹤; 首板,0.0,-0.042959427207637235,tpex,1,True,True,11,official,
6226,光鼎,2026-07-28,locked,20.5,20.5,NA,daily_close_lock_only; no_orderbook_seal,凱基台北,9268,0.123684,False,none,Top1 凱基台北 淨買0.12億; none; 非追蹤; 首板,0.051219512195122,0.10000000000000009,twse,1,True,True,11,official,
6226,光鼎,2026-07-29,locked,22.55,22.55,NA,daily_close_lock_only; no_orderbook_seal,凱基台北,9268,0.230828,False,none,Top1 凱基台北 淨買0.23億; none; 非追蹤; 2連板,0.0509977827050998,-0.09977827050997778,twse,2,True,False,11,official,
3081,聯亞,2026-07-31,locked,1630.0,1630.0,NA,daily_close_lock_only; no_orderbook_seal,元大崇德,981S,1.0104207,False,momentum,Top1 元大崇德 淨買1.01億; momentum; 非追蹤; 首板,0.07975460122699385,0.09815950920245409,tpex,1,True,True,11,official,
3081,聯亞,2026-08-03,locked,1790.0,1790.0,NA,daily_close_lock_only; no_orderbook_seal,凱基台北,9268,1.304784,False,momentum,Top1 凱基台北 淨買1.30億; momentum; 非追蹤; 2連板,0.0977653631284916,0.0977653631284916,tpex,2,True,False,11,official,
6226,光鼎,2026-08-03,locked,21.55,21.55,NA,daily_close_lock_only; no_orderbook_seal,凱基台北,9268,0.22180807100000002,False,none,Top1 凱基台北 淨買0.22億; none; 非追蹤; 首板,0.030162412993039345,0.02088167053364276,twse,1,True,True,11,official,
3081,聯亞,2026-08-06,locked,2375.0,2375.0,NA,daily_close_lock_only; no_orderbook_seal,凱基台北,9268,3.489863,False,momentum,Top1 凱基台北 淨買3.49億; momentum; 非追蹤; 5連板,0.0189473684210526,-0.02947368421052632,tpex,5,True,False,11,official,
6226,光鼎,2026-08-06,locked,22.85,22.85,NA,daily_close_lock_only; no_orderbook_seal,凱基台北,9268,0.1495542155,False,none,Top1 凱基台北 淨買0.15億; none; 非追蹤; 首板,-0.004376367614879695,-0.035010940919037226,twse,1,True,True,11,official,
6225,天瀚,2026-08-11,locked,30.45,30.45,NA,daily_close_lock_only; no_orderbook_seal,國泰敦南,8888,0.0155295,False,none,Top1 國泰敦南 淨買0.02億; none; 非追蹤; 首板,0.09852216748768483,0.09852216748768483,twse,1,True,True,11,official,
3081,聯亞,2026-08-12,locked,2725.0,2725.0,NA,daily_close_lock_only; no_orderbook_seal,元大台北,980h,0.5189463,False,momentum,Top1 元大台北 淨買0.52億; momentum; 非追蹤; 首板,0.04220183486238538,-0.022018348623853212,tpex,1,True,True,11,official,
6225,天瀚,2026-08-12,locked,33.45,33.45,NA,daily_close_lock_only; no_orderbook_seal,新光高雄,8562,0.0046830000000000005,False,none,Top1 新光高雄 淨買0.00億; none; 非追蹤; 2連板,0.09865470852017921,0.09865470852017921,twse,2,True,False,11,official,
6225,天瀚,2026-08-13,locked,36.75,36.75,NA,daily_close_lock_only; no_orderbook_seal,國泰敦南,8888,0.001833825,False,none,Top1 國泰敦南 淨買0.00億; none; 非追蹤; 3連板,0.0993197278911564,0.0993197278911564,twse,3,True,False,11,official,
6225,天瀚,2026-08-14,locked,40.4,40.4,NA,daily_close_lock_only; no_orderbook_seal,第一華江,538W,0.031108,False,none,Top1 第一華江 淨買0.03億; none; 非追蹤; 4連板,0.0990099009900991,0.0990099009900991,twse,4,True,False,11,official,
3081,聯亞,2026-08-17,locked,2790.0,2790.0,NA,daily_close_lock_only; no_orderbook_seal,奔亞,6010,0.6712195,False,momentum,Top1 奔亞 淨買0.67億; momentum; 非追蹤; 首板,0.021505376344086002,0.048387096774193505,tpex,1,True,True,11,official,
6225,天瀚,2026-08-17,locked,44.4,44.4,NA,daily_close_lock_only; no_orderbook_seal,第一華江,538W,0.011988,False,none,Top1 第一華江 淨買0.01億; none; 非追蹤; 5連板,0.09909909909909898,0.09909909909909898,twse,5,True,False,11,official,
6225,天瀚,2026-08-18,locked,48.8,48.8,NA,daily_close_lock_only; no_orderbook_seal,第一華江,538W,0.066368,False,none,Top1 第一華江 淨買0.07億; none; 非追蹤; 6連板,0.09836065573770503,0.09836065573770503,twse,6,True,False,11,official,
6226,光鼎,2026-08-18,locked,21.1,21.1,NA,daily_close_lock_only; no_orderbook_seal,凱基台北,9268,0.2030535,False,none,Top1 凱基台北 淨買0.20億; none; 非追蹤; 首板,0.0,0.009478672985781866,twse,1,True,True,11,official,
6225,天瀚,2026-08-19,locked,53.6,53.6,NA,daily_close_lock_only; no_orderbook_seal,元大新莊,9898,0.05269,False,none,Top1 元大新莊 淨買0.05億; none; 非追蹤; 7連板,0.09328358208955234,0.09888059701492535,twse,7,True,False,11,official,
6225,天瀚,2026-08-20,locked,58.9,58.9,NA,daily_close_lock_only; no_orderbook_seal,永豐古亭,9A9d,0.021793,False,none,Top1 永豐古亭 淨買0.02億; none; 非追蹤; 8連板,0.09847198641765709,0.09847198641765709,twse,8,True,False,11,official,
6225,天瀚,2026-08-21,locked,64.7,64.7,NA,daily_close_lock_only; no_orderbook_seal,永豐古亭,9A9d,0.029762,False,none,Top1 永豐古亭 淨買0.03億; none; 非追蹤; 9連板,0.09891808346213282,0.09891808346213282,twse,9,True,False,11,official,
6225,天瀚,2026-08-24,locked,71.1,71.1,NA,daily_close_lock_only; no_orderbook_seal,華南虎尾,9377,0.03128399999999999,False,none,Top1 華南虎尾 淨買0.03億; none; 非追蹤; 10連板,0.09985935302391002,-0.07032348804500699,twse,10,True,False,11,official,
6226,光鼎,2026-08-24,locked,23.3,23.3,NA,daily_close_lock_only; no_orderbook_seal,凱基城中,9227,0.611378925,False,none,Top1 凱基城中 淨買0.61億; none; 非追蹤; 首板,0.0021459227467810482,0.09871244635193133,twse,1,True,True,11,official,
6226,光鼎,2026-08-25,locked,25.6,25.6,NA,daily_close_lock_only; no_orderbook_seal,凱基台北,9268,0.749346275,False,none,Top1 凱基台北 淨買0.75億; none; 非追蹤; 2連板,,,twse,2,True,False,11,official,missing_t1_return
6617,共信-KY,2026-06-30,locked,69.7,69.7,NA,daily_close_lock_only; no_orderbook_seal,凱基台北,9268,0.083832,False,none,Top1 凱基台北 淨買0.08億; none; 非追蹤; 首板,0.050215208034433356,0.09899569583931123,tpex,1,True,True,10,official,
6182,合晶,2026-07-01,locked,135.0,135.0,NA,daily_close_lock_only; no_orderbook_seal,凱基台北,9268,2.02417785,False,momentum,Top1 凱基台北 淨買2.02億; momentum; 非追蹤; 2連板,0.0037037037037037646,0.10000000000000009,tpex,2,True,False,10,official,
6617,共信-KY,2026-07-01,locked,76.6,76.6,NA,daily_close_lock_only; no_orderbook_seal,凱基台北,9268,0.063556,False,none,Top1 凱基台北 淨買0.06億; none; 非追蹤; 2連板,0.050913838120104415,0.09921671018276768,tpex,2,True,False,10,official,
6182,合晶,2026-07-02,locked,148.5,148.5,NA,daily_close_lock_only; no_orderbook_seal,凱基民權,921C,3.283251025,False,momentum,Top1 凱基民權 淨買3.28億; momentum; 非追蹤; 3連板,0.030303030303030276,0.09764309764309775,tpex,3,True,False,10,official,
6617,共信-KY,2026-07-02,locked,84.2,84.2,NA,daily_close_lock_only; no_orderbook_seal,凱基台北,9268,0.117578,False,none,Top1 凱基台北 淨買0.12億; none; 非追蹤; 3連板,0.09976247030878849,0.09976247030878849,tpex,3,True,False,10,official,
6182,合晶,2026-07-03,locked,163.0,163.0,NA,daily_close_lock_only; no_orderbook_seal,元大嘉義,989g,3.488508175,False,momentum,Top1 元大嘉義 淨買3.49億; momentum; 非追蹤; 4連板,0.033742331288343586,-0.042944785276073594,tpex,4,True,False,10,official,
6617,共信-KY,2026-07-03,locked,92.6,92.6,NA,daily_close_lock_only; no_orderbook_seal,永豐金板新,9A9J,0.065746,False,none,Top1 永豐金板新 淨買0.07億; none; 非追蹤; 4連板,0.09611231101511897,0.09611231101511897,tpex,4,True,False,10,official,
6617,共信-KY,2026-07-06,locked,101.5,101.5,NA,daily_close_lock_only; no_orderbook_seal,凱基台北,9268,0.07308,False,none,Top1 凱基台北 淨買0.07億; none; 非追蹤; 5連板,0.09852216748768483,0.09852216748768483,tpex,5,True,False,10,official,
6617,共信-KY,2026-07-07,locked,111.5,111.5,NA,daily_close_lock_only; no_orderbook_seal,凱基鳳山,9274,0.076935,False,none,Top1 凱基鳳山 淨買0.08億; none; 非追蹤; 6連板,-0.017937219730941756,0.053811659192825045,tpex,6,True,False,10,official,
6182,合晶,2026-07-13,locked,189.5,189.5,NA,daily_close_lock_only; no_orderbook_seal,凱基台北,9268,4.364538955,False,momentum,Top1 凱基台北 淨買4.36億; momentum; 非追蹤; 首板,-0.0237467018469657,-0.0158311345646438,tpex,1,True,True,10,official,
8291,尚茂,2026-07-16,locked,27.35,27.35,NA,daily_close_lock_only; no_orderbook_seal,新光台中,8561,0.002735,False,none,Top1 新光台中 淨買0.00億; none; 非追蹤; 首板,0.09872029250457026,0.09872029250457026,tpex,1,True,True,10,official,
8291,尚茂,2026-07-17,locked,30.05,30.05,NA,daily_close_lock_only; no_orderbook_seal,元大土城學,9822,0.001202,False,none,Top1 元大土城學 淨買0.00億; none; 非追蹤; 2連板,0.09983361064891838,0.09983361064891838,tpex,2,True,False,10,official,
8291,尚茂,2026-07-20,locked,33.05,33.05,NA,daily_close_lock_only; no_orderbook_seal,元大台中港,989B,0.003965999999999999,False,none,Top1 元大台中港 淨買0.00億; none; 非追蹤; 3連板,0.09984871406959162,0.09984871406959162,tpex,3,True,False,10,official,
8291,尚茂,2026-07-21,locked,36.35,36.35,NA,daily_close_lock_only; no_orderbook_seal,元大土城學,9822,0.0025445,False,none,Top1 元大土城學 淨買0.00億; none; 非追蹤; 4連板,0.09903713892709765,0.09903713892709765,tpex,4,True,False,10,official,
8291,尚茂,2026-07-22,locked,39.95,39.95,NA,daily_close_lock_only; no_orderbook_seal,元大台中港,989B,0.007191,False,none,Top1 元大台中港 淨買0.01億; none; 非追蹤; 5連板,0.09887359198998746,0.09887359198998746,tpex,5,True,False,10,official,
8291,尚茂,2026-07-23,locked,43.9,43.9,NA,daily_close_lock_only; no_orderbook_seal,富邦高雄,9659,0.013609,False,none,Top1 富邦高雄 淨買0.01億; none; 非追蹤; 6連板,0.09908883826879267,-0.08997722095671967,tpex,6,True,False,10,official,
8291,尚茂,2026-07-27,locked,43.9,43.9,NA,daily_close_lock_only; no_orderbook_seal,永豐金板新,9A9J,0.0043885,False,none,Top1 永豐金板新 淨買0.00億; none; 非追蹤; 首板,0.09908883826879267,0.002277904328018332,tpex,1,True,True,10,official,
6182,合晶,2026-08-04,locked,96.9,96.9,NA,daily_close_lock_only; no_orderbook_seal,元大館前,984K,1.374773,False,momentum,Top1 元大館前 淨買1.37億; momentum; 非追蹤; 首板,0.0835913312693497,0.0732714138286894,tpex,1,True,True,10,official,
8291,尚茂,2026-08-05,locked,37.3,37.3,NA,daily_close_lock_only; no_orderbook_seal,永豐金羅東,9A9A,0.003691,False,none,Top1 永豐金羅東 淨買0.00億; none; 非追蹤; 首板,0.00536193029490617,0.09919571045576414,tpex,1,True,True,10,official,
6617,共信-KY,2026-08-06,locked,87.6,87.6,NA,daily_close_lock_only; no_orderbook_seal,凱基台北,9268,0.064749,False,none,Top1 凱基台北 淨買0.06億; none; 非追蹤; 首板,0.011415525114155223,0.09931506849315075,tpex,1,True,True,10,official,
8291,尚茂,2026-08-06,locked,41.0,41.0,NA,daily_close_lock_only; no_orderbook_seal,元大大雅,983i,0.0041,False,none,Top1 元大大雅 淨買0.00億; none; 非追蹤; 2連板,0.0,0.0,tpex,2,True,False,10,official,
6617,共信-KY,2026-08-07,locked,96.3,96.3,NA,daily_close_lock_only; no_orderbook_seal,富邦員林,9672,0.20199342,False,none,Top1 富邦員林 淨買0.20億; none; 非追蹤; 2連板,0.03219106957424733,0.0955347871235721,tpex,2,True,False,10,official,
6617,共信-KY,2026-08-10,locked,105.5,105.5,NA,daily_close_lock_only; no_orderbook_seal,凱基台北,9268,0.164378,False,none,Top1 凱基台北 淨買0.16億; none; 非追蹤; 3連板,0.0,-0.028436018957345932,tpex,3,True,False,10,official,
6182,合晶,2026-08-12,locked,103.0,103.0,NA,daily_close_lock_only; no_orderbook_seal,凱基城中,9227,0.74792784,False,momentum,Top1 凱基城中 淨買0.75億; momentum; 非追蹤; 首板,0.043689320388349495,0.09708737864077666,tpex,1,True,True,10,official,
6182,合晶,2026-08-13,locked,113.0,113.0,NA,daily_close_lock_only; no_orderbook_seal,元大土城永,9875,1.3956089,False,momentum,Top1 元大土城永 淨買1.40億; momentum; 非追蹤; 2連板,0.030973451327433565,-0.013274336283185861,tpex,2,True,False,10,official,
6182,合晶,2026-08-17,locked,122.5,122.5,NA,daily_close_lock_only; no_orderbook_seal,凱基城中,9227,3.658909625,False,momentum,Top1 凱基城中 淨買3.66億; momentum; 非追蹤; 首板,-0.004081632653061273,-0.020408163265306145,tpex,1,True,True,10,official,
8291,尚茂,2026-08-21,locked,34.95,34.95,NA,daily_close_lock_only; no_orderbook_seal,永豐金羅東,9A9A,0.0034705,False,none,Top1 永豐金羅東 淨買0.00億; none; 非追蹤; 首板,0.06723891273247484,-0.05007153075822601,tpex,1,True,True,10,official,
1435,中福,2026-06-29,locked,24.9,24.9,NA,daily_close_lock_only; no_orderbook_seal,台新屏東,9B1n,0.001463,False,none,Top1 台新屏東 淨買0.00億; none; 非追蹤; 首板,0.08032128514056236,0.09839357429718887,twse,1,True,True,9,official,
3055,蔚華科,2026-06-29,locked,105.5,105.5,NA,daily_close_lock_only; no_orderbook_seal,凱基台北,9268,0.053046,False,none,Top1 凱基台北 淨買0.05億; none; 非追蹤; 首板,0.09952606635071093,0.09952606635071093,twse,1,True,True,9,official,
7714,創泓科技,2026-06-29,locked,138.0,138.0,NA,daily_close_lock_only; no_orderbook_seal,凱基站前,920F,0.115752,False,none,Top1 凱基站前 淨買0.12億; none; 非追蹤; 2連板,0.09782608695652173,0.09782608695652173,tpex,2,True,False,9,official,
8033,雷虎,2026-06-29,locked,154.5,154.5,NA,daily_close_lock_only; no_orderbook_seal,凱基城中,9227,0.770898455,False,none,Top1 凱基城中 淨買0.77億; none; 非追蹤; 首板,0.009708737864077666,0.09708737864077666,twse,1,True,True,9,official,
1435,中福,2026-06-30,locked,27.35,27.35,NA,daily_close_lock_only; no_orderbook_seal,聯邦興中,8587,0.004896,False,none,Top1 聯邦興中 淨買0.00億; none; 非追蹤; 2連板,0.09872029250457026,0.09872029250457026,twse,2,True,False,9,official,
3055,蔚華科,2026-06-30,locked,116.0,116.0,NA,daily_close_lock_only; no_orderbook_seal,中國信託,6160,0.249052,False,none,Top1 中國信託 淨買0.25億; none; 非追蹤; 2連板,0.09913793103448265,0.09913793103448265,twse,2,True,False,9,official,
4991,環宇-KY,2026-06-30,locked,530.0,530.0,NA,daily_close_lock_only; no_orderbook_seal,群益永和,918J,0.0792,False,none,Top1 群益永和 淨買0.08億; none; 非追蹤; 首板,0.0037735849056603765,0.02452830188679256,tpex,1,True,True,9,official,
6173,信昌電,2026-06-30,locked,310.5,310.5,NA,daily_close_lock_only; no_orderbook_seal,元大館前,984K,1.551265525,False,momentum,Top1 元大館前 淨買1.55億; momentum; 非追蹤; 首板,0.07729468599033806,0.0998389694041868,tpex,1,True,True,9,official,
7714,創泓科技,2026-06-30,locked,151.5,151.5,NA,daily_close_lock_only; no_orderbook_seal,台新松德,9B2a,0.101505,False,none,Top1 台新松德 淨買0.10億; none; 非追蹤; 3連板,0.00990099009900991,-0.0363036303630363,tpex,3,True,False,9,official,
8033,雷虎,2026-06-30,locked,169.5,169.5,NA,daily_close_lock_only; no_orderbook_seal,凱基城中,9227,5.89395507,False,momentum,Top1 凱基城中 淨買5.89億; momentum; 非追蹤; 2連板,0.04424778761061954,0.09734513274336276,twse,2,True,False,9,official,
1435,中福,2026-07-01,locked,30.05,30.05,NA,daily_close_lock_only; no_orderbook_seal,台新左楠,9B1d,0.009014699499999999,False,none,Top1 台新左楠 淨買0.01億; none; 非追蹤; 3連板,0.07986688851913493,0.09983361064891838,twse,3,True,False,9,official,
3055,蔚華科,2026-07-01,locked,127.5,127.5,NA,daily_close_lock_only; no_orderbook_seal,凱基台北,9268,0.82886,False,none,Top1 凱基台北 淨買0.83億; none; 非追蹤; 3連板,0.0117647058823529,0.0980392156862746,twse,3,True,False,9,official,
3532,台勝科,2026-07-01,locked,400.0,400.0,NA,daily_close_lock_only; no_orderbook_seal,台新證券,9B00,0.38632,False,none,Top1 台新證券 淨買0.39億; none; 非追蹤; 2連板,-0.0024999999999999467,0.01750000000000007,twse,2,True,False,9,official,
6173,信昌電,2026-07-01,locked,341.5,341.5,NA,daily_close_lock_only; no_orderbook_seal,元大館前,984K,0.84880783,False,momentum,Top1 元大館前 淨買0.85億; momentum; 非追蹤; 2連板,-0.03367496339677889,-0.06588579795021965,tpex,2,True,False,9,official,
8033,雷虎,2026-07-01,locked,186.0,186.0,NA,daily_close_lock_only; no_orderbook_seal,凱基台北,9268,0.565544315,False,momentum,Top1 凱基台北 淨買0.57億; momentum; 非追蹤; 3連板,-0.0026881720430107503,0.0,twse,3,True,False,9,official,
1435,中福,2026-07-02,locked,33.05,33.05,NA,daily_close_lock_only; no_orderbook_seal,第一台南,5384,0.0023015,False,none,Top1 第一台南 淨買0.00億; none; 非追蹤; 4連板,-0.0998487140695915,-0.0998487140695915,twse,4,True,False,9,official,
3055,蔚華科,2026-07-02,locked,140.0,140.0,NA,daily_close_lock_only; no_orderbook_seal,凱基城中,9227,1.1755538,False,momentum,Top1 凱基城中 淨買1.18億; momentum; 非追蹤; 4連板,0.014285714285714235,0.08928571428571419,twse,4,True,False,9,official,
6907,雅特力-KY,2026-07-02,locked,155.0,155.0,NA,daily_close_lock_only; no_orderbook_seal,凱基台北,9268,0.384895,False,none,Top1 凱基台北 淨買0.38億; none; 非追蹤; 首板,0.06774193548387086,0.10000000000000009,tpex,1,True,True,9,official,
4991,環宇-KY,2026-07-03,locked,578.0,578.0,NA,daily_close_lock_only; no_orderbook_seal,凱基城中,9227,1.73926,False,momentum,Top1 凱基城中 淨買1.74億; momentum; 非追蹤; 首板,0.0,-0.09861591695501726,tpex,1,True,True,9,official,
6173,信昌電,2026-07-03,locked,350.5,350.5,NA,daily_close_lock_only; no_orderbook_seal,凱基站前,920F,2.844386045,False,momentum,Top1 凱基站前 淨買2.84億; momentum; 非追蹤; 首板,0.022824536376604865,-0.09985734664764623,tpex,1,True,True,9,official,
6907,雅特力-KY,2026-07-03,locked,170.5,170.5,NA,daily_close_lock_only; no_orderbook_seal,富邦南京,961C,0.37846,False,none,Top1 富邦南京 淨買0.38億; none; 非追蹤; 2連板,0.0,0.0997067448680351,tpex,2,True,False,9,official,
8033,雷虎,2026-07-03,locked,204.5,204.5,NA,daily_close_lock_only; no_orderbook_seal,凱基台北,9268,0.6087165,False,momentum,Top1 凱基台北 淨買0.61億; momentum; 非追蹤; 首板,0.06112469437652801,0.08557457212713926,twse,1,True,True,9,official,
6727,亞泰金屬,2026-07-06,locked,489.5,489.5,NA,daily_close_lock_only; no_orderbook_seal,富邦南京,961C,0.7285,False,none,Top1 富邦南京 淨買0.73億; none; 非追蹤; 首板,0.039836567926455624,0.011235955056179803,tpex,1,True,True,9,official,
6907,雅特力-KY,2026-07-06,locked,187.5,187.5,NA,daily_close_lock_only; no_orderbook_seal,凱基台北,9268,0.144335935,False,none,Top1 凱基台北 淨買0.14億; none; 非追蹤; 3連板,0.01333333333333342,-0.08266666666666667,tpex,3,True,False,9,official,
6727,亞泰金屬,2026-07-08,locked,544.0,544.0,NA,daily_close_lock_only; no_orderbook_seal,凱基台北,9268,2.74369102,False,momentum,Top1 凱基台北 淨買2.74億; momentum; 非追蹤; 首板,0.012867647058823595,-0.049632352941176516,tpex,1,True,True,9,official,
6907,雅特力-KY,2026-07-08,locked,189.0,189.0,NA,daily_close_lock_only; no_orderbook_seal,富邦南京,961C,0.472525,False,none,Top1 富邦南京 淨買0.47億; none; 非追蹤; 首板,0.03439153439153442,0.031746031746031855,tpex,1,True,True,9,official,
7714,創泓科技,2026-07-08,locked,157.0,157.0,NA,daily_close_lock_only; no_orderbook_seal,台新建北,9B18,0.0936,False,none,Top1 台新建北 淨買0.09億; none; 非追蹤; 首板,0.09872611464968162,0.09872611464968162,tpex,1,True,True,9,official,
7714,創泓科技,2026-07-09,locked,172.5,172.5,NA,daily_close_lock_only; no_orderbook_seal,台新松德,9B2a,0.45195,False,none,Top1 台新松德 淨買0.45億; none; 非追蹤; 2連板,0.04637681159420293,0.06956521739130439,tpex,2,True,False,9,official,
8033,雷虎,2026-07-13,locked,249.5,249.5,NA,daily_close_lock_only; no_orderbook_seal,富邦南屯,9666,0.182596145,False,momentum,Top1 富邦南屯 淨買0.18億; momentum; 非追蹤; 首板,0.02605210420841675,0.05811623246492981,twse,1,True,True,9,official,
6907,雅特力-KY,2026-07-14,locked,211.5,211.5,NA,daily_close_lock_only; no_orderbook_seal,台企銀桃園,111E,1.18819,False,momentum,Top1 台企銀桃園 淨買1.19億; momentum; 非追蹤; 首板,0.049645390070921946,0.09929078014184389,tpex,1,True,True,9,official,
3055,蔚華科,2026-07-15,locked,193.0,193.0,NA,daily_close_lock_only; no_orderbook_seal,群益市府,910D,0.095728,False,none,Top1 群益市府 淨買0.10億; none; 非追蹤; 首板,0.010362694300518172,-0.06735751295336789,twse,1,True,True,9,official,
6907,雅特力-KY,2026-07-15,locked,232.5,232.5,NA,daily_close_lock_only; no_orderbook_seal,凱基台北,9268,0.422635,False,momentum,Top1 凱基台北 淨買0.42億; momentum; 非追蹤; 2連板,0.01505376344086029,0.027956989247311936,tpex,2,True,False,9,official,
3532,台勝科,2026-07-20,locked,466.0,466.0,NA,daily_close_lock_only; no_orderbook_seal,?亞,6010,0.5323,False,momentum,Top1 ?亞 淨買0.53億; momentum; 非追蹤; 首板,0.008583690987124415,-0.06974248927038629,twse,1,True,True,9,official,
4991,環宇-KY,2026-07-21,locked,382.5,382.5,NA,daily_close_lock_only; no_orderbook_seal,統一敦南,5852,0.42794,False,none,Top1 統一敦南 淨買0.43億; none; 非追蹤; 首板,0.05882352941176472,0.09934640522875826,tpex,1,True,True,9,official,
7714,創泓科技,2026-07-21,locked,201.0,201.0,NA,daily_close_lock_only; no_orderbook_seal,統一板橋,585P,0.0703098,False,none,Top1 統一板橋 淨買0.07億; none; 非追蹤; 首板,0.027363184079602032,-0.08457711442786064,tpex,1,True,True,9,official,
4991,環宇-KY,2026-07-22,locked,420.5,420.5,NA,daily_close_lock_only; no_orderbook_seal,凱基台北,9268,1.7635259,False,momentum,Top1 凱基台北 淨買1.76億; momentum; 非追蹤; 2連板,0.034482758620689724,0.03686087990487508,tpex,2,True,False,9,official,
6727,亞泰金屬,2026-07-22,locked,365.5,365.5,NA,daily_close_lock_only; no_orderbook_seal,凱基台北,9268,0.17265389,False,none,Top1 凱基台北 淨買0.17億; none; 非追蹤; 首板,0.039671682626539084,0.025991792065663377,tpex,1,True,True,9,official,
1435,中福,2026-07-23,locked,21.1,21.1,NA,daily_close_lock_only; no_orderbook_seal,華南虎尾,9377,0.001409,False,none,Top1 華南虎尾 淨買0.00億; none; 非追蹤; 首板,0.04265402843601884,0.0995260663507107,twse,1,True,True,9,official,
1435,中福,2026-07-24,locked,23.2,23.2,NA,daily_close_lock_only; no_orderbook_seal,凱基高美,9215,0.00232,False,none,Top1 凱基高美 淨買0.00億; none; 非追蹤; 2連板,0.09913793103448287,0.09913793103448287,twse,2,True,False,9,official,
1435,中福,2026-07-27,locked,25.5,25.5,NA,daily_close_lock_only; no_orderbook_seal,凱基台北,9268,0.000765,False,none,Top1 凱基台北 淨買0.00億; none; 非追蹤; 3連板,0.03921568627450989,-0.07843137254901966,twse,3,True,False,9,official,
4991,環宇-KY,2026-07-31,locked,353.0,353.0,NA,daily_close_lock_only; no_orderbook_seal,元大鹿港,989S,0.14826,False,momentum,Top1 元大鹿港 淨買0.15億; momentum; 非追蹤; 首板,0.04249291784702547,0.09915014164305958,tpex,1,True,True,9,official,
6173,信昌電,2026-07-31,locked,145.5,145.5,NA,daily_close_lock_only; no_orderbook_seal,富邦新竹,9647,0.112185,False,none,Top1 富邦新竹 淨買0.11億; none; 非追蹤; 首板,0.0,0.09965635738831624,tpex,1,True,True,9,official,
6727,亞泰金屬,2026-07-31,locked,306.0,306.0,NA,daily_close_lock_only; no_orderbook_seal,新光,8560,0.2968812,False,none,Top1 新光 淨買0.30億; none; 非追蹤; 首板,0.06209150326797386,0.09967320261437917,tpex,1,True,True,9,official,
6907,雅特力-KY,2026-07-31,locked,165.0,165.0,NA,daily_close_lock_only; no_orderbook_seal,凱基屏東,922C,0.06578,False,momentum,Top1 凱基屏東 淨買0.07億; momentum; 非追蹤; 首板,-0.0060606060606061,0.06666666666666665,tpex,1,True,True,9,official,
7714,創泓科技,2026-07-31,locked,137.5,137.5,NA,daily_close_lock_only; no_orderbook_seal,元大竹科,980K,0.03297,False,none,Top1 元大竹科 淨買0.03億; none; 非追蹤; 首板,-0.0036363636363636598,0.025454545454545396,tpex,1,True,True,9,official,
8033,雷虎,2026-07-31,locked,165.0,165.0,NA,daily_close_lock_only; no_orderbook_seal,新光,8560,0.0693758,False,none,Top1 新光 淨買0.07億; none; 非追蹤; 首板,0.027272727272727337,0.045454545454545414,twse,1,True,True,9,official,
1435,中福,2026-08-03,locked,24.4,24.4,NA,daily_close_lock_only; no_orderbook_seal,凱基高美,9215,0.001952,False,none,Top1 凱基高美 淨買0.00億; none; 非追蹤; 首板,-0.02868852459016391,-0.012295081967212962,twse,1,True,True,9,official,
4991,環宇-KY,2026-08-03,locked,388.0,388.0,NA,daily_close_lock_only; no_orderbook_seal,凱基台北,9268,0.10059,False,momentum,Top1 凱基台北 淨買0.10億; momentum; 非追蹤; 2連板,0.08247422680412364,0.09922680412371143,tpex,2,True,False,9,official,
6173,信昌電,2026-08-03,locked,160.0,160.0,NA,daily_close_lock_only; no_orderbook_seal,永豐金萬盛,9A92,0.29757575,False,none,Top1 永豐金萬盛 淨買0.30億; none; 非追蹤; 2連板,-0.021874999999999978,0.028124999999999956,tpex,2,True,False,9,official,
6727,亞泰金屬,2026-08-03,locked,336.5,336.5,NA,daily_close_lock_only; no_orderbook_seal,中國信託證,6160,0.057059295,False,none,Top1 中國信託證 淨買0.06億; none; 非追蹤; 2連板,0.0,0.09955423476968805,tpex,2,True,False,9,official,
3055,蔚華科,2026-08-04,locked,102.0,102.0,NA,daily_close_lock_only; no_orderbook_seal,群益館前,913Y,0.03060097,False,none,Top1 群益館前 淨買0.03億; none; 非追蹤; 首板,0.05882352941176472,0.0980392156862746,twse,1,True,True,9,official,
3532,台勝科,2026-08-04,locked,291.5,291.5,NA,daily_close_lock_only; no_orderbook_seal,國票新莊,779G,0.0452651,False,momentum,Top1 國票新莊 淨買0.05億; momentum; 非追蹤; 首板,0.06346483704974282,0.08576329331046306,twse,1,True,True,9,official,
4991,環宇-KY,2026-08-04,locked,426.5,426.5,NA,daily_close_lock_only; no_orderbook_seal,永昌忠孝,9325,0.21325,False,momentum,Top1 永昌忠孝 淨買0.21億; momentum; 非追蹤; 3連板,0.09964830011723325,0.09964830011723325,tpex,3,True,False,9,official,
6727,亞泰金屬,2026-08-04,locked,370.0,370.0,NA,daily_close_lock_only; no_orderbook_seal,群益市府,910D,0.066415,False,none,Top1 群益市府 淨買0.07億; none; 非追蹤; 3連板,0.055405405405405395,0.10000000000000009,tpex,3,True,False,9,official,
7714,創泓科技,2026-08-04,locked,155.0,155.0,NA,daily_close_lock_only; no_orderbook_seal,凱基台北,9268,0.03442,False,none,Top1 凱基台北 淨買0.03億; none; 非追蹤; 首板,0.0741935483870968,0.019354838709677358,tpex,1,True,True,9,official,
3055,蔚華科,2026-08-05,locked,112.0,112.0,NA,daily_close_lock_only; no_orderbook_seal,富邦員林,9672,0.08352,False,none,Top1 富邦員林 淨買0.08億; none; 非追蹤; 2連板,-0.0267857142857143,-0.013392857142857095,twse,2,True,False,9,official,
4991,環宇-KY,2026-08-05,locked,469.0,469.0,NA,daily_close_lock_only; no_orderbook_seal,元大土城永,9875,0.78320982,False,momentum,Top1 元大土城永 淨買0.78億; momentum; 非追蹤; 4連板,-0.09914712153518124,-0.05756929637526653,tpex,4,True,False,9,official,
6727,亞泰金屬,2026-08-05,locked,407.0,407.0,NA,daily_close_lock_only; no_orderbook_seal,凱基城中,9227,0.42238093,False,none,Top1 凱基城中 淨買0.42億; none; 非追蹤; 4連板,0.09090909090909083,-0.017199017199017175,tpex,4,True,False,9,official,
6907,雅特力-KY,2026-08-06,locked,195.0,195.0,NA,daily_close_lock_only; no_orderbook_seal,凱基台北,9268,0.5525475,False,momentum,Top1 凱基台北 淨買0.55億; momentum; 非追蹤; 首板,0.05128205128205132,-0.03076923076923077,tpex,1,True,True,9,official,
1435,中福,2026-08-07,locked,23.3,23.3,NA,daily_close_lock_only; no_orderbook_seal,元大中壢,9834,0.003029,False,none,Top1 元大中壢 淨買0.00億; none; 非追蹤; 首板,-0.006437768240343478,0.05793991416309008,twse,1,True,True,9,official,
3055,蔚華科,2026-08-10,locked,113.5,113.5,NA,daily_close_lock_only; no_orderbook_seal,台新信義,9B2H,0.06766,False,none,Top1 台新信義 淨買0.07億; none; 非追蹤; 首板,0.05726872246696035,-0.06167400881057272,twse,1,True,True,9,official,
4991,環宇-KY,2026-08-10,locked,511.0,511.0,NA,daily_close_lock_only; no_orderbook_seal,凱基台北,9268,0.29485449,False,momentum,Top1 凱基台北 淨買0.29億; momentum; 非追蹤; 首板,-0.03913894324853229,-0.05870841487279843,tpex,1,True,True,9,official,
6173,信昌電,2026-08-11,locked,185.0,185.0,NA,daily_close_lock_only; no_orderbook_seal,元大館前,984K,3.28864545,False,momentum,Top1 元大館前 淨買3.29億; momentum; 非追蹤; 首板,0.008108108108108025,0.10000000000000009,tpex,1,True,True,9,official,
8033,雷虎,2026-08-11,locked,189.0,189.0,NA,daily_close_lock_only; no_orderbook_seal,凱基城中,9227,0.29723143,False,none,Top1 凱基城中 淨買0.30億; none; 非追蹤; 首板,-0.021164021164021163,-0.08465608465608465,twse,1,True,True,9,official,
3055,蔚華科,2026-08-12,locked,117.0,117.0,NA,daily_close_lock_only; no_orderbook_seal,群益館前,913Y,0.05463597,False,none,Top1 群益館前 淨買0.05億; none; 非追蹤; 首板,0.017094017094017033,0.012820512820512775,twse,1,True,True,9,official,
3532,台勝科,2026-08-12,locked,312.0,312.0,NA,daily_close_lock_only; no_orderbook_seal,元大天母,981I,0.451104,False,none,Top1 元大天母 淨買0.45億; none; 非追蹤; 首板,0.07211538461538458,0.09935897435897445,twse,1,True,True,9,official,
6173,信昌電,2026-08-12,locked,203.5,203.5,NA,daily_close_lock_only; no_orderbook_seal,元大館前,984K,1.681320455,False,momentum,Top1 元大館前 淨買1.68億; momentum; 非追蹤; 2連板,0.019656019656019597,0.0982800982800982,tpex,2,True,False,9,official,
3532,台勝科,2026-08-13,locked,343.0,343.0,NA,daily_close_lock_only; no_orderbook_seal,凱基城中,9227,2.53165674,False,momentum,Top1 凱基城中 淨買2.53億; momentum; 非追蹤; 2連板,0.0,0.03790087463556846,twse,2,True,False,9,official,
6173,信昌電,2026-08-13,locked,223.5,223.5,NA,daily_close_lock_only; no_orderbook_seal,元大館前,984K,1.332011925,False,momentum,Top1 元大館前 淨買1.33億; momentum; 非追蹤; 3連板,0.0022371364653244186,-0.06040268456375841,tpex,3,True,False,9,official,
6727,亞泰金屬,2026-08-14,locked,432.0,432.0,NA,daily_close_lock_only; no_orderbook_seal,富邦新店,9661,0.59911422,False,none,Top1 富邦新店 淨買0.60億; none; 非追蹤; 首板,0.0185185185185186,0.09953703703703698,tpex,1,True,True,9,official,
7714,創泓科技,2026-08-14,locked,172.5,172.5,NA,daily_close_lock_only; no_orderbook_seal,統一板橋,585P,0.09823875,False,none,Top1 統一板橋 淨買0.10億; none; 非追蹤; 首板,0.020289855072463725,-0.03768115942028982,tpex,1,True,True,9,official,
8033,雷虎,2026-08-14,locked,201.5,201.5,NA,daily_close_lock_only; no_orderbook_seal,凱基城中,9227,10.212310665,False,momentum,Top1 凱基城中 淨買10.21億; momentum; 非追蹤; 首板,0.02481389578163773,-0.04962779156327546,twse,1,True,True,9,official,
6907,雅特力-KY,2026-08-18,locked,188.0,188.0,NA,daily_close_lock_only; no_orderbook_seal,凱基城中,9227,0.761575,False,none,Top1 凱基城中 淨買0.76億; none; 非追蹤; 首板,-0.010638297872340385,0.02393617021276606,tpex,1,True,True,9,official,
6173,信昌電,2026-08-19,locked,213.5,213.5,NA,daily_close_lock_only; no_orderbook_seal,凱基站前,920F,1.33305765,False,momentum,Top1 凱基站前 淨買1.33億; momentum; 非追蹤; 首板,0.025761124121779888,0.03512880562060894,tpex,1,True,True,9,official,
7714,創泓科技,2026-08-20,locked,180.5,180.5,NA,daily_close_lock_only; no_orderbook_seal,元大竹科,980K,0.1727,False,none,Top1 元大竹科 淨買0.17億; none; 非追蹤; 首板,0.0,-0.008310249307479256,tpex,1,True,True,9,official,
3532,台勝科,2026-08-24,locked,376.5,376.5,NA,daily_close_lock_only; no_orderbook_seal,凱基台北,9268,2.09149537,False,momentum,Top1 凱基台北 淨買2.09億; momentum; 非追蹤; 首板,0.0026560424966799445,0.003984063745019917,twse,1,True,True,9,official,
6488,環球晶,2026-06-30,locked,1005.0,1005.0,NA,daily_close_lock_only; no_orderbook_seal,元大館前,984K,1.012254,False,momentum,Top1 元大館前 淨買1.01億; momentum; 非追蹤; 首板,0.09950248756218905,0.09950248756218905,tpex,1,True,True,8,official,
6488,環球晶,2026-07-01,locked,1105.0,1105.0,NA,daily_close_lock_only; no_orderbook_seal,元大館前,984K,1.29292595,False,momentum,Top1 元大館前 淨買1.29億; momentum; 非追蹤; 2連板,-0.018099547511312264,0.09049773755656099,tpex,2,True,False,8,official,
4556,旭然,2026-07-02,locked,80.6,80.6,NA,daily_close_lock_only; no_orderbook_seal,凱基敦北,9237,0.022568,False,none,Top1 凱基敦北 淨買0.02億; none; 非追蹤; 首板,0.09925558312655092,0.09925558312655092,tpex,1,True,True,8,official,
4556,旭然,2026-07-03,locked,88.6,88.6,NA,daily_close_lock_only; no_orderbook_seal,台新松德,9B2a,0.13910199999999998,False,none,Top1 台新松德 淨買0.14億; none; 非追蹤; 2連板,0.060948081264108334,-0.06772009029345372,tpex,2,True,False,8,official,
6213,聯茂,2026-07-03,locked,394.0,394.0,NA,daily_close_lock_only; no_orderbook_seal,凱基台北,9268,2.9123511,False,momentum,Top1 凱基台北 淨買2.91億; momentum; 非追蹤; 首板,0.03934010152284273,0.0050761421319796,twse,1,True,True,8,official,
6969,成信實業*-創,2026-07-03,locked,25.85,25.85,NA,daily_close_lock_only; no_orderbook_seal,永豐羅東,9A9A,0.0028435,False,none,Top1 永豐羅東 淨買0.00億; none; 非追蹤; 首板,0.0,-0.009671179883945835,twse,1,True,True,8,official,
5351,鈺創,2026-07-06,locked,89.9,89.9,NA,daily_close_lock_only; no_orderbook_seal,凱基台北,9268,1.7463121600000002,False,momentum,Top1 凱基台北 淨買1.75億; momentum; 非追蹤; 首板,0.017797552836484876,0.03559510567296975,tpex,1,True,True,8,official,
3374,精材,2026-07-08,locked,324.5,324.5,NA,daily_close_lock_only; no_orderbook_seal,凱基台北,9268,6.66670335,False,momentum,Top1 凱基台北 淨買6.67億; momentum; 非追蹤; 首板,0.06163328197226492,0.09861325115562414,tpex,1,True,True,8,official,
4556,旭然,2026-07-08,locked,92.7,92.7,NA,daily_close_lock_only; no_orderbook_seal,台新松德,9B2a,0.075075,False,none,Top1 台新松德 淨買0.08億; none; 非追蹤; 首板,0.07874865156418553,0.08953613807982741,tpex,1,True,True,8,official,
6969,成信實業*-創,2026-07-08,locked,27.5,27.5,NA,daily_close_lock_only; no_orderbook_seal,兆豐竹北,7007,0.00535,False,none,Top1 兆豐竹北 淨買0.01億; none; 非追蹤; 首板,-0.027272727272727226,-0.054545454545454564,twse,1,True,True,8,official,
3374,精材,2026-07-09,locked,356.5,356.5,NA,daily_close_lock_only; no_orderbook_seal,凱基城中,9227,3.900253005,False,momentum,Top1 凱基城中 淨買3.90億; momentum; 非追蹤; 2連板,0.04207573632538564,0.004207573632538653,tpex,2,True,False,8,official,
6187,萬潤,2026-07-09,locked,1050.0,1050.0,NA,daily_close_lock_only; no_orderbook_seal,凱基台北,9268,1.2879209,False,momentum,Top1 凱基台北 淨買1.29億; momentum; 非追蹤; 首板,0.05714285714285716,-0.014285714285714235,tpex,1,True,True,8,official,
6488,環球晶,2026-07-09,locked,1350.0,1350.0,NA,daily_close_lock_only; no_orderbook_seal,凱基城中,9227,5.934703,False,momentum,Top1 凱基城中 淨買5.93億; momentum; 非追蹤; 首板,0.10000000000000009,0.10000000000000009,tpex,1,True,True,8,official,
4556,旭然,2026-07-13,locked,111.0,111.0,NA,daily_close_lock_only; no_orderbook_seal,永豐金板新,9A9J,0.06549,False,none,Top1 永豐金板新 淨買0.07億; none; 非追蹤; 3連板,0.04954954954954949,0.0855855855855856,tpex,3,True,False,8,official,
3374,精材,2026-07-15,locked,402.0,402.0,NA,daily_close_lock_only; no_orderbook_seal,凱基台北,9268,1.2830286,False,momentum,Top1 凱基台北 淨買1.28億; momentum; 非追蹤; 首板,0.027363184079602032,-0.01741293532338306,tpex,1,True,True,8,official,
5351,鈺創,2026-07-15,locked,104.5,104.5,NA,daily_close_lock_only; no_orderbook_seal,凱基台北,9268,1.553939295,False,momentum,Top1 凱基台北 淨買1.55億; momentum; 非追蹤; 首板,-0.014354066985645897,-0.06507177033492817,tpex,1,True,True,8,official,
6187,萬潤,2026-07-15,locked,1080.0,1080.0,NA,daily_close_lock_only; no_orderbook_seal,凱基城中,9227,1.0689803,False,momentum,Top1 凱基城中 淨買1.07億; momentum; 非追蹤; 首板,-0.02314814814814814,-0.00462962962962965,tpex,1,True,True,8,official,
6969,成信實業*-創,2026-07-20,locked,26.4,26.4,NA,daily_close_lock_only; no_orderbook_seal,國票九鼎,779P,0.03828,False,none,Top1 國票九鼎 淨買0.04億; none; 非追蹤; 首板,0.09848484848484862,0.09848484848484862,twse,1,True,True,8,official,
3374,精材,2026-07-21,locked,380.0,380.0,NA,daily_close_lock_only; no_orderbook_seal,凱基台北,9268,2.382468,False,momentum,Top1 凱基台北 淨買2.38億; momentum; 非追蹤; 首板,0.04078947368421049,0.10000000000000009,tpex,1,True,True,8,official,
4556,旭然,2026-07-21,locked,125.5,125.5,NA,daily_close_lock_only; no_orderbook_seal,凱基敦北,9237,0.03765,False,none,Top1 凱基敦北 淨買0.04億; none; 非追蹤; 首板,0.05976095617529875,0.055776892430278835,tpex,1,True,True,8,official,
6213,聯茂,2026-07-21,locked,354.5,354.5,NA,daily_close_lock_only; no_orderbook_seal,凱基城中,9227,1.78625325,False,momentum,Top1 凱基城中 淨買1.79億; momentum; 非追蹤; 首板,0.0521861777150916,0.035260930888575404,twse,1,True,True,8,official,
3374,精材,2026-07-22,locked,418.0,418.0,NA,daily_close_lock_only; no_orderbook_seal,凱基台北,9268,7.75995054,False,momentum,Top1 凱基台北 淨買7.76億; momentum; 非追蹤; 2連板,-0.01674641148325362,-0.03588516746411485,tpex,2,True,False,8,official,
6969,成信實業*-創,2026-07-23,locked,35.05,35.05,NA,daily_close_lock_only; no_orderbook_seal,中信嘉義,6168,0.03505,False,none,Top1 中信嘉義 淨買0.04億; none; 非追蹤; 4連板,0.09985734664764623,0.09985734664764623,twse,4,True,False,8,official,
6187,萬潤,2026-07-27,locked,1035.0,1035.0,NA,daily_close_lock_only; no_orderbook_seal,永豐金員林,9A9C,0.53156295,False,none,Top1 永豐金員林 淨買0.53億; none; 非追蹤; 首板,-0.04347826086956519,-0.0705314009661836,tpex,1,True,True,8,official,
5351,鈺創,2026-07-31,locked,72.7,72.7,NA,daily_close_lock_only; no_orderbook_seal,元大大天母,9893,0.110504,False,none,Top1 元大大天母 淨買0.11億; none; 非追蹤; 首板,0.09353507565336994,0.09903713892709765,tpex,1,True,True,8,official,
6187,萬潤,2026-07-31,locked,929.0,929.0,NA,daily_close_lock_only; no_orderbook_seal,永豐金忠孝,9A9D,0.3715071,False,none,Top1 永豐金忠孝 淨買0.37億; none; 非追蹤; 首板,0.008611410118406937,0.08180839612486546,tpex,1,True,True,8,official,
6213,聯茂,2026-07-31,locked,263.0,263.0,NA,daily_close_lock_only; no_orderbook_seal,元大永寧,9875,0.49444,False,momentum,Top1 元大永寧 淨買0.49億; momentum; 非追蹤; 首板,0.09885931558935357,0.09885931558935357,twse,1,True,True,8,official,
6969,成信實業*-創,2026-07-31,locked,32.15,32.15,NA,daily_close_lock_only; no_orderbook_seal,富邦建國,9658,0.0093235,False,none,Top1 富邦建國 淨買0.01億; none; 非追蹤; 首板,-0.004665629860031051,0.038880248833592645,twse,1,True,True,8,official,
3374,精材,2026-08-03,locked,304.5,304.5,NA,daily_close_lock_only; no_orderbook_seal,凱基台北,9268,0.39319865,False,none,Top1 凱基台北 淨買0.39億; none; 非追蹤; 2連板,0.0640394088669951,0.016420361247947435,tpex,2,True,False,8,official,
5351,鈺創,2026-08-03,locked,79.9,79.9,NA,daily_close_lock_only; no_orderbook_seal,凱基台北,9268,0.700258,False,lock_chip,Top1 凱基台北 淨買0.70億; lock_chip; 非追蹤; 2連板,0.06257822277847302,0.09887359198998746,tpex,2,True,False,8,official,
6187,萬潤,2026-08-03,locked,1005.0,1005.0,NA,daily_close_lock_only; no_orderbook_seal,凱基台北,9268,2.46077975,False,momentum,Top1 凱基台北 淨買2.46億; momentum; 非追蹤; 2連板,0.01990049751243772,0.08457711442786064,tpex,2,True,False,8,official,
6213,聯茂,2026-08-03,locked,289.0,289.0,NA,daily_close_lock_only; no_orderbook_seal,凱基城中,9227,5.12684266,False,momentum,Top1 凱基城中 淨買5.13億; momentum; 非追蹤; 2連板,0.0034602076124568004,0.0726643598615917,twse,2,True,False,8,official,
5351,鈺創,2026-08-04,locked,87.8,87.8,NA,daily_close_lock_only; no_orderbook_seal,凱基台北,9268,1.6693606,False,dual,Top1 凱基台北 淨買1.67億; dual; 非追蹤; 3連板,0.06378132118451041,0.09908883826879267,tpex,3,True,False,8,official,
6488,環球晶,2026-08-04,locked,952.0,952.0,NA,daily_close_lock_only; no_orderbook_seal,群益台北,918X,0.98221,False,momentum,Top1 群益台北 淨買0.98億; momentum; 非追蹤; 首板,0.04306722689075637,-0.08403361344537819,tpex,1,True,True,8,official,
5351,鈺創,2026-08-05,locked,96.5,96.5,NA,daily_close_lock_only; no_orderbook_seal,凱基台北,9268,2.8166687,False,momentum,Top1 凱基台北 淨買2.82億; momentum; 非追蹤; 4連板,-0.006217616580310836,0.06735751295336789,tpex,4,True,False,8,official,
6213,聯茂,2026-08-05,locked,341.0,341.0,NA,daily_close_lock_only; no_orderbook_seal,永豐匯立,9A81,1.67820295,False,momentum,Top1 永豐匯立 淨買1.68億; momentum; 非追蹤; 首板,0.0,0.0997067448680351,twse,1,True,True,8,official,
6187,萬潤,2026-08-06,locked,1175.0,1175.0,NA,daily_close_lock_only; no_orderbook_seal,富邦仁愛,9676,3.99790675,False,momentum,Top1 富邦仁愛 淨買4.00億; momentum; 非追蹤; 首板,0.0,-0.03829787234042559,tpex,1,True,True,8,official,
6213,聯茂,2026-08-06,locked,375.0,375.0,NA,daily_close_lock_only; no_orderbook_seal,富邦仁愛,9676,1.71291028,False,momentum,Top1 富邦仁愛 淨買1.71億; momentum; 非追蹤; 2連板,0.02533333333333343,0.03733333333333344,twse,2,True,False,8,official,
3374,精材,2026-08-10,locked,337.0,337.0,NA,daily_close_lock_only; no_orderbook_seal,凱基城中,9227,3.38273556,False,momentum,Top1 凱基城中 淨買3.38億; momentum; 非追蹤; 首板,0.011869436201780381,-0.008902077151335286,tpex,1,True,True,8,official,
5351,鈺創,2026-08-10,locked,114.0,114.0,NA,daily_close_lock_only; no_orderbook_seal,凱基台北,9268,4.413377355,False,momentum,Top1 凱基台北 淨買4.41億; momentum; 非追蹤; 首板,0.01754385964912286,0.04824561403508776,tpex,1,True,True,8,official,
6213,聯茂,2026-08-10,locked,427.5,427.5,NA,daily_close_lock_only; no_orderbook_seal,凱基台北,9268,6.11271995,False,momentum,Top1 凱基台北 淨買6.11億; momentum; 非追蹤; 首板,0.0,0.057309941520467866,twse,1,True,True,8,official,
4556,旭然,2026-08-11,locked,92.1,92.1,NA,daily_close_lock_only; no_orderbook_seal,台新松德,9B2a,0.032202,False,none,Top1 台新松德 淨買0.03億; none; 非追蹤; 首板,0.07491856677524433,0.09663409337676443,tpex,1,True,True,8,official,
4556,旭然,2026-08-12,locked,101.0,101.0,NA,daily_close_lock_only; no_orderbook_seal,永豐金板新,9A9J,0.06565,False,none,Top1 永豐金板新 淨買0.07億; none; 非追蹤; 2連板,-0.00990099009900991,-0.09999999999999998,tpex,2,True,False,8,official,
6187,萬潤,2026-08-12,locked,1155.0,1155.0,NA,daily_close_lock_only; no_orderbook_seal,永豐金匯立,9A81,5.34765,False,momentum,Top1 永豐金匯立 淨買5.35億; momentum; 非追蹤; 首板,0.030303030303030276,0.09956709956709964,tpex,1,True,True,8,official,
6488,環球晶,2026-08-12,locked,933.0,933.0,NA,daily_close_lock_only; no_orderbook_seal,凱基城中,9227,4.31533956,False,momentum,Top1 凱基城中 淨買4.32億; momentum; 非追蹤; 首板,0.03965702036441576,0.0986066452304395,tpex,1,True,True,8,official,
6187,萬潤,2026-08-13,locked,1270.0,1270.0,NA,daily_close_lock_only; no_orderbook_seal,群益台北,918X,1.4844825,False,momentum,Top1 群益台北 淨買1.48億; momentum; 非追蹤; 2連板,0.003937007874015741,0.003937007874015741,tpex,2,True,False,8,official,
4542,科嶠,2026-06-29,locked,409.0,409.0,NA,daily_close_lock_only; no_orderbook_seal,台新建北,9B18,0.22419,False,none,Top1 台新建北 淨買0.22億; none; 非追蹤; 首板,0.09902200488997548,0.09902200488997548,tpex,1,True,True,7,official,
4707,磐亞,2026-06-29,locked,30.3,30.3,NA,daily_close_lock_only; no_orderbook_seal,凱基台北,9268,0.4192465,False,none,Top1 凱基台北 淨買0.42億; none; 非追蹤; 首板,0.0,-0.03300330033003296,tpex,1,True,True,7,official,
2493,揚博,2026-06-30,locked,292.5,292.5,NA,daily_close_lock_only; no_orderbook_seal,凱基敦北,9237,0.13147875,False,none,Top1 凱基敦北 淨買0.13億; none; 非追蹤; 首板,0.05641025641025643,0.08376068376068369,twse,1,True,True,7,official,
4542,科嶠,2026-06-30,locked,449.5,449.5,NA,daily_close_lock_only; no_orderbook_seal,台新建北,9B18,0.2697,False,none,Top1 台新建北 淨買0.27億; none; 非追蹤; 2連板,0.09899888765294773,0.09899888765294773,tpex,2,True,False,7,official,
6573,虹揚-KY,2026-06-30,locked,21.7,21.7,NA,daily_close_lock_only; no_orderbook_seal,凱基永康,9278,0.0236255,False,none,Top1 凱基永康 淨買0.02億; none; 非追蹤; 首板,0.048387096774193505,-0.032258064516129004,twse,1,True,True,7,official,
8046,南電,2026-06-30,locked,1185.0,1185.0,NA,daily_close_lock_only; no_orderbook_seal,永豐敦北,9A89,2.50873865,False,momentum,Top1 永豐敦北 淨買2.51億; momentum; 非追蹤; 首板,0.012658227848101333,-0.008438818565400852,twse,1,True,True,7,official,
3605,宏致,2026-07-01,locked,85.6,85.6,NA,daily_close_lock_only; no_orderbook_seal,富邦南港,962A,0.314168,False,none,Top1 富邦南港 淨買0.31億; none; 非追蹤; 首板,-0.011682242990654235,0.052570093457943834,twse,1,True,True,7,official,
4707,磐亞,2026-07-02,locked,30.9,30.9,NA,daily_close_lock_only; no_orderbook_seal,凱基中港,9202,0.305948,False,none,Top1 凱基中港 淨買0.31億; none; 非追蹤; 首板,0.05177993527508096,0.09385113268608403,tpex,1,True,True,7,official,
6573,虹揚-KY,2026-07-02,locked,23.1,23.1,NA,daily_close_lock_only; no_orderbook_seal,凱基台北,9268,0.027804,False,none,Top1 凱基台北 淨買0.03億; none; 非追蹤; 首板,0.0,0.08658008658008653,twse,1,True,True,7,official,
3167,大量,2026-07-03,locked,877.0,877.0,NA,daily_close_lock_only; no_orderbook_seal,凱基台北,9268,1.92130325,False,momentum,Top1 凱基台北 淨買1.92億; momentum; 非追蹤; 首板,0.03876852907639683,0.03192702394526803,twse,1,True,True,7,official,
6573,虹揚-KY,2026-07-06,locked,27.6,27.6,NA,daily_close_lock_only; no_orderbook_seal,元大民權,9867,0.079488,False,none,Top1 元大民權 淨買0.08億; none; 非追蹤; 首板,0.05797101449275344,-0.09239130434782605,twse,1,True,True,7,official,
6573,虹揚-KY,2026-07-08,locked,27.55,27.55,NA,daily_close_lock_only; no_orderbook_seal,玉山數位,884M,0.0499376,False,none,Top1 玉山數位 淨買0.05億; none; 非追蹤; 首板,-0.019963702359346636,0.014519056261342866,twse,1,True,True,7,official,
3006,晶豪科,2026-07-09,locked,237.0,237.0,NA,daily_close_lock_only; no_orderbook_seal,富邦陽明,9604,1.02758468,False,momentum,Top1 富邦陽明 淨買1.03億; momentum; 非追蹤; 首板,0.00421940928270037,-0.03797468354430378,twse,1,True,True,7,official,
3441,聯一光,2026-07-13,locked,74.3,74.3,NA,daily_close_lock_only; no_orderbook_seal,凱基城中,9227,0.557993,False,none,Top1 凱基城中 淨買0.56億; none; 非追蹤; 首板,-0.014804845222072593,-0.0942126514131898,tpex,1,True,True,7,official,
7610,聯友金屬-創,2026-07-13,locked,2425.0,2425.0,NA,daily_close_lock_only; no_orderbook_seal,元大新莊,9898,0.1492213,False,none,Top1 元大新莊 淨買0.15億; none; 非追蹤; 首板,0.016494845360824684,0.0020618556701030855,twse,1,True,True,7,official,
3288,點晶,2026-07-14,locked,20.05,20.05,NA,daily_close_lock_only; no_orderbook_seal,新百王,6210,0.001604,False,none,Top1 新百王 淨買0.00億; none; 非追蹤; 首板,0.0,0.09975062344139651,tpex,1,True,True,7,official,
3006,晶豪科,2026-07-15,locked,239.0,239.0,NA,daily_close_lock_only; no_orderbook_seal,凱基台北,9268,1.0268995,False,momentum,Top1 凱基台北 淨買1.03億; momentum; 非追蹤; 首板,-0.023012552301255207,-0.07949790794979084,twse,1,True,True,7,official,
3288,點晶,2026-07-15,locked,22.05,22.05,NA,daily_close_lock_only; no_orderbook_seal,臺銀高雄,104C,0.002646,False,none,Top1 臺銀高雄 淨買0.00億; none; 非追蹤; 2連板,0.09977324263038545,0.09977324263038545,tpex,2,True,False,7,official,
6442,光聖,2026-07-15,locked,1430.0,1430.0,NA,daily_close_lock_only; no_orderbook_seal,華南南京,9326,0.72238105,False,none,Top1 華南南京 淨買0.72億; none; 非追蹤; 首板,-0.020979020979020935,-0.05594405594405594,twse,1,True,True,7,official,
8046,南電,2026-07-15,locked,1415.0,1415.0,NA,daily_close_lock_only; no_orderbook_seal,凱基城中,9227,6.7900273,False,momentum,Top1 凱基城中 淨買6.79億; momentum; 非追蹤; 首板,-0.007067137809187329,-0.09893992932862195,twse,1,True,True,7,official,
3288,點晶,2026-07-16,locked,24.25,24.25,NA,daily_close_lock_only; no_orderbook_seal,台新高雄,9B1g,0.0084875,False,none,Top1 台新高雄 淨買0.01億; none; 非追蹤; 3連板,0.09896907216494832,0.09896907216494832,tpex,3,True,False,7,official,
3288,點晶,2026-07-17,locked,26.65,26.65,NA,daily_close_lock_only; no_orderbook_seal,台新高雄,9B1g,0.0205205,False,none,Top1 台新高雄 淨買0.02億; none; 非追蹤; 4連板,0.024390243902439046,0.09943714821763616,tpex,4,True,False,7,official,
3288,點晶,2026-07-20,locked,29.3,29.3,NA,daily_close_lock_only; no_orderbook_seal,第一金新興,538A,0.008789,False,none,Top1 第一金新興 淨買0.01億; none; 非追蹤; 5連板,0.06825938566552892,-0.09726962457337884,tpex,5,True,False,7,official,
2493,揚博,2026-07-21,locked,238.5,238.5,NA,daily_close_lock_only; no_orderbook_seal,統一敦南,5852,0.03082,False,none,Top1 統一敦南 淨買0.03億; none; 非追蹤; 首板,0.0985324947589099,0.0985324947589099,twse,1,True,True,7,official,
3605,宏致,2026-07-21,locked,84.4,84.4,NA,daily_close_lock_only; no_orderbook_seal,凱基台北,9268,0.396326,False,none,Top1 凱基台北 淨買0.40億; none; 非追蹤; 首板,0.017772511848341166,0.0995260663507107,twse,1,True,True,7,official,
4542,科嶠,2026-07-21,locked,324.5,324.5,NA,daily_close_lock_only; no_orderbook_seal,中信託忠孝,6162,0.0533845,False,none,Top1 中信託忠孝 淨買0.05億; none; 非追蹤; 首板,0.0662557781201849,0.03235747303543923,tpex,1,True,True,7,official,
4971,IET-KY,2026-07-21,locked,403.5,403.5,NA,daily_close_lock_only; no_orderbook_seal,台企銀太平,1115,0.120005,False,none,Top1 台企銀太平 淨買0.12億; none; 非追蹤; 首板,0.039653035935563796,0.038413878562577386,tpex,1,True,True,7,official,
6274,台燿,2026-07-21,locked,1235.0,1235.0,NA,daily_close_lock_only; no_orderbook_seal,元大士林,981j,1.196815,False,momentum,Top1 元大士林 淨買1.20億; momentum; 非追蹤; 首板,0.09716599190283404,0.09716599190283404,tpex,1,True,True,7,official,
2455,全新,2026-07-22,locked,324.5,324.5,NA,daily_close_lock_only; no_orderbook_seal,凱基台北,9268,1.31107486,False,momentum,Top1 凱基台北 淨買1.31億; momentum; 非追蹤; 首板,0.03389830508474567,0.06317411402157158,twse,1,True,True,7,official,
3605,宏致,2026-07-22,locked,92.8,92.8,NA,daily_close_lock_only; no_orderbook_seal,台新證券,9B00,0.62061492,False,none,Top1 台新證券 淨買0.62億; none; 非追蹤; 2連板,0.0021551724137931494,0.018318965517241326,twse,2,True,False,7,official,
6274,台燿,2026-07-22,locked,1355.0,1355.0,NA,daily_close_lock_only; no_orderbook_seal,兆豐桃園,700M,0.27098645,False,momentum,Top1 兆豐桃園 淨買0.27億; momentum; 非追蹤; 2連板,0.03690036900368998,-0.014760147601476037,tpex,2,True,False,7,official,
6442,光聖,2026-07-22,locked,1385.0,1385.0,NA,daily_close_lock_only; no_orderbook_seal,凱基台北,9268,1.29571995,False,momentum,Top1 凱基台北 淨買1.30億; momentum; 非追蹤; 首板,0.0,0.0036101083032491488,twse,1,True,True,7,official,
6573,虹揚-KY,2026-07-22,locked,21.7,21.7,NA,daily_close_lock_only; no_orderbook_seal,富邦木柵,961M,0.007026,False,none,Top1 富邦木柵 淨買0.01億; none; 非追蹤; 首板,0.0,-0.07142857142857151,twse,1,True,True,7,official,
8046,南電,2026-07-22,locked,1305.0,1305.0,NA,daily_close_lock_only; no_orderbook_seal,永豐敦北,9A89,3.967512,False,dual,Top1 永豐敦北 淨買3.97億; dual; 非追蹤; 首板,-0.019157088122605415,-0.05747126436781613,twse,1,True,True,7,official,
8996,高力,2026-07-22,locked,1080.0,1080.0,NA,daily_close_lock_only; no_orderbook_seal,台新證券,9B00,1.7784428,False,momentum,Top1 台新證券 淨買1.78億; momentum; 非追蹤; 首板,0.004629629629629539,-0.00462962962962965,twse,1,True,True,7,official,
4707,磐亞,2026-07-24,locked,35.3,35.3,NA,daily_close_lock_only; no_orderbook_seal,凱基台北,9268,0.308397,False,none,Top1 凱基台北 淨買0.31億; none; 非追蹤; 首板,-0.019830028328611804,-0.09915014164305935,tpex,1,True,True,7,official,
3288,點晶,2026-07-27,locked,24.9,24.9,NA,daily_close_lock_only; no_orderbook_seal,新光台中,8561,0.002241,False,none,Top1 新光台中 淨買0.00億; none; 非追蹤; 首板,0.024096385542168752,0.09236947791164662,tpex,1,True,True,7,official,
3441,聯一光,2026-07-27,locked,70.7,70.7,NA,daily_close_lock_only; no_orderbook_seal,凱基台北,9268,0.23571869099999995,False,none,Top1 凱基台北 淨買0.24億; none; 非追蹤; 首板,-0.04526166902404527,0.09193776520509189,tpex,1,True,True,7,official,
2455,全新,2026-07-31,locked,292.0,292.0,NA,daily_close_lock_only; no_orderbook_seal,中國信託,6160,0.40546846,False,momentum,Top1 中國信託 淨買0.41億; momentum; 非追蹤; 首板,0.03253424657534243,0.09931506849315075,twse,1,True,True,7,official,
3006,晶豪科,2026-07-31,locked,180.0,180.0,NA,daily_close_lock_only; no_orderbook_seal,元大新莊,9898,0.27,False,none,Top1 元大新莊 淨買0.27億; none; 非追蹤; 首板,0.047222222222222276,0.10000000000000009,twse,1,True,True,7,official,
3441,聯一光,2026-07-31,locked,84.0,84.0,NA,daily_close_lock_only; no_orderbook_seal,元大竹科,980K,0.103588,False,momentum,Top1 元大竹科 淨買0.10億; momentum; 非追蹤; 首板,0.03571428571428581,0.10000000000000009,tpex,1,True,True,7,official,
4971,IET-KY,2026-07-31,locked,347.5,347.5,NA,daily_close_lock_only; no_orderbook_seal,新光,8560,0.0736005,False,none,Top1 新光 淨買0.07億; none; 非追蹤; 首板,0.07625899280575532,0.09928057553956826,tpex,1,True,True,7,official,
6274,台燿,2026-07-31,locked,1110.0,1110.0,NA,daily_close_lock_only; no_orderbook_seal,統一仁愛,585c,0.787545,False,none,Top1 統一仁愛 淨買0.79億; none; 非追蹤; 首板,0.0990990990990992,0.0990990990990992,tpex,1,True,True,7,official,
6573,虹揚-KY,2026-07-31,locked,16.55,16.55,NA,daily_close_lock_only; no_orderbook_seal,企銀豐原,1118,0.0051155,False,none,Top1 企銀豐原 淨買0.01億; none; 非追蹤; 首板,0.012084592145015005,0.01812688821752273,twse,1,True,True,7,official,
7610,聯友金屬-創,2026-07-31,locked,1200.0,1200.0,NA,daily_close_lock_only; no_orderbook_seal,凱基台北,9268,0.3,False,none,Top1 凱基台北 淨買0.30億; none; 非追蹤; 首板,0.10000000000000009,0.10000000000000009,twse,1,True,True,7,official,
8046,南電,2026-07-31,locked,920.0,920.0,NA,daily_close_lock_only; no_orderbook_seal,凱基台北,9268,2.2724,False,momentum,Top1 凱基台北 淨買2.27億; momentum; 非追蹤; 首板,0.02717391304347827,0.035869565217391264,twse,1,True,True,7,official,
8996,高力,2026-07-31,locked,855.0,855.0,NA,daily_close_lock_only; no_orderbook_seal,台新證券,9B00,1.2550887,False,dual,Top1 台新證券 淨買1.26億; dual; 非追蹤; 首板,0.039766081871345005,0.09941520467836251,twse,1,True,True,7,official,
2455,全新,2026-08-03,locked,321.0,321.0,NA,daily_close_lock_only; no_orderbook_seal,台新證券,9B00,0.969116835,False,momentum,Top1 台新證券 淨買0.97億; momentum; 非追蹤; 2連板,0.08722741433021808,0.09968847352024923,twse,2,True,False,7,official,
2493,揚博,2026-08-03,locked,200.0,200.0,NA,daily_close_lock_only; no_orderbook_seal,元大台北,980h,0.40288,False,none,Top1 元大台北 淨買0.40億; none; 非追蹤; 2連板,0.007500000000000062,0.10000000000000009,twse,2,True,False,7,official,
3006,晶豪科,2026-08-03,locked,198.0,198.0,NA,daily_close_lock_only; no_orderbook_seal,富邦陽明,9604,0.377379,False,none,Top1 富邦陽明 淨買0.38億; none; 非追蹤; 2連板,0.04797979797979801,0.0984848484848484,twse,2,True,False,7,official,
3167,大量,2026-08-03,locked,534.0,534.0,NA,daily_close_lock_only; no_orderbook_seal,凱基台北,9268,0.4298,False,none,Top1 凱基台北 淨買0.43億; none; 非追蹤; 2連板,0.09925093632958792,0.09925093632958792,twse,2,True,False,7,official,
3441,聯一光,2026-08-03,locked,92.4,92.4,NA,daily_close_lock_only; no_orderbook_seal,新光,8560,0.138557184,False,momentum,Top1 新光 淨買0.14億; momentum; 非追蹤; 2連板,0.011904761904761862,-0.030303030303030387,tpex,2,True,False,7,official,
4542,科嶠,2026-08-03,locked,254.0,254.0,NA,daily_close_lock_only; no_orderbook_seal,凱基台北,9268,0.13729,False,none,Top1 凱基台北 淨買0.14億; none; 非追蹤; 首板,0.011811023622047223,0.09842519685039375,tpex,1,True,True,7,official,
4707,磐亞,2026-08-03,locked,25.5,25.5,NA,daily_close_lock_only; no_orderbook_seal,凱基台北,9268,0.078794,False,none,Top1 凱基台北 淨買0.08億; none; 非追蹤; 首板,0.01764705882352935,0.10000000000000009,tpex,1,True,True,7,official,
4971,IET-KY,2026-08-03,locked,382.0,382.0,NA,daily_close_lock_only; no_orderbook_seal,凱基台北,9268,0.12567,False,none,Top1 凱基台北 淨買0.13億; none; 非追蹤; 2連板,0.09947643979057585,0.09947643979057585,tpex,2,True,False,7,official,
6274,台燿,2026-08-03,locked,1220.0,1220.0,NA,daily_close_lock_only; no_orderbook_seal,元大內湖,989N,0.9746946,False,none,Top1 元大內湖 淨買0.97億; none; 非追蹤; 2連板,0.069672131147541,0.09836065573770503,tpex,2,True,False,7,official,
6442,光聖,2026-08-03,locked,1270.0,1270.0,NA,daily_close_lock_only; no_orderbook_seal,凱基台北,9268,2.5421571,False,momentum,Top1 凱基台北 淨買2.54億; momentum; 非追蹤; 2連板,0.03543307086614167,0.09842519685039375,twse,2,True,False,7,official,
7610,聯友金屬-創,2026-08-03,locked,1320.0,1320.0,NA,daily_close_lock_only; no_orderbook_seal,凱基台北,9268,0.33,False,none,Top1 凱基台北 淨買0.33億; none; 非追蹤; 2連板,0.0984848484848484,0.0984848484848484,twse,2,True,False,7,official,
8996,高力,2026-08-03,locked,940.0,940.0,NA,daily_close_lock_only; no_orderbook_seal,新光,8560,0.2252756,False,dual,Top1 新光 淨買0.23億; dual; 非追蹤; 2連板,0.06382978723404253,0.0957446808510638,twse,2,True,False,7,official,
2455,全新,2026-08-04,locked,353.0,353.0,NA,daily_close_lock_only; no_orderbook_seal,凱基台北,9268,0.45601197,False,momentum,Top1 凱基台北 淨買0.46億; momentum; 非追蹤; 3連板,0.09915014164305958,0.09915014164305958,twse,3,True,False,7,official,
2493,揚博,2026-08-04,locked,220.0,220.0,NA,daily_close_lock_only; no_orderbook_seal,元大忠孝,9871,0.213873475,False,none,Top1 元大忠孝 淨買0.21億; none; 非追蹤; 3連板,0.020454545454545503,-0.06590909090909092,twse,3,True,False,7,official,
3006,晶豪科,2026-08-04,locked,217.5,217.5,NA,daily_close_lock_only; no_orderbook_seal,凱基台北,9268,1.40694,False,momentum,Top1 凱基台北 淨買1.41億; momentum; 非追蹤; 3連板,0.09195402298850586,0.09885057471264358,twse,3,True,False,7,official,
3167,大量,2026-08-04,locked,587.0,587.0,NA,daily_close_lock_only; no_orderbook_seal,元大館前,984K,0.12914,False,none,Top1 元大館前 淨買0.13億; none; 非追蹤; 3連板,0.0988074957410563,0.0988074957410563,twse,3,True,False,7,official,
3605,宏致,2026-08-04,locked,92.6,92.6,NA,daily_close_lock_only; no_orderbook_seal,合庫高雄,1023,0.190787,False,none,Top1 合庫高雄 淨買0.19億; none; 非追蹤; 首板,0.006479481641468832,0.09611231101511897,twse,1,True,True,7,official,
4542,科嶠,2026-08-04,locked,279.0,279.0,NA,daily_close_lock_only; no_orderbook_seal,元大竹科,980K,0.16741,False,none,Top1 元大竹科 淨買0.17億; none; 非追蹤; 2連板,0.09856630824372759,0.09856630824372759,tpex,2,True,False,7,official,
4707,磐亞,2026-08-04,locked,28.05,28.05,NA,daily_close_lock_only; no_orderbook_seal,台新安南,9B2Z,0.0751655,False,none,Top1 台新安南 淨買0.08億; none; 非追蹤; 2連板,0.035650623885918,0.09982174688057044,tpex,2,True,False,7,official,
6274,台燿,2026-08-04,locked,1340.0,1340.0,NA,daily_close_lock_only; no_orderbook_seal,奔亞,6010,2.70385,False,momentum,Top1 奔亞 淨買2.70億; momentum; 非追蹤; 3連板,0.09701492537313428,0.09701492537313428,tpex,3,True,False,7,official,
7610,聯友金屬-創,2026-08-04,locked,1450.0,1450.0,NA,daily_close_lock_only; no_orderbook_seal,凱基台北,9268,0.377,False,none,Top1 凱基台北 淨買0.38億; none; 非追蹤; 3連板,0.10000000000000009,0.10000000000000009,twse,3,True,False,7,official,
8046,南電,2026-08-04,locked,1045.0,1045.0,NA,daily_close_lock_only; no_orderbook_seal,凱基城中,9227,3.83801474,False,momentum,Top1 凱基城中 淨買3.84億; momentum; 非追蹤; 首板,0.09090909090909083,0.014354066985645897,twse,1,True,True,7,official,
8996,高力,2026-08-04,locked,1030.0,1030.0,NA,daily_close_lock_only; no_orderbook_seal,永豐內湖,9A9g,1.2433528,False,dual,Top1 永豐內湖 淨買1.24億; dual; 非追蹤; 3連板,0.01941747572815533,0.004854368932038833,twse,3,True,False,7,official,
2455,全新,2026-08-05,locked,388.0,388.0,NA,daily_close_lock_only; no_orderbook_seal,凱基台北,9268,5.38515336,False,momentum,Top1 凱基台北 淨買5.39億; momentum; 非追蹤; 4連板,-0.010309278350515427,-0.04123711340206182,twse,4,True,False,7,official,
3167,大量,2026-08-05,locked,645.0,645.0,NA,daily_close_lock_only; no_orderbook_seal,富邦新板,961H,0.516,False,none,Top1 富邦新板 淨買0.52億; none; 非追蹤; 4連板,0.0,0.09302325581395343,twse,4,True,False,7,official,
3605,宏致,2026-08-05,locked,101.5,101.5,NA,daily_close_lock_only; no_orderbook_seal,台新證券,9B00,0.690547867,False,none,Top1 台新證券 淨買0.69億; none; 非追蹤; 2連板,0.009852216748768461,0.0640394088669951,twse,2,True,False,7,official,
4542,科嶠,2026-08-05,locked,306.5,306.5,NA,daily_close_lock_only; no_orderbook_seal,凱基羅東,9258,0.09195,False,none,Top1 凱基羅東 淨買0.09億; none; 非追蹤; 3連板,0.014681892332789603,0.0016313213703098572,tpex,3,True,False,7,official,
4707,磐亞,2026-08-05,locked,30.85,30.85,NA,daily_close_lock_only; no_orderbook_seal,台新安南,9B2Z,0.0788,False,none,Top1 台新安南 淨買0.08億; none; 非追蹤; 3連板,0.037277147487844386,0.0972447325769854,tpex,3,True,False,7,official,
6274,台燿,2026-08-05,locked,1470.0,1470.0,NA,daily_close_lock_only; no_orderbook_seal,永豐金匯立,9A81,2.0433,False,momentum,Top1 永豐金匯立 淨買2.04億; momentum; 非追蹤; 4連板,-0.04421768707482998,0.04081632653061229,tpex,4,True,False,7,official,
7610,聯友金屬-創,2026-08-05,locked,1595.0,1595.0,NA,daily_close_lock_only; no_orderbook_seal,玉山數位,884M,0.319,False,none,Top1 玉山數位 淨買0.32億; none; 非追蹤; 4連板,-0.018808777429467072,0.09717868338557989,twse,4,True,False,7,official,
7610,聯友金屬-創,2026-08-06,locked,1750.0,1750.0,NA,daily_close_lock_only; no_orderbook_seal,富邦和美,961P,0.3482826,False,lock_chip,Top1 富邦和美 淨買0.35億; lock_chip; 非追蹤; 5連板,0.0,0.05714285714285716,twse,5,True,False,7,official,
8996,高力,2026-08-06,locked,1135.0,1135.0,NA,daily_close_lock_only; no_orderbook_seal,統一城中,5854,1.1804,False,dual,Top1 統一城中 淨買1.18億; dual; 非追蹤; 首板,-0.048458149779735726,-0.07929515418502198,twse,1,True,True,7,official,
6274,台燿,2026-08-11,locked,1605.0,1605.0,NA,daily_close_lock_only; no_orderbook_seal,台企銀桃園,111E,1.12139445,False,momentum,Top1 台企銀桃園 淨買1.12億; momentum; 非追蹤; 首板,-0.015576323987538943,-0.0031152647975077885,tpex,1,True,True,7,official,
3441,聯一光,2026-08-12,locked,87.2,87.2,NA,daily_close_lock_only; no_orderbook_seal,凱基台北,9268,0.709568,False,momentum,Top1 凱基台北 淨買0.71億; momentum; 非追蹤; 首板,0.002293577981651307,-0.025229357798165153,tpex,1,True,True,7,official,
3605,宏致,2026-08-12,locked,120.0,120.0,NA,daily_close_lock_only; no_orderbook_seal,富邦嘉義,9692,0.932005,False,none,Top1 富邦嘉義 淨買0.93億; none; 非追蹤; 首板,0.03750000000000009,0.10000000000000009,twse,1,True,True,7,official,
4707,磐亞,2026-08-12,locked,33.0,33.0,NA,daily_close_lock_only; no_orderbook_seal,永豐金大園,9A98,0.08295,False,none,Top1 永豐金大園 淨買0.08億; none; 非追蹤; 首板,0.030303030303030276,-0.016666666666666607,tpex,1,True,True,7,official,
6442,光聖,2026-08-12,locked,1595.0,1595.0,NA,daily_close_lock_only; no_orderbook_seal,中國信託,6160,3.1778312,False,momentum,Top1 中國信託 淨買3.18億; momentum; 非追蹤; 首板,0.02507836990595602,-0.018808777429467072,twse,1,True,True,7,official,
8996,高力,2026-08-12,locked,1170.0,1170.0,NA,daily_close_lock_only; no_orderbook_seal,凱基城中,9227,2.39472875,False,dual,Top1 凱基城中 淨買2.39億; dual; 非追蹤; 首板,0.05555555555555558,0.09829059829059839,twse,1,True,True,7,official,
3605,宏致,2026-08-13,locked,132.0,132.0,NA,daily_close_lock_only; no_orderbook_seal,合庫高雄,1023,0.889819,False,none,Top1 合庫高雄 淨買0.89億; none; 非追蹤; 2連板,0.015151515151515138,-0.0037878787878787845,twse,2,True,False,7,official,
8996,高力,2026-08-13,locked,1285.0,1285.0,NA,daily_close_lock_only; no_orderbook_seal,凱基台北,9268,3.2404036,False,dual,Top1 凱基台北 淨買3.24億; dual; 非追蹤; 2連板,0.03112840466926059,-0.0038910505836575737,twse,2,True,False,7,official,
3288,點晶,2026-08-17,locked,22.2,22.2,NA,daily_close_lock_only; no_orderbook_seal,永豐金羅東,9A9A,0.001551,False,none,Top1 永豐金羅東 淨買0.00億; none; 非追蹤; 首板,0.09009009009009006,0.029279279279279313,tpex,1,True,True,7,official,
4971,IET-KY,2026-08-17,locked,528.0,528.0,NA,daily_close_lock_only; no_orderbook_seal,兆豐城中,700W,0.15264,False,none,Top1 兆豐城中 淨買0.15億; none; 非追蹤; 首板,0.06818181818181812,0.05303030303030298,tpex,1,True,True,7,official,
3167,大量,2026-08-18,locked,770.0,770.0,NA,daily_close_lock_only; no_orderbook_seal,凱基城中,9227,2.3553088,False,momentum,Top1 凱基城中 淨買2.36億; momentum; 非追蹤; 首板,-0.054545454545454564,-0.09999999999999998,twse,1,True,True,7,official,
6573,虹揚-KY,2026-08-19,locked,17.75,17.75,NA,daily_close_lock_only; no_orderbook_seal,凱基敦北,9237,0.033725,False,none,Top1 凱基敦北 淨買0.03億; none; 非追蹤; 首板,0.07887323943661961,-0.04225352112676062,twse,1,True,True,7,official,
3167,大量,2026-08-20,locked,762.0,762.0,NA,daily_close_lock_only; no_orderbook_seal,台新證券,9B00,2.70429828,False,momentum,Top1 台新證券 淨買2.70億; momentum; 非追蹤; 首板,0.01049868766404205,-0.048556430446194176,twse,1,True,True,7,official,
3441,聯一光,2026-08-20,locked,97.3,97.3,NA,daily_close_lock_only; no_orderbook_seal,凱基台北,9268,0.525754,False,momentum,Top1 凱基台北 淨買0.53億; momentum; 非追蹤; 首板,0.04830421377183969,0.09969167523124356,tpex,1,True,True,7,official,
4971,IET-KY,2026-08-20,locked,580.0,580.0,NA,daily_close_lock_only; no_orderbook_seal,富邦仁愛,9676,0.66738858,False,none,Top1 富邦仁愛 淨買0.67億; none; 非追蹤; 首板,0.02586206896551735,0.01379310344827589,tpex,1,True,True,7,official,
7610,聯友金屬-創,2026-08-21,locked,1685.0,1685.0,NA,daily_close_lock_only; no_orderbook_seal,凱基台北,9268,0.51385,False,none,Top1 凱基台北 淨買0.51億; none; 非追蹤; 首板,0.05044510385756684,0.014836795252225476,twse,1,True,True,7,official,
3006,晶豪科,2026-08-24,locked,282.0,282.0,NA,daily_close_lock_only; no_orderbook_seal,凱基台北,9268,4.18496954,False,momentum,Top1 凱基台北 淨買4.18億; momentum; 非追蹤; 首板,-0.023049645390070927,-0.04255319148936165,twse,1,True,True,7,official,
2455,全新,2026-08-25,locked,419.5,419.5,NA,daily_close_lock_only; no_orderbook_seal,凱基台北,9268,0.7723137,False,lock_chip,Top1 凱基台北 淨買0.77億; lock_chip; 非追蹤; 首板,,,twse,1,True,True,7,official,missing_t1_return
6442,光聖,2026-08-25,locked,1605.0,1605.0,NA,daily_close_lock_only; no_orderbook_seal,凱基台北,9268,0.97962525,False,momentum,Top1 凱基台北 淨買0.98億; momentum; 非追蹤; 首板,,,twse,1,True,True,7,official,missing_t1_return
1447,力鵬,2026-06-29,locked,6.84,6.84,NA,daily_close_lock_only; no_orderbook_seal,富邦南京,961C,0.0348815,False,none,Top1 富邦南京 淨買0.03億; none; 非追蹤; 首板,0.09941520467836251,0.09941520467836251,twse,1,True,True,6,official,
1718,中纖,2026-06-29,locked,12.25,12.25,NA,daily_close_lock_only; no_orderbook_seal,凱基城中,9227,1.2147479625,False,momentum,Top1 凱基城中 淨買1.21億; momentum; 非追蹤; 首板,0.05714285714285716,0.09795918367346923,twse,1,True,True,6,official,
7402,邑錡,2026-06-29,locked,109.0,109.0,NA,daily_close_lock_only; no_orderbook_seal,凱基城中,9227,0.509048075,False,none,Top1 凱基城中 淨買0.51億; none; 非追蹤; 首板,0.02752293577981657,0.05504587155963292,tpex,1,True,True,6,official,
1303,南亞,2026-06-30,locked,166.5,166.5,NA,daily_close_lock_only; no_orderbook_seal,國泰忠孝,8887,1.19553642,False,momentum,Top1 國泰忠孝 淨買1.20億; momentum; 非追蹤; 首板,0.06606606606606613,0.0990990990990992,twse,1,True,True,6,official,
1447,力鵬,2026-06-30,locked,7.52,7.52,NA,daily_close_lock_only; no_orderbook_seal,台新松德,9B2a,0.0900896,False,none,Top1 台新松德 淨買0.09億; none; 非追蹤; 2連板,0.0997340425531914,0.0997340425531914,twse,2,True,False,6,official,
1718,中纖,2026-06-30,locked,13.45,13.45,NA,daily_close_lock_only; no_orderbook_seal,凱基台北,9268,0.766212723,False,none,Top1 凱基台北 淨買0.77億; none; 非追蹤; 2連板,0.06691449814126393,-0.07806691449814118,twse,2,True,False,6,official,
2481,強茂,2026-06-30,locked,182.5,182.5,NA,daily_close_lock_only; no_orderbook_seal,富邦嘉義,9692,0.11004264,False,none,Top1 富邦嘉義 淨買0.11億; none; 非追蹤; 首板,0.06301369863013706,0.0657534246575342,twse,1,True,True,6,official,
2492,華新科,2026-06-30,locked,565.0,565.0,NA,daily_close_lock_only; no_orderbook_seal,凱基台北,9268,0.5324899,False,none,Top1 凱基台北 淨買0.53億; none; 非追蹤; 首板,0.05840707964601766,0.06725663716814156,twse,1,True,True,6,official,
3037,欣興,2026-06-30,locked,1070.0,1070.0,NA,daily_close_lock_only; no_orderbook_seal,元大松江,9801,21.14788655,False,momentum,Top1 元大松江 淨買21.15億; momentum; 非追蹤; 首板,0.014018691588784993,-0.028037383177570097,twse,1,True,True,6,official,
3163,波若威,2026-06-30,locked,792.0,792.0,NA,daily_close_lock_only; no_orderbook_seal,富邦南屯,9666,0.23545662,False,none,Top1 富邦南屯 淨買0.24億; none; 非追蹤; 首板,0.02146464646464641,-0.05303030303030298,tpex,1,True,True,6,official,
3189,景碩,2026-06-30,locked,891.0,891.0,NA,daily_close_lock_only; no_orderbook_seal,元大永寧,9875,8.86149411,False,momentum,Top1 元大永寧 淨買8.86億; momentum; 非追蹤; 首板,0.010101010101010166,-0.0033670033670033517,twse,1,True,True,6,official,
5483,中美晶,2026-06-30,locked,180.0,180.0,NA,daily_close_lock_only; no_orderbook_seal,中國信託證,6160,1.721090185,False,momentum,Top1 中國信託證 淨買1.72億; momentum; 非追蹤; 首板,0.05277777777777781,0.10000000000000009,tpex,1,True,True,6,official,
8021,尖點,2026-06-30,locked,574.0,574.0,NA,daily_close_lock_only; no_orderbook_seal,元大館前,984K,2.053335,False,momentum,Top1 元大館前 淨買2.05億; momentum; 非追蹤; 首板,0.029616724738676048,-0.022648083623693416,twse,1,True,True,6,official,
8358,金居,2026-06-30,locked,600.0,600.0,NA,daily_close_lock_only; no_orderbook_seal,永豐金敦北,9A89,1.1804865,False,momentum,Top1 永豐金敦北 淨買1.18億; momentum; 非追蹤; 首板,0.043333333333333224,-0.021666666666666612,tpex,1,True,True,6,official,
1303,南亞,2026-07-01,locked,183.0,183.0,NA,daily_close_lock_only; no_orderbook_seal,元大館前,984K,1.474801955,False,momentum,Top1 元大館前 淨買1.47億; momentum; 非追蹤; 2連板,-0.04644808743169404,0.07650273224043724,twse,2,True,False,6,official,
1447,力鵬,2026-07-01,locked,8.27,8.27,NA,daily_close_lock_only; no_orderbook_seal,台新松德,9B2a,0.1233057,False,none,Top1 台新松德 淨買0.12億; none; 非追蹤; 3連板,0.02781136638452253,0.09915356711003631,twse,3,True,False,6,official,
2466,冠西電,2026-07-01,locked,71.3,71.3,NA,daily_close_lock_only; no_orderbook_seal,康和台中,8455,0.867045,False,none,Top1 康和台中 淨買0.87億; none; 非追蹤; 2連板,0.014025245441795287,0.09957924263674633,twse,2,True,False,6,official,
2484,希華,2026-07-01,locked,79.8,79.8,NA,daily_close_lock_only; no_orderbook_seal,凱基城中,9227,6.423054221999999,False,momentum,Top1 凱基城中 淨買6.42億; momentum; 非追蹤; 首板,0.00877192982456143,0.09899749373433586,twse,1,True,True,6,official,
3577,泓格,2026-07-01,locked,130.0,130.0,NA,daily_close_lock_only; no_orderbook_seal,群益內湖,918d,0.104765,False,none,Top1 群益內湖 淨買0.10億; none; 非追蹤; 首板,0.03846153846153855,0.10000000000000009,tpex,1,True,True,6,official,
7402,邑錡,2026-07-01,locked,126.5,126.5,NA,daily_close_lock_only; no_orderbook_seal,凱基台北,9268,0.29319,False,none,Top1 凱基台北 淨買0.29億; none; 非追蹤; 首板,0.011857707509881354,-0.0039525691699604515,tpex,1,True,True,6,official,
1467,南緯,2026-07-02,locked,8.83,8.83,NA,daily_close_lock_only; no_orderbook_seal,元大南屯,9853,0.0200441,False,none,Top1 元大南屯 淨買0.02億; none; 非追蹤; 2連板,0.09966024915062288,0.09966024915062288,twse,2,True,False,6,official,
2466,冠西電,2026-07-02,locked,78.4,78.4,NA,daily_close_lock_only; no_orderbook_seal,凱基中山,9229,0.39025098399999997,False,none,Top1 凱基中山 淨買0.39億; none; 非追蹤; 3連板,0.09948979591836737,0.09948979591836737,twse,3,True,False,6,official,
2481,強茂,2026-07-02,locked,213.5,213.5,NA,daily_close_lock_only; no_orderbook_seal,凱基站前,920F,0.75750378,False,none,Top1 凱基站前 淨買0.76億; none; 非追蹤; 首板,-0.011709601873536313,-0.030444964871194413,twse,1,True,True,6,official,
3577,泓格,2026-07-02,locked,143.0,143.0,NA,daily_close_lock_only; no_orderbook_seal,凱基城中,9227,0.325965,False,none,Top1 凱基城中 淨買0.33億; none; 非追蹤; 2連板,0.0,-0.034965034965035,tpex,2,True,False,6,official,
1447,力鵬,2026-07-03,locked,9.99,9.99,NA,daily_close_lock_only; no_orderbook_seal,國泰敦南,8888,0.18850024729999998,False,none,Top1 國泰敦南 淨買0.19億; none; 非追蹤; 5連板,0.07607607607607614,-0.048048048048048075,twse,5,True,False,6,official,
1467,南緯,2026-07-03,locked,9.71,9.71,NA,daily_close_lock_only; no_orderbook_seal,台新松德,9B2a,0.0379661,False,none,Top1 台新松德 淨買0.04億; none; 非追蹤; 3連板,0.06591143151390311,-0.0411946446961895,twse,3,True,False,6,official,
1718,中纖,2026-07-03,locked,14.95,14.95,NA,daily_close_lock_only; no_orderbook_seal,凱基城中,9227,6.240098952,False,momentum,Top1 凱基城中 淨買6.24億; momentum; 非追蹤; 2連板,0.056856187290970084,0.01672240802675584,twse,2,True,False,6,official,
1810,和成,2026-07-03,locked,23.25,23.25,NA,daily_close_lock_only; no_orderbook_seal,元大竹科,980K,0.121059,False,none,Top1 元大竹科 淨買0.12億; none; 非追蹤; 首板,0.058064516129032295,0.019354838709677358,twse,1,True,True,6,official,
2466,冠西電,2026-07-03,locked,86.2,86.2,NA,daily_close_lock_only; no_orderbook_seal,凱基中山,9229,0.643914,False,none,Top1 凱基中山 淨買0.64億; none; 非追蹤; 4連板,0.09976798143851506,0.09976798143851506,twse,4,True,False,6,official,
7402,邑錡,2026-07-03,locked,138.5,138.5,NA,daily_close_lock_only; no_orderbook_seal,凱基市府,920D,1.1656995,False,momentum,Top1 凱基市府 淨買1.17億; momentum; 非追蹤; 首板,0.018050541516245522,-0.018050541516245522,tpex,1,True,True,6,official,
2466,冠西電,2026-07-06,locked,94.8,94.8,NA,daily_close_lock_only; no_orderbook_seal,康和台中,8455,0.189584,False,none,Top1 康和台中 淨買0.19億; none; 非追蹤; 5連板,0.08649789029535859,-0.02320675105485237,twse,5,True,False,6,official,
2481,強茂,2026-07-06,locked,227.5,227.5,NA,daily_close_lock_only; no_orderbook_seal,凱基城中,9227,1.510597725,False,momentum,Top1 凱基城中 淨買1.51億; momentum; 非追蹤; 首板,-0.00219780219780219,-0.05054945054945059,twse,1,True,True,6,official,
1303,南亞,2026-07-08,locked,182.0,182.0,NA,daily_close_lock_only; no_orderbook_seal,統一城中,5854,4.31021975,False,momentum,Top1 統一城中 淨買4.31億; momentum; 非追蹤; 首板,0.024725274725274637,-0.0027472527472527375,twse,1,True,True,6,official,
2465,麗臺,2026-07-08,locked,81.4,81.4,NA,daily_close_lock_only; no_orderbook_seal,凱基台北,9268,0.253269263,False,none,Top1 凱基台北 淨買0.25億; none; 非追蹤; 首板,0.04422604422604426,0.09950859950859936,twse,1,True,True,6,official,
3026,禾伸堂,2026-07-08,locked,953.0,953.0,NA,daily_close_lock_only; no_orderbook_seal,台新城東,9B2r,2.92337156,False,momentum,Top1 台新城東 淨買2.92億; momentum; 非追蹤; 首板,0.01364113326337879,0.05456453305351516,twse,1,True,True,6,official,
3189,景碩,2026-07-08,locked,755.0,755.0,NA,daily_close_lock_only; no_orderbook_seal,凱基台北,9268,5.07665198,False,momentum,Top1 凱基台北 淨買5.08億; momentum; 非追蹤; 首板,0.019867549668874274,0.052980132450331174,twse,1,True,True,6,official,
7402,邑錡,2026-07-08,locked,135.5,135.5,NA,daily_close_lock_only; no_orderbook_seal,群益內湖,918d,0.10563,False,none,Top1 群益內湖 淨買0.11億; none; 非追蹤; 首板,0.03321033210332103,-0.03321033210332103,tpex,1,True,True,6,official,
2465,麗臺,2026-07-09,locked,89.5,89.5,NA,daily_close_lock_only; no_orderbook_seal,凱基城中,9227,1.2440404,False,momentum,Top1 凱基城中 淨買1.24億; momentum; 非追蹤; 2連板,0.022346368715083775,-0.040223463687150796,twse,2,True,False,6,official,
6538,倉和,2026-07-09,locked,136.0,136.0,NA,daily_close_lock_only; no_orderbook_seal,永昌斗六,9327,0.086735,False,none,Top1 永昌斗六 淨買0.09億; none; 非追蹤; 首板,0.03676470588235303,0.09926470588235303,tpex,1,True,True,6,official,
1303,南亞,2026-07-13,locked,199.5,199.5,NA,daily_close_lock_only; no_orderbook_seal,凱基台北,9268,3.17451816,False,momentum,Top1 凱基台北 淨買3.17億; momentum; 非追蹤; 首板,0.01754385964912286,0.05263157894736836,twse,1,True,True,6,official,
1810,和成,2026-07-13,locked,26.2,26.2,NA,daily_close_lock_only; no_orderbook_seal,元大竹科,980K,0.17081002,False,none,Top1 元大竹科 淨買0.17億; none; 非追蹤; 首板,0.04961832061068705,0.0992366412213741,twse,1,True,True,6,official,
5483,中美晶,2026-07-13,locked,231.5,231.5,NA,daily_close_lock_only; no_orderbook_seal,元大大安,983N,1.84274,False,momentum,Top1 元大大安 淨買1.84億; momentum; 非追蹤; 首板,0.004319654427645814,0.09287257019438444,tpex,1,True,True,6,official,
6538,倉和,2026-07-13,locked,149.5,149.5,NA,daily_close_lock_only; no_orderbook_seal,凱基台北,9268,0.22451,False,none,Top1 凱基台北 淨買0.22億; none; 非追蹤; 2連板,-0.01672240802675584,0.04347826086956519,tpex,2,True,False,6,official,
7402,邑錡,2026-07-13,locked,144.0,144.0,NA,daily_close_lock_only; no_orderbook_seal,元大台北,980h,1.36054,False,momentum,Top1 元大台北 淨買1.36億; momentum; 非追蹤; 首板,-0.00347222222222221,-0.01736111111111116,tpex,1,True,True,6,official,
1810,和成,2026-07-14,locked,28.8,28.8,NA,daily_close_lock_only; no_orderbook_seal,凱基台北,9268,0.57155656,False,none,Top1 凱基台北 淨買0.57億; none; 非追蹤; 2連板,0.01388888888888884,0.07986111111111116,twse,2,True,False,6,official,
6243,迅杰,2026-07-14,locked,39.65,39.65,NA,daily_close_lock_only; no_orderbook_seal,凱基台北,9268,0.100363,False,none,Top1 凱基台北 淨買0.10億; none; 非追蹤; 首板,0.09962168978562436,0.09962168978562436,twse,1,True,True,6,official,
1447,力鵬,2026-07-15,locked,8.87,8.87,NA,daily_close_lock_only; no_orderbook_seal,新光,8560,0.0652905226,False,none,Top1 新光 淨買0.07億; none; 非追蹤; 首板,0.0,-0.028184892897407,twse,1,True,True,6,official,
2344,華邦電,2026-07-15,locked,180.5,180.5,NA,daily_close_lock_only; no_orderbook_seal,凱基台北,9268,3.45667988,False,dual,Top1 凱基台北 淨買3.46億; dual; 非追蹤; 首板,-0.024930747922437657,-0.047091412742382266,twse,1,True,True,6,official,
2466,冠西電,2026-07-15,locked,115.5,115.5,NA,daily_close_lock_only; no_orderbook_seal,統一仁愛,585c,0.04198,False,none,Top1 統一仁愛 淨買0.04億; none; 非追蹤; 首板,-0.012987012987012991,0.04761904761904767,twse,1,True,True,6,official,
4939,亞電,2026-07-15,locked,60.8,60.8,NA,daily_close_lock_only; no_orderbook_seal,凱基城中,9227,0.961185,False,none,Top1 凱基城中 淨買0.96億; none; 非追蹤; 首板,-0.008223684210526327,0.09868421052631571,tpex,1,True,True,6,official,
6243,迅杰,2026-07-15,locked,43.6,43.6,NA,daily_close_lock_only; no_orderbook_seal,國票博愛,779z,0.090252,False,none,Top1 國票博愛 淨買0.09億; none; 非追蹤; 2連板,0.09977064220183496,0.09977064220183496,twse,2,True,False,6,official,
2484,希華,2026-07-16,locked,89.6,89.6,NA,daily_close_lock_only; no_orderbook_seal,凱基城中,9227,1.167673026,False,momentum,Top1 凱基城中 淨買1.17億; momentum; 非追蹤; 首板,-0.03459821428571419,-0.0993303571428571,twse,1,True,True,6,official,
3577,泓格,2026-07-16,locked,138.5,138.5,NA,daily_close_lock_only; no_orderbook_seal,凱基台北,9268,0.080345,False,none,Top1 凱基台北 淨買0.08億; none; 非追蹤; 首板,-0.010830324909747335,-0.06137184115523464,tpex,1,True,True,6,official,
4939,亞電,2026-07-16,locked,66.8,66.8,NA,daily_close_lock_only; no_orderbook_seal,凱基站前,920F,2.569487703,False,momentum,Top1 凱基站前 淨買2.57億; momentum; 非追蹤; 2連板,-0.026946107784431073,-0.09880239520958078,tpex,2,True,False,6,official,
6243,迅杰,2026-07-16,locked,47.95,47.95,NA,daily_close_lock_only; no_orderbook_seal,凱基台北,9268,0.1749185,False,none,Top1 凱基台北 淨買0.17億; none; 非追蹤; 3連板,0.0010427528675702735,0.07612095933263818,twse,3,True,False,6,official,
1467,南緯,2026-07-20,locked,9.57,9.57,NA,daily_close_lock_only; no_orderbook_seal,華南鳳山,9331,0.0478066,False,none,Top1 華南鳳山 淨買0.05億; none; 非追蹤; 首板,0.09717868338557989,0.09717868338557989,twse,1,True,True,6,official,
3577,泓格,2026-07-20,locked,143.0,143.0,NA,daily_close_lock_only; no_orderbook_seal,凱基城中,9227,0.48783,False,none,Top1 凱基城中 淨買0.49億; none; 非追蹤; 首板,0.02447552447552437,0.09790209790209792,tpex,1,True,True,6,official,
4939,亞電,2026-07-20,locked,66.2,66.2,NA,daily_close_lock_only; no_orderbook_seal,凱基台北,9268,0.8050191319999999,False,none,Top1 凱基台北 淨買0.81億; none; 非追蹤; 首板,0.0226586102719033,0.09969788519637457,tpex,1,True,True,6,official,
1467,南緯,2026-07-21,locked,10.5,10.5,NA,daily_close_lock_only; no_orderbook_seal,台新松德,9B2a,0.05187,False,none,Top1 台新松德 淨買0.05億; none; 非追蹤; 2連板,-0.023809523809523836,-0.04761904761904767,twse,2,True,False,6,official,
1810,和成,2026-07-21,locked,31.05,31.05,NA,daily_close_lock_only; no_orderbook_seal,凱基城中,9227,0.7490265,False,none,Top1 凱基城中 淨買0.75億; none; 非追蹤; 首板,0.07568438003220601,0.0998389694041868,twse,1,True,True,6,official,
3037,欣興,2026-07-21,locked,825.0,825.0,NA,daily_close_lock_only; no_orderbook_seal,群益大安,918e,8.0900753,False,dual,Top1 群益大安 淨買8.09億; dual; 非追蹤; 首板,0.06181818181818177,0.09939393939393937,twse,1,True,True,6,official,
3189,景碩,2026-07-21,locked,746.0,746.0,NA,daily_close_lock_only; no_orderbook_seal,凱基台北,9268,4.1532579,False,momentum,Top1 凱基台北 淨買4.15億; momentum; 非追蹤; 首板,0.07774798927613946,0.06702412868632712,twse,1,True,True,6,official,
3577,泓格,2026-07-21,locked,157.0,157.0,NA,daily_close_lock_only; no_orderbook_seal,永豐金板新,9A9J,0.469285,False,none,Top1 永豐金板新 淨買0.47億; none; 非追蹤; 2連板,0.0,-0.031847133757961776,tpex,2,True,False,6,official,
4939,亞電,2026-07-21,locked,72.8,72.8,NA,daily_close_lock_only; no_orderbook_seal,凱基城中,9227,3.969689,False,momentum,Top1 凱基城中 淨買3.97億; momentum; 非追蹤; 2連板,0.05631868131868134,-0.026098901098901006,tpex,2,True,False,6,official,
6243,迅杰,2026-07-21,locked,51.0,51.0,NA,daily_close_lock_only; no_orderbook_seal,凱基台北,9268,0.10255349,False,none,Top1 凱基台北 淨買0.10億; none; 非追蹤; 首板,0.05882352941176472,-0.01764705882352935,twse,1,True,True,6,official,
1810,和成,2026-07-22,locked,34.15,34.15,NA,daily_close_lock_only; no_orderbook_seal,凱基城中,9227,1.2742185115,False,momentum,Top1 凱基城中 淨買1.27億; momentum; 非追蹤; 2連板,-0.027818448023425923,-0.09956076134699854,twse,2,True,False,6,official,
2344,華邦電,2026-07-22,locked,171.0,171.0,NA,daily_close_lock_only; no_orderbook_seal,凱基城中,9227,8.20237995,False,dual,Top1 凱基城中 淨買8.20億; dual; 非追蹤; 首板,0.005847953216374213,-0.05847953216374269,twse,1,True,True,6,official,
2408,南亞科,2026-07-22,locked,445.5,445.5,NA,daily_close_lock_only; no_orderbook_seal,凱基城中,9227,6.3151779,False,momentum,Top1 凱基城中 淨買6.32億; momentum; 非追蹤; 首板,0.014590347923681302,-0.043771043771043794,twse,1,True,True,6,official,
2492,華新科,2026-07-22,locked,300.0,300.0,NA,daily_close_lock_only; no_orderbook_seal,凱基城中,9227,1.196397,False,momentum,Top1 凱基城中 淨買1.20億; momentum; 非追蹤; 首板,-0.023333333333333317,0.0,twse,1,True,True,6,official,
3163,波若威,2026-07-22,locked,730.0,730.0,NA,daily_close_lock_only; no_orderbook_seal,富邦新店,9661,0.7578547,False,momentum,Top1 富邦新店 淨買0.76億; momentum; 非追蹤; 首板,0.049315068493150704,0.042465753424657526,tpex,1,True,True,6,official,
3234,光環,2026-07-22,locked,108.5,108.5,NA,daily_close_lock_only; no_orderbook_seal,台新建北,9B18,0.094655,False,none,Top1 台新建北 淨買0.09億; none; 非追蹤; 首板,0.0,-0.009216589861751112,tpex,1,True,True,6,official,
6243,迅杰,2026-07-24,locked,52.2,52.2,NA,daily_close_lock_only; no_orderbook_seal,凱基站前,920F,0.35437676,False,none,Top1 凱基站前 淨買0.35億; none; 非追蹤; 首板,0.051724137931034475,-0.05747126436781613,twse,1,True,True,6,official,
6588,東典光電,2026-07-24,locked,81.5,81.5,NA,daily_close_lock_only; no_orderbook_seal,凱基台北,9268,0.097386,False,none,Top1 凱基台北 淨買0.10億; none; 非追蹤; 首板,0.04907975460122693,0.09938650306748453,tpex,1,True,True,6,official,
6588,東典光電,2026-07-27,locked,89.6,89.6,NA,daily_close_lock_only; no_orderbook_seal,國票南崁,779E,0.127517,False,none,Top1 國票南崁 淨買0.13億; none; 非追蹤; 2連板,0.0,0.0379464285714286,tpex,2,True,False,6,official,
7751,竑騰,2026-07-27,locked,1255.0,1255.0,NA,daily_close_lock_only; no_orderbook_seal,凱基城中,9227,1.50627975,False,momentum,Top1 凱基城中 淨買1.51億; momentum; 非追蹤; 首板,-0.03585657370517925,-0.055776892430278835,tpex,1,True,True,6,official,
1303,南亞,2026-07-31,locked,159.5,159.5,NA,daily_close_lock_only; no_orderbook_seal,凱基城中,9227,2.17502494,False,momentum,Top1 凱基城中 淨買2.18億; momentum; 非追蹤; 首板,0.040752351097178785,0.034482758620689724,twse,1,True,True,6,official,
2344,華邦電,2026-07-31,locked,130.0,130.0,NA,daily_close_lock_only; no_orderbook_seal,凱基台北,9268,3.48777,False,momentum,Top1 凱基台北 淨買3.49億; momentum; 非追蹤; 首板,0.03076923076923066,0.10000000000000009,twse,1,True,True,6,official,
2408,南亞科,2026-07-31,locked,360.5,360.5,NA,daily_close_lock_only; no_orderbook_seal,凱基台北,9268,4.6392745,False,momentum,Top1 凱基台北 淨買4.64億; momentum; 非追蹤; 首板,0.03883495145631066,0.09986130374479885,twse,1,True,True,6,official,
2481,強茂,2026-07-31,locked,117.5,117.5,NA,daily_close_lock_only; no_orderbook_seal,凱基站前,920F,1.293470815,False,momentum,Top1 凱基站前 淨買1.29億; momentum; 非追蹤; 首板,-0.004255319148936176,0.09787234042553195,twse,1,True,True,6,official,
2492,華新科,2026-07-31,locked,218.0,218.0,NA,daily_close_lock_only; no_orderbook_seal,兆豐南門,700g,0.28122,False,none,Top1 兆豐南門 淨買0.28億; none; 非追蹤; 首板,0.03899082568807333,0.09862385321100908,twse,1,True,True,6,official,
3037,欣興,2026-07-31,locked,787.0,787.0,NA,daily_close_lock_only; no_orderbook_seal,凱基站前,920F,2.31003388,False,momentum,Top1 凱基站前 淨買2.31億; momentum; 非追蹤; 首板,0.0698856416772553,0.09911054637865302,twse,1,True,True,6,official,
3189,景碩,2026-07-31,locked,635.0,635.0,NA,daily_close_lock_only; no_orderbook_seal,統一三重,585J,0.67945,False,dual,Top1 統一三重 淨買0.68億; dual; 非追蹤; 首板,0.09448818897637801,0.09921259842519681,twse,1,True,True,6,official,
3234,光環,2026-07-31,locked,95.7,95.7,NA,daily_close_lock_only; no_orderbook_seal,元大竹科,980K,0.0402897,False,none,Top1 元大竹科 淨買0.04億; none; 非追蹤; 首板,0.0,0.0867293625914316,tpex,1,True,True,6,official,
6243,迅杰,2026-07-31,locked,50.7,50.7,NA,daily_close_lock_only; no_orderbook_seal,凱基台北,9268,0.125877243,False,none,Top1 凱基台北 淨買0.13億; none; 非追蹤; 首板,-0.013806706114398493,-0.05128205128205132,twse,1,True,True,6,official,
6588,東典光電,2026-07-31,locked,89.1,89.1,NA,daily_close_lock_only; no_orderbook_seal,凱基站前,920F,0.16030599999999998,False,none,Top1 凱基站前 淨買0.16億; none; 非追蹤; 首板,0.021324354657688005,-0.02581369248035914,tpex,1,True,True,6,official,
8021,尖點,2026-07-31,locked,323.0,323.0,NA,daily_close_lock_only; no_orderbook_seal,凱基台北,9268,0.74285155,False,none,Top1 凱基台北 淨買0.74億; none; 非追蹤; 首板,0.026315789473684292,0.09907120743034059,twse,1,True,True,6,official,
1718,中纖,2026-08-03,locked,9.6,9.6,NA,daily_close_lock_only; no_orderbook_seal,元大竹科,980K,0.0960607,False,none,Top1 元大竹科 淨買0.10億; none; 非追蹤; 首板,0.025000000000000133,0.04062500000000013,twse,1,True,True,6,official,
2408,南亞科,2026-08-03,locked,396.5,396.5,NA,daily_close_lock_only; no_orderbook_seal,永豐內湖,9A9g,1.05351906,False,momentum,Top1 永豐內湖 淨買1.05億; momentum; 非追蹤; 2連板,0.008827238335435084,0.09962168978562413,twse,2,True,False,6,official,
2426,鼎元,2026-08-03,locked,55.3,55.3,NA,daily_close_lock_only; no_orderbook_seal,群益大安,918e,0.090086,False,none,Top1 群益大安 淨買0.09億; none; 非追蹤; 首板,0.0488245931283906,0.09945750452079571,twse,1,True,True,6,official,
2481,強茂,2026-08-03,locked,129.0,129.0,NA,daily_close_lock_only; no_orderbook_seal,凱基台北,9268,0.353935,False,momentum,Top1 凱基台北 淨買0.35億; momentum; 非追蹤; 2連板,-0.011627906976744207,0.007751937984496138,twse,2,True,False,6,official,
3163,波若威,2026-08-03,locked,598.0,598.0,NA,daily_close_lock_only; no_orderbook_seal,凱基台北,9268,1.5917412,False,momentum,Top1 凱基台北 淨買1.59億; momentum; 非追蹤; 2連板,0.07023411371237454,0.09866220735785958,tpex,2,True,False,6,official,
3577,泓格,2026-08-03,locked,128.5,128.5,NA,daily_close_lock_only; no_orderbook_seal,凱基台北,9268,0.118605,False,none,Top1 凱基台北 淨買0.12億; none; 非追蹤; 首板,0.035019455252918386,0.023346303501945442,tpex,1,True,True,6,official,
4939,亞電,2026-08-03,locked,55.8,55.8,NA,daily_close_lock_only; no_orderbook_seal,凱基站前,920F,0.787827,False,none,Top1 凱基站前 淨買0.79億; none; 非追蹤; 首板,0.0,0.008960573476702427,tpex,1,True,True,6,official,
4979,華星光,2026-08-03,locked,407.0,407.0,NA,daily_close_lock_only; no_orderbook_seal,凱基台北,9268,0.60991573,False,momentum,Top1 凱基台北 淨買0.61億; momentum; 非追蹤; 首板,0.04422604422604426,0.09950859950859958,tpex,1,True,True,6,official,
5483,中美晶,2026-08-03,locked,172.5,172.5,NA,daily_close_lock_only; no_orderbook_seal,凱基台北,9268,3.3748717,False,momentum,Top1 凱基台北 淨買3.37億; momentum; 非追蹤; 首板,0.026086956521739202,0.049275362318840665,tpex,1,True,True,6,official,
8021,尖點,2026-08-03,locked,355.0,355.0,NA,daily_close_lock_only; no_orderbook_seal,台新證券,9B00,0.639794385,False,none,Top1 台新證券 淨買0.64億; none; 非追蹤; 2連板,0.04225352112676051,0.10000000000000009,twse,2,True,False,6,official,
8358,金居,2026-08-03,locked,327.5,327.5,NA,daily_close_lock_only; no_orderbook_seal,凱基台北,9268,2.46280425,False,dual,Top1 凱基台北 淨買2.46億; dual; 非追蹤; 2連板,0.006106870229007688,0.04122137404580162,tpex,2,True,False,6,official,
2344,華邦電,2026-08-04,locked,157.0,157.0,NA,daily_close_lock_only; no_orderbook_seal,凱基台北,9268,7.81788323,False,momentum,Top1 凱基台北 淨買7.82億; momentum; 非追蹤; 3連板,0.06369426751592355,0.07643312101910826,twse,3,True,False,6,official,
2408,南亞科,2026-08-04,locked,436.0,436.0,NA,daily_close_lock_only; no_orderbook_seal,凱基台北,9268,22.300805435,False,momentum,Top1 凱基台北 淨買22.30億; momentum; 非追蹤; 3連板,0.07568807339449535,0.020642201834862428,twse,3,True,False,6,official,
2426,鼎元,2026-08-04,locked,60.8,60.8,NA,daily_close_lock_only; no_orderbook_seal,台新證券,9B00,0.36869477,False,none,Top1 台新證券 淨買0.37億; none; 非追蹤; 2連板,0.06743421052631593,0.027960526315789602,twse,2,True,False,6,official,
2484,希華,2026-08-04,locked,69.9,69.9,NA,daily_close_lock_only; no_orderbook_seal,凱基台北,9268,0.221979,False,none,Top1 凱基台北 淨買0.22億; none; 非追蹤; 首板,0.025751072961373245,0.008583690987124415,twse,1,True,True,6,official,
2491,吉祥全,2026-08-04,locked,26.45,26.45,NA,daily_close_lock_only; no_orderbook_seal,富邦陽明,9604,0.030486,False,none,Top1 富邦陽明 淨買0.03億; none; 非追蹤; 首板,0.09829867674858228,0.09829867674858228,twse,1,True,True,6,official,
3163,波若威,2026-08-04,locked,657.0,657.0,NA,daily_close_lock_only; no_orderbook_seal,富邦新店,9661,0.4175102,False,momentum,Top1 富邦新店 淨買0.42億; momentum; 非追蹤; 3連板,0.09893455098934556,0.09893455098934556,tpex,3,True,False,6,official,
3189,景碩,2026-08-04,locked,767.0,767.0,NA,daily_close_lock_only; no_orderbook_seal,凱基大里,920W,0.593694,False,dual,Top1 凱基大里 淨買0.59億; dual; 非追蹤; 3連板,0.09908735332464147,0.07953063885267264,twse,3,True,False,6,official,
4979,華星光,2026-08-04,locked,447.5,447.5,NA,daily_close_lock_only; no_orderbook_seal,凱基台北,9268,1.33119927,False,momentum,Top1 凱基台北 淨買1.33億; momentum; 非追蹤; 2連板,0.09944134078212286,0.09944134078212286,tpex,2,True,False,6,official,
6538,倉和,2026-08-04,locked,148.5,148.5,NA,daily_close_lock_only; no_orderbook_seal,凱基台北,9268,0.5163145,False,none,Top1 凱基台北 淨買0.52億; none; 非追蹤; 首板,0.09427609427609429,0.05387205387205385,tpex,1,True,True,6,official,
6588,東典光電,2026-08-04,locked,95.4,95.4,NA,daily_close_lock_only; no_orderbook_seal,元大竹科,980K,0.1857743,False,none,Top1 元大竹科 淨買0.19億; none; 非追蹤; 首板,0.026205450733752578,-0.014675052410901501,tpex,1,True,True,6,official,
7751,竑騰,2026-08-04,locked,1365.0,1365.0,NA,daily_close_lock_only; no_orderbook_seal,凱基台北,9268,0.770773,False,none,Top1 凱基台北 淨買0.77億; none; 非追蹤; 首板,0.0219780219780219,0.0293040293040292,tpex,1,True,True,6,official,
8021,尖點,2026-08-04,locked,390.5,390.5,NA,daily_close_lock_only; no_orderbook_seal,凱基台北,9268,1.77707983,False,momentum,Top1 凱基台北 淨買1.78億; momentum; 非追蹤; 3連板,0.09987195902688861,0.014084507042253502,twse,3,True,False,6,official,
1467,南緯,2026-08-05,locked,9.97,9.97,NA,daily_close_lock_only; no_orderbook_seal,凱基台北,9268,0.0152114,False,none,Top1 凱基台北 淨買0.02億; none; 非追蹤; 首板,0.0030090270812437314,0.0020060180541623396,twse,1,True,True,6,official,
2465,麗臺,2026-08-05,locked,85.8,85.8,NA,daily_close_lock_only; no_orderbook_seal,凱基台北,9268,0.215173,False,none,Top1 凱基台北 淨買0.22億; none; 非追蹤; 首板,0.005827505827505908,-0.0034965034965034336,twse,1,True,True,6,official,
3026,禾伸堂,2026-08-05,locked,547.0,547.0,NA,daily_close_lock_only; no_orderbook_seal,元大館前,984K,1.9474867,False,dual,Top1 元大館前 淨買1.95億; dual; 非追蹤; 首板,-0.010968921389396757,0.08409506398537481,twse,1,True,True,6,official,
3163,波若威,2026-08-05,locked,722.0,722.0,NA,daily_close_lock_only; no_orderbook_seal,群益台北,918X,0.85206,False,momentum,Top1 群益台北 淨買0.85億; momentum; 非追蹤; 4連板,0.0,-0.0166204986149584,tpex,4,True,False,6,official,
4979,華星光,2026-08-05,locked,492.0,492.0,NA,daily_close_lock_only; no_orderbook_seal,元大土城永,9875,2.63034474,False,momentum,Top1 元大土城永 淨買2.63億; momentum; 非追蹤; 3連板,-0.03963414634146345,-0.008130081300813052,tpex,3,True,False,6,official,
2491,吉祥全,2026-08-06,locked,31.95,31.95,NA,daily_close_lock_only; no_orderbook_seal,群益大安,918e,0.010224,False,none,Top1 群益大安 淨買0.01億; none; 非追蹤; 3連板,0.05164319248826299,-0.006259780907668211,twse,3,True,False,6,official,
8358,金居,2026-08-06,locked,384.0,384.0,NA,daily_close_lock_only; no_orderbook_seal,凱基城中,9227,1.97549223,False,momentum,Top1 凱基城中 淨買1.98億; momentum; 非追蹤; 首板,0.0234375,-0.08333333333333337,tpex,1,True,True,6,official,
2408,南亞科,2026-08-10,locked,502.0,502.0,NA,daily_close_lock_only; no_orderbook_seal,凱基站前,920F,26.238217745,False,momentum,Top1 凱基站前 淨買26.24億; momentum; 非追蹤; 首板,-0.020916334661354563,-0.02589641434262946,twse,1,True,True,6,official,
2465,麗臺,2026-08-10,locked,93.6,93.6,NA,daily_close_lock_only; no_orderbook_seal,凱基台北,9268,0.48470736799999997,False,none,Top1 凱基台北 淨買0.48億; none; 非追蹤; 首板,0.010683760683760646,-0.07158119658119644,twse,1,True,True,6,official,
2491,吉祥全,2026-08-10,locked,34.9,34.9,NA,daily_close_lock_only; no_orderbook_seal,群益大安,918e,0.015007,False,none,Top1 群益大安 淨買0.02億; none; 非追蹤; 首板,0.025787965616045794,-0.02005730659025773,twse,1,True,True,6,official,
3026,禾伸堂,2026-08-10,locked,588.0,588.0,NA,daily_close_lock_only; no_orderbook_seal,元大板橋,989C,0.2291912,False,dual,Top1 元大板橋 淨買0.23億; dual; 非追蹤; 首板,0.04931972789115657,0.09863945578231292,twse,1,True,True,6,official,
3234,光環,2026-08-10,locked,118.0,118.0,NA,daily_close_lock_only; no_orderbook_seal,凱基城中,9227,0.76280568,False,none,Top1 凱基城中 淨買0.76億; none; 非追蹤; 首板,0.016949152542372836,0.029661016949152463,tpex,1,True,True,6,official,
4979,華星光,2026-08-10,locked,536.0,536.0,NA,daily_close_lock_only; no_orderbook_seal,凱基台北,9268,4.15858484,False,momentum,Top1 凱基台北 淨買4.16億; momentum; 非追蹤; 首板,-0.02985074626865669,-0.04850746268656714,tpex,1,True,True,6,official,
2492,華新科,2026-08-11,locked,300.5,300.5,NA,daily_close_lock_only; no_orderbook_seal,元大館前,984K,3.43121027,False,momentum,Top1 元大館前 淨買3.43億; momentum; 非追蹤; 首板,-0.008319467554076532,-0.04159733777038266,twse,1,True,True,6,official,
3026,禾伸堂,2026-08-11,locked,646.0,646.0,NA,daily_close_lock_only; no_orderbook_seal,凱基站前,920F,5.47142673,False,dual,Top1 凱基站前 淨買5.47億; dual; 非追蹤; 2連板,0.0,0.06037151702786381,twse,2,True,False,6,official,
1718,中纖,2026-08-12,locked,11.2,11.2,NA,daily_close_lock_only; no_orderbook_seal,凱基城中,9227,0.821539785,False,none,Top1 凱基城中 淨買0.82億; none; 非追蹤; 首板,0.013392857142857206,-0.017857142857142794,twse,1,True,True,6,official,
2465,麗臺,2026-08-12,locked,95.5,95.5,NA,daily_close_lock_only; no_orderbook_seal,凱基台北,9268,0.130691115,False,none,Top1 凱基台北 淨買0.13億; none; 非追蹤; 首板,0.03769633507853398,0.09947643979057585,twse,1,True,True,6,official,
4979,華星光,2026-08-12,locked,561.0,561.0,NA,daily_close_lock_only; no_orderbook_seal,凱基台北,9268,3.92343553,False,momentum,Top1 凱基台北 淨買3.92億; momentum; 非追蹤; 首板,0.03208556149732611,0.005347593582887722,tpex,1,True,True,6,official,
5483,中美晶,2026-08-12,locked,185.0,185.0,NA,daily_close_lock_only; no_orderbook_seal,凱基城中,9227,0.90626725,False,none,Top1 凱基城中 淨買0.91億; none; 非追蹤; 首板,0.016216216216216273,0.013513513513513598,tpex,1,True,True,6,official,
6538,倉和,2026-08-12,locked,161.5,161.5,NA,daily_close_lock_only; no_orderbook_seal,元大竹科,980K,0.240645,False,none,Top1 元大竹科 淨買0.24億; none; 非追蹤; 首板,0.09907120743034059,0.09907120743034059,tpex,1,True,True,6,official,
6588,東典光電,2026-08-12,locked,97.1,97.1,NA,daily_close_lock_only; no_orderbook_seal,凱基台北,9268,0.354415,False,none,Top1 凱基台北 淨買0.35億; none; 非追蹤; 首板,0.02059732234809486,-0.03501544799176104,tpex,1,True,True,6,official,
8358,金居,2026-08-12,locked,418.5,418.5,NA,daily_close_lock_only; no_orderbook_seal,凱基城中,9227,4.213456455,False,momentum,Top1 凱基城中 淨買4.21億; momentum; 非追蹤; 2連板,0.06332138590203096,0.005973715651135025,tpex,2,True,False,6,official,
2465,麗臺,2026-08-13,locked,105.0,105.0,NA,daily_close_lock_only; no_orderbook_seal,兆豐台中,7003,0.103318,False,none,Top1 兆豐台中 淨買0.10億; none; 非追蹤; 2連板,0.00952380952380949,-0.08666666666666656,twse,2,True,False,6,official,
2492,華新科,2026-08-13,locked,316.5,316.5,NA,daily_close_lock_only; no_orderbook_seal,凱基松山,9217,7.5607638,False,momentum,Top1 凱基松山 淨買7.56億; momentum; 非追蹤; 首板,0.014218009478673022,-0.04423380726698267,twse,1,True,True,6,official,
6538,倉和,2026-08-13,locked,177.5,177.5,NA,daily_close_lock_only; no_orderbook_seal,凱基台北,9268,0.22155995,False,none,Top1 凱基台北 淨買0.22億; none; 非追蹤; 2連板,0.022535211267605604,0.036619718309859106,tpex,2,True,False,6,official,
1810,和成,2026-08-14,locked,27.55,27.55,NA,daily_close_lock_only; no_orderbook_seal,兆豐台中,7003,0.267436878,False,none,Top1 兆豐台中 淨買0.27億; none; 非追蹤; 首板,0.01814882032667886,-0.0490018148820327,twse,1,True,True,6,official,
7402,邑錡,2026-08-14,locked,115.5,115.5,NA,daily_close_lock_only; no_orderbook_seal,元大台北,980h,0.560175,False,none,Top1 元大台北 淨買0.56億; none; 非追蹤; 首板,0.05627705627705626,0.02164502164502169,tpex,1,True,True,6,official,
7751,竑騰,2026-08-14,locked,1445.0,1445.0,NA,daily_close_lock_only; no_orderbook_seal,永昌麻豆,9308,0.834955,False,none,Top1 永昌麻豆 淨買0.83億; none; 非追蹤; 首板,0.02768166089965396,0.02422145328719716,tpex,1,True,True,6,official,
2426,鼎元,2026-08-17,locked,73.2,73.2,NA,daily_close_lock_only; no_orderbook_seal,永豐松山,9A91,0.370617938,False,none,Top1 永豐松山 淨買0.37億; none; 非追蹤; 首板,0.0,-0.08333333333333348,twse,1,True,True,6,official,
2491,吉祥全,2026-08-17,locked,37.8,37.8,NA,daily_close_lock_only; no_orderbook_seal,華南鳳山,9331,0.015295,False,none,Top1 華南鳳山 淨買0.02億; none; 非追蹤; 首板,0.058201058201058364,0.0370370370370372,twse,1,True,True,6,official,
3234,光環,2026-08-17,locked,150.0,150.0,NA,daily_close_lock_only; no_orderbook_seal,新光,8560,0.28834096,False,none,Top1 新光 淨買0.29億; none; 非追蹤; 首板,-0.00666666666666671,-0.026666666666666616,tpex,1,True,True,6,official,
2426,鼎元,2026-08-20,locked,74.8,74.8,NA,daily_close_lock_only; no_orderbook_seal,凱基台北,9268,1.2665330320000001,False,momentum,Top1 凱基台北 淨買1.27億; momentum; 非追蹤; 首板,0.06951871657754016,0.09893048128342263,twse,1,True,True,6,official,
7751,竑騰,2026-08-20,locked,1575.0,1575.0,NA,daily_close_lock_only; no_orderbook_seal,凱基台北,9268,0.62905,False,none,Top1 凱基台北 淨買0.63億; none; 非追蹤; 首板,0.09841269841269851,0.09841269841269851,tpex,1,True,True,6,official,
2426,鼎元,2026-08-21,locked,82.2,82.2,NA,daily_close_lock_only; no_orderbook_seal,凱基台北,9268,1.078310822,False,momentum,Top1 凱基台北 淨買1.08億; momentum; 非追蹤; 2連板,0.03284671532846728,0.0048661800486617945,twse,2,True,False,6,official,
7751,竑騰,2026-08-21,locked,1730.0,1730.0,NA,daily_close_lock_only; no_orderbook_seal,國票博愛,779z,0.7958,False,none,Top1 國票博愛 淨買0.80億; none; 非追蹤; 2連板,0.00867052023121384,-0.037572254335260125,tpex,2,True,False,6,official,
2426,鼎元,2026-08-25,locked,90.8,90.8,NA,daily_close_lock_only; no_orderbook_seal,凱基台北,9268,1.4708614339999997,False,momentum,Top1 凱基台北 淨買1.47億; momentum; 非追蹤; 首板,,,twse,1,True,True,6,official,missing_t1_return
2484,希華,2026-08-25,locked,79.3,79.3,NA,daily_close_lock_only; no_orderbook_seal,元大虎尾,980l,0.5970724,False,none,Top1 元大虎尾 淨買0.60億; none; 非追蹤; 首板,,,twse,1,True,True,6,official,missing_t1_return
2491,吉祥全,2026-08-25,locked,42.55,42.55,NA,daily_close_lock_only; no_orderbook_seal,凱基台北,9268,0.115526,False,none,Top1 凱基台北 淨買0.12億; none; 非追蹤; 首板,,,twse,1,True,True,6,official,missing_t1_return
4939,亞電,2026-08-25,locked,71.7,71.7,NA,daily_close_lock_only; no_orderbook_seal,元大竹科,980K,0.294514581,False,none,Top1 元大竹科 淨買0.29億; none; 非追蹤; 首板,,,tpex,1,True,True,6,official,missing_t1_return
4979,華星光,2026-08-25,locked,601.0,601.0,NA,daily_close_lock_only; no_orderbook_seal,富邦新店,9661,3.03909936,False,momentum,Top1 富邦新店 淨買3.04億; momentum; 非追蹤; 首板,,,tpex,1,True,True,6,official,missing_t1_return
6588,東典光電,2026-08-25,locked,111.5,111.5,NA,daily_close_lock_only; no_orderbook_seal,凱基台北,9268,0.33328693,False,none,Top1 凱基台北 淨買0.33億; none; 非追蹤; 首板,,,tpex,1,True,True,6,official,missing_t1_return
1617,榮星,2026-06-29,locked,18.95,18.95,NA,daily_close_lock_only; no_orderbook_seal,元大歸仁,981a,0.0187605,False,none,Top1 元大歸仁 淨買0.02億; none; 非追蹤; 首板,0.09762532981530359,0.09762532981530359,twse,1,True,True,5,official,
3066,李洲,2026-06-29,locked,24.2,24.2,NA,daily_close_lock_only; no_orderbook_seal,凱基台北,9268,0.043562,False,none,Top1 凱基台北 淨買0.04億; none; 非追蹤; 首板,0.004132231404958775,0.0,tpex,1,True,True,5,official,
6446,藥華藥,2026-06-29,locked,1270.0,1270.0,NA,daily_close_lock_only; no_orderbook_seal,凱基台北,9268,4.1183698,False,dual,Top1 凱基台北 淨買4.12億; dual; 非追蹤; 首板,0.019685039370078705,0.055118110236220375,twse,1,True,True,5,official,
7795,長廣,2026-06-29,locked,506.0,506.0,NA,daily_close_lock_only; no_orderbook_seal,凱基城中,9227,1.08245482,False,momentum,Top1 凱基城中 淨買1.08億; momentum; 非追蹤; 首板,0.09881422924901195,0.09881422924901195,twse,1,True,True,5,official,
2233,宇隆,2026-06-30,locked,212.0,212.0,NA,daily_close_lock_only; no_orderbook_seal,國泰新莊,8886,0.09328,False,none,Top1 國泰新莊 淨買0.09億; none; 非追蹤; 首板,0.09905660377358494,0.09905660377358494,twse,1,True,True,5,official,
2630,亞航,2026-06-30,locked,48.85,48.85,NA,daily_close_lock_only; no_orderbook_seal,凱基市府,920D,0.7552195,False,none,Top1 凱基市府 淨買0.76億; none; 非追蹤; 首板,0.023541453428863823,0.05629477993858756,twse,1,True,True,5,official,
3016,嘉晶,2026-06-30,locked,133.5,133.5,NA,daily_close_lock_only; no_orderbook_seal,元大館前,984K,0.09877,False,none,Top1 元大館前 淨買0.10億; none; 非追蹤; 首板,0.022471910112359605,-0.08614232209737827,twse,1,True,True,5,official,
3624,光頡,2026-06-30,locked,152.5,152.5,NA,daily_close_lock_only; no_orderbook_seal,凱基台北,9268,0.512035,False,none,Top1 凱基台北 淨買0.51億; none; 非追蹤; 首板,0.06885245901639347,0.013114754098360715,tpex,1,True,True,5,official,
4541,晟田,2026-06-30,locked,51.9,51.9,NA,daily_close_lock_only; no_orderbook_seal,元大台北,980h,0.453624101,False,none,Top1 元大台北 淨買0.45億; none; 非追蹤; 首板,0.07129094412331405,0.09248554913294815,tpex,1,True,True,5,official,
6217,中探針,2026-06-30,locked,256.0,256.0,NA,daily_close_lock_only; no_orderbook_seal,兆豐埔墘,700N,0.3602,False,none,Top1 兆豐埔墘 淨買0.36億; none; 非追蹤; 首板,0.0234375,0.02734375,tpex,1,True,True,5,official,
7795,長廣,2026-06-30,locked,556.0,556.0,NA,daily_close_lock_only; no_orderbook_seal,富邦新店,9661,0.5559722,False,none,Top1 富邦新店 淨買0.56億; none; 非追蹤; 2連板,0.05755395683453246,0.0881294964028776,twse,2,True,False,5,official,
8042,金山電,2026-06-30,locked,185.5,185.5,NA,daily_close_lock_only; no_orderbook_seal,元大館前,984K,0.38018225,False,none,Top1 元大館前 淨買0.38億; none; 非追蹤; 首板,0.06738544474393526,0.08894878706199472,tpex,1,True,True,5,official,
8150,南茂,2026-06-30,locked,99.5,99.5,NA,daily_close_lock_only; no_orderbook_seal,台新證券,9B00,1.02714982,False,momentum,Top1 台新證券 淨買1.03億; momentum; 非追蹤; 首板,0.03015075376884413,0.07537688442211055,twse,1,True,True,5,official,
1515,力山,2026-07-01,locked,35.45,35.45,NA,daily_close_lock_only; no_orderbook_seal,凱基台北,9268,0.152507,False,none,Top1 凱基台北 淨買0.15億; none; 非追蹤; 首板,0.0437235543018335,0.09873060648801135,twse,1,True,True,5,official,
1617,榮星,2026-07-01,locked,22.85,22.85,NA,daily_close_lock_only; no_orderbook_seal,台新松德,9B2a,0.0491275,False,none,Top1 台新松德 淨買0.05億; none; 非追蹤; 3連板,0.002188183807439792,-0.024070021881838155,twse,3,True,False,5,official,
2233,宇隆,2026-07-01,locked,233.0,233.0,NA,daily_close_lock_only; no_orderbook_seal,統一土城,585Y,0.05592,False,none,Top1 統一土城 淨買0.06億; none; 非追蹤; 2連板,-0.012875536480686733,0.07296137339055786,twse,2,True,False,5,official,
2645,長榮航太,2026-07-01,locked,204.0,204.0,NA,daily_close_lock_only; no_orderbook_seal,永豐敦南,9A8F,0.0827307,False,none,Top1 永豐敦南 淨買0.08億; none; 非追蹤; 首板,0.026960784313725394,-0.03431372549019607,twse,1,True,True,5,official,
5328,華容,2026-07-01,locked,78.2,78.2,NA,daily_close_lock_only; no_orderbook_seal,凱基城中,9227,0.833378,False,momentum,Top1 凱基城中 淨買0.83億; momentum; 非追蹤; 2連板,0.03580562659846542,0.04731457800511518,tpex,2,True,False,5,official,
5345,馥鴻,2026-07-01,locked,29.35,29.35,NA,daily_close_lock_only; no_orderbook_seal,元大竹東,983f,0.001693,False,none,Top1 元大竹東 淨買0.00億; none; 非追蹤; 首板,-0.011925042589437829,-0.04940374787052826,tpex,1,True,True,5,official,
8043,蜜望實,2026-07-01,locked,213.0,213.0,NA,daily_close_lock_only; no_orderbook_seal,凱基城中,9227,2.037565965,False,momentum,Top1 凱基城中 淨買2.04億; momentum; 非追蹤; 2連板,-0.023474178403755874,-0.07511737089201875,tpex,2,True,False,5,official,
8261,富鼎,2026-07-01,locked,297.5,297.5,NA,daily_close_lock_only; no_orderbook_seal,凱基台北,9268,3.30828125,False,momentum,Top1 凱基台北 淨買3.31億; momentum; 非追蹤; 2連板,-0.01848739495798324,0.09915966386554631,twse,2,True,False,5,official,
1515,力山,2026-07-02,locked,38.95,38.95,NA,daily_close_lock_only; no_orderbook_seal,元大前金,981m,0.070396825,False,none,Top1 元大前金 淨買0.07億; none; 非追蹤; 2連板,0.0012836970474967568,0.07830551989730417,twse,2,True,False,5,official,
3016,嘉晶,2026-07-02,locked,134.0,134.0,NA,daily_close_lock_only; no_orderbook_seal,台新證券,9B00,1.02276425,False,momentum,Top1 台新證券 淨買1.02億; momentum; 非追蹤; 首板,-0.02238805970149249,0.011194029850746245,twse,1,True,True,5,official,
4534,慶騰,2026-07-02,locked,34.1,34.1,NA,daily_close_lock_only; no_orderbook_seal,凱基台北,9268,0.127206,False,none,Top1 凱基台北 淨買0.13億; none; 非追蹤; 首板,-0.019061583577712593,0.00586510263929596,tpex,1,True,True,5,official,
4989,榮科,2026-07-02,locked,100.5,100.5,NA,daily_close_lock_only; no_orderbook_seal,凱基台北,9268,1.5026495,False,momentum,Top1 凱基台北 淨買1.50億; momentum; 非追蹤; 首板,-0.008955223880597107,0.09950248756218905,twse,1,True,True,5,official,
6525,捷敏-KY,2026-07-02,locked,166.5,166.5,NA,daily_close_lock_only; no_orderbook_seal,元大竹科,980K,0.192375525,False,none,Top1 元大竹科 淨買0.19億; none; 非追蹤; 首板,-0.018018018018018056,0.0990990990990992,twse,1,True,True,5,official,
6933,AMAX-KY,2026-07-02,locked,155.0,155.0,NA,daily_close_lock_only; no_orderbook_seal,兆豐三民,700h,0.02471,False,none,Top1 兆豐三民 淨買0.02億; none; 非追蹤; 首板,0.00967741935483879,-0.01935483870967747,twse,1,True,True,5,official,
8261,富鼎,2026-07-02,locked,327.0,327.0,NA,daily_close_lock_only; no_orderbook_seal,凱基城中,9227,1.5862129,False,momentum,Top1 凱基城中 淨買1.59億; momentum; 非追蹤; 3連板,-0.022935779816513735,-0.021406727828746197,twse,3,True,False,5,official,
1617,榮星,2026-07-03,locked,24.5,24.5,NA,daily_close_lock_only; no_orderbook_seal,凱基台北,9268,0.27494,False,none,Top1 凱基台北 淨買0.27億; none; 非追蹤; 首板,0.09999999999999987,0.0897959183673469,twse,1,True,True,5,official,
2233,宇隆,2026-07-03,locked,275.0,275.0,NA,daily_close_lock_only; no_orderbook_seal,元大六合,982C,0.205222165,False,none,Top1 元大六合 淨買0.21億; none; 非追蹤; 首板,0.0,-0.038181818181818206,twse,1,True,True,5,official,
2601,益航,2026-07-03,locked,6.0,6.0,NA,daily_close_lock_only; no_orderbook_seal,台新松德,9B2a,0.030587080200000002,False,none,Top1 台新松德 淨買0.03億; none; 非追蹤; 首板,0.09999999999999987,0.09999999999999987,twse,1,True,True,5,official,
2630,亞航,2026-07-03,locked,55.8,55.8,NA,daily_close_lock_only; no_orderbook_seal,凱基城中,9227,1.357041,False,momentum,Top1 凱基城中 淨買1.36億; momentum; 非追蹤; 首板,-0.014336917562723928,0.008960573476702427,twse,1,True,True,5,official,
2645,長榮航太,2026-07-03,locked,216.5,216.5,NA,daily_close_lock_only; no_orderbook_seal,台新證券,9B00,1.0572497,False,momentum,Top1 台新證券 淨買1.06億; momentum; 非追蹤; 首板,0.053117782909930744,0.09930715935334877,twse,1,True,True,5,official,
3066,李洲,2026-07-03,locked,26.5,26.5,NA,daily_close_lock_only; no_orderbook_seal,台新松德,9B2a,0.10017,False,none,Top1 台新松德 淨買0.10億; none; 非追蹤; 首板,0.060377358490566024,0.09999999999999987,tpex,1,True,True,5,official,
4169,泰宗,2026-07-03,locked,222.0,222.0,NA,daily_close_lock_only; no_orderbook_seal,台新松德,9B2a,0.29304,False,none,Top1 台新松德 淨買0.29億; none; 非追蹤; 首板,0.0990990990990992,0.0990990990990992,twse,1,True,True,5,official,
4541,晟田,2026-07-03,locked,60.7,60.7,NA,daily_close_lock_only; no_orderbook_seal,凱基城中,9227,0.365414,False,none,Top1 凱基城中 淨買0.37億; none; 非追蹤; 首板,0.05107084019769337,0.098846787479407,tpex,1,True,True,5,official,
4989,榮科,2026-07-03,locked,110.5,110.5,NA,daily_close_lock_only; no_orderbook_seal,群益大安,918e,0.9679265,False,none,Top1 群益大安 淨買0.97億; none; 非追蹤; 2連板,0.04977375565610864,0.004524886877828038,twse,2,True,False,5,official,
6525,捷敏-KY,2026-07-03,locked,183.0,183.0,NA,daily_close_lock_only; no_orderbook_seal,凱基台北,9268,0.8694025,False,none,Top1 凱基台北 淨買0.87億; none; 非追蹤; 2連板,0.09289617486338808,0.09836065573770503,twse,2,True,False,5,official,
2601,益航,2026-07-06,locked,6.6,6.6,NA,daily_close_lock_only; no_orderbook_seal,台新松德,9B2a,0.098444346,False,none,Top1 台新松德 淨買0.10億; none; 非追蹤; 2連板,0.053030303030303205,0.040909090909091006,twse,2,True,False,5,official,
2645,長榮航太,2026-07-06,locked,238.0,238.0,NA,daily_close_lock_only; no_orderbook_seal,凱基台北,9268,1.43034455,False,momentum,Top1 凱基台北 淨買1.43億; momentum; 非追蹤; 2連板,-0.010504201680672232,-0.09873949579831931,twse,2,True,False,5,official,
3066,李洲,2026-07-06,locked,29.15,29.15,NA,daily_close_lock_only; no_orderbook_seal,台新高雄,9B1g,0.0214402,False,none,Top1 台新高雄 淨買0.02億; none; 非追蹤; 2連板,0.0171526586620927,0.036020583190394584,tpex,2,True,False,5,official,
3543,州巧,2026-07-06,locked,31.95,31.95,NA,daily_close_lock_only; no_orderbook_seal,元大土城,9897,0.0257795,False,none,Top1 元大土城 淨買0.03億; none; 非追蹤; 首板,0.08920187793427226,-0.012519561815336422,twse,1,True,True,5,official,
4169,泰宗,2026-07-06,locked,244.0,244.0,NA,daily_close_lock_only; no_orderbook_seal,凱基台北,9268,0.1464,False,none,Top1 凱基台北 淨買0.15億; none; 非追蹤; 2連板,0.09836065573770503,0.09836065573770503,twse,2,True,False,5,official,
4541,晟田,2026-07-06,locked,66.7,66.7,NA,daily_close_lock_only; no_orderbook_seal,凱基台北,9268,0.403026965,False,none,Top1 凱基台北 淨買0.40億; none; 非追蹤; 2連板,0.0,-0.08395802098950522,tpex,2,True,False,5,official,
4931,新盛力,2026-07-06,locked,261.0,261.0,NA,daily_close_lock_only; no_orderbook_seal,富邦板橋,9655,0.375526855,False,none,Top1 富邦板橋 淨買0.38億; none; 非追蹤; 首板,0.03639846743295028,-0.051724137931034475,tpex,1,True,True,5,official,
6525,捷敏-KY,2026-07-06,locked,201.0,201.0,NA,daily_close_lock_only; no_orderbook_seal,新光,8560,0.19753418,False,none,Top1 新光 淨買0.20億; none; 非追蹤; 3連板,0.04477611940298498,0.09950248756218905,twse,3,True,False,5,official,
8150,南茂,2026-07-06,locked,115.5,115.5,NA,daily_close_lock_only; no_orderbook_seal,元大永寧,9875,5.24351119,False,momentum,Top1 元大永寧 淨買5.24億; momentum; 非追蹤; 首板,0.02164502164502169,-0.05627705627705626,twse,1,True,True,5,official,
8261,富鼎,2026-07-06,locked,352.0,352.0,NA,daily_close_lock_only; no_orderbook_seal,凱基台北,9268,2.2474672,False,momentum,Top1 凱基台北 淨買2.25億; momentum; 非追蹤; 首板,0.014204545454545414,-0.02840909090909094,twse,1,True,True,5,official,
4169,泰宗,2026-07-07,locked,268.0,268.0,NA,daily_close_lock_only; no_orderbook_seal,凱基城中,9227,0.25435485,False,none,Top1 凱基城中 淨買0.25億; none; 非追蹤; 3連板,0.052238805970149294,0.04104477611940305,twse,3,True,False,5,official,
6525,捷敏-KY,2026-07-07,locked,221.0,221.0,NA,daily_close_lock_only; no_orderbook_seal,凱基城中,9227,8.595165525,False,momentum,Top1 凱基城中 淨買8.60億; momentum; 非追蹤; 4連板,-0.03167420814479638,-0.09954751131221717,twse,4,True,False,5,official,
2601,益航,2026-07-08,locked,7.55,7.55,NA,daily_close_lock_only; no_orderbook_seal,凱基城中,9227,0.1352234,False,none,Top1 凱基城中 淨買0.14億; none; 非追蹤; 首板,0.0331125827814569,0.05695364238410594,twse,1,True,True,5,official,
2645,長榮航太,2026-07-08,locked,235.5,235.5,NA,daily_close_lock_only; no_orderbook_seal,台新證券,9B00,1.08532887,False,momentum,Top1 台新證券 淨買1.09億; momentum; 非追蹤; 首板,0.010615711252653925,0.019108280254777066,twse,1,True,True,5,official,
4931,新盛力,2026-07-08,locked,272.0,272.0,NA,daily_close_lock_only; no_orderbook_seal,凱基城中,9227,2.52090978,False,momentum,Top1 凱基城中 淨買2.52億; momentum; 非追蹤; 首板,0.009191176470588314,-0.0625,tpex,1,True,True,5,official,
3543,州巧,2026-07-09,locked,33.4,33.4,NA,daily_close_lock_only; no_orderbook_seal,凱基台北,9268,0.098454,False,none,Top1 凱基台北 淨買0.10億; none; 非追蹤; 首板,-0.0029940119760479833,-0.07934131736526939,twse,1,True,True,5,official,
6141,柏承,2026-07-09,locked,39.05,39.05,NA,daily_close_lock_only; no_orderbook_seal,凱基敦北,9237,0.0527175,False,none,Top1 凱基敦北 淨買0.05億; none; 非追蹤; 首板,0.003841229193342066,-0.025608194622279146,twse,1,True,True,5,official,
8042,金山電,2026-07-09,locked,178.0,178.0,NA,daily_close_lock_only; no_orderbook_seal,永豐金古亭,9A9d,0.13809955,False,none,Top1 永豐金古亭 淨買0.14億; none; 非追蹤; 首板,-0.008426966292134797,-0.098314606741573,tpex,1,True,True,5,official,
8150,南茂,2026-07-09,locked,117.0,117.0,NA,daily_close_lock_only; no_orderbook_seal,凱基台北,9268,1.8595615,False,momentum,Top1 凱基台北 淨買1.86億; momentum; 非追蹤; 首板,0.03846153846153855,-0.017094017094017144,twse,1,True,True,5,official,
3016,嘉晶,2026-07-13,locked,133.5,133.5,NA,daily_close_lock_only; no_orderbook_seal,永豐復興,9A9Z,1.33144,False,momentum,Top1 永豐復興 淨買1.33億; momentum; 非追蹤; 首板,-0.01872659176029967,-0.07116104868913853,twse,1,True,True,5,official,
4541,晟田,2026-07-13,locked,67.1,67.1,NA,daily_close_lock_only; no_orderbook_seal,凱基城中,9227,1.354339,False,momentum,Top1 凱基城中 淨買1.35億; momentum; 非追蹤; 首板,0.017883755588673722,0.05216095380029806,tpex,1,True,True,5,official,
4958,臻鼎-KY,2026-07-13,locked,646.0,646.0,NA,daily_close_lock_only; no_orderbook_seal,凱基台北,9268,12.85527776,False,momentum,Top1 凱基台北 淨買12.86億; momentum; 非追蹤; 首板,-0.004643962848297267,-0.02631578947368418,twse,1,True,True,5,official,
8383,千附,2026-07-13,locked,76.6,76.6,NA,daily_close_lock_only; no_orderbook_seal,富邦南屯,9666,0.2213237,False,none,Top1 富邦南屯 淨買0.22億; none; 非追蹤; 2連板,0.08355091383812008,0.09921671018276768,tpex,2,True,False,5,official,
2630,亞航,2026-07-14,locked,62.3,62.3,NA,daily_close_lock_only; no_orderbook_seal,凱基台北,9268,0.65130144,False,none,Top1 凱基台北 淨買0.65億; none; 非追蹤; 首板,-0.0609951845906902,-0.028892455858748,twse,1,True,True,5,official,
2910,統領,2026-07-14,locked,24.55,24.55,NA,daily_close_lock_only; no_orderbook_seal,凱基台北,9268,0.0033105,False,none,Top1 凱基台北 淨買0.00億; none; 非追蹤; 首板,0.0386965376782078,0.09979633401221988,twse,1,True,True,5,official,
8383,千附,2026-07-14,locked,84.2,84.2,NA,daily_close_lock_only; no_orderbook_seal,凱基台北,9268,0.875093,False,none,Top1 凱基台北 淨買0.88億; none; 非追蹤; 3連板,0.016627078384797933,0.0665083135391924,tpex,3,True,False,5,official,
2910,統領,2026-07-15,locked,27.0,27.0,NA,daily_close_lock_only; no_orderbook_seal,土銀彰化,103B,0.0227675,False,none,Top1 土銀彰化 淨買0.02億; none; 非追蹤; 2連板,0.02777777777777768,-0.09999999999999998,twse,2,True,False,5,official,
4534,慶騰,2026-07-15,locked,38.5,38.5,NA,daily_close_lock_only; no_orderbook_seal,統一南京,585U,0.1093,False,none,Top1 統一南京 淨買0.11億; none; 非追蹤; 首板,0.0025974025974027093,0.10000000000000009,tpex,1,True,True,5,official,
6141,柏承,2026-07-15,locked,39.8,39.8,NA,daily_close_lock_only; no_orderbook_seal,凱基台北,9268,0.052132,False,none,Top1 凱基台北 淨買0.05億; none; 非追蹤; 首板,-0.005025125628140614,0.09924623115577891,twse,1,True,True,5,official,
6446,藥華藥,2026-07-15,locked,1320.0,1320.0,NA,daily_close_lock_only; no_orderbook_seal,美好,5260,1.05375,False,momentum,Top1 美好 淨買1.05億; momentum; 非追蹤; 首板,0.011363636363636465,-0.045454545454545414,twse,1,True,True,5,official,
6531,愛普*,2026-07-15,locked,943.0,943.0,NA,daily_close_lock_only; no_orderbook_seal,凱基台北,9268,0.56795063,False,none,Top1 凱基台北 淨買0.57億; none; 非追蹤; 首板,0.0010604453870626251,-0.036055143160127257,twse,1,True,True,5,official,
8150,南茂,2026-07-15,locked,114.0,114.0,NA,daily_close_lock_only; no_orderbook_seal,凱基城中,9227,2.6435025,False,momentum,Top1 凱基城中 淨買2.64億; momentum; 非追蹤; 首板,0.0,0.07456140350877183,twse,1,True,True,5,official,
8383,千附,2026-07-15,locked,89.8,89.8,NA,daily_close_lock_only; no_orderbook_seal,玉山嘉義,8848,0.07907693000000002,False,none,Top1 玉山嘉義 淨買0.08億; none; 非追蹤; 4連板,0.0,-0.030066815144766168,tpex,4,True,False,5,official,
1526,日馳,2026-07-16,locked,15.7,15.7,NA,daily_close_lock_only; no_orderbook_seal,凱基台北,9268,0.028067167,False,none,Top1 凱基台北 淨買0.03億; none; 非追蹤; 首板,-0.03821656050955413,0.09872611464968162,twse,1,True,True,5,official,
3491,昇達科,2026-07-16,locked,1310.0,1310.0,NA,daily_close_lock_only; no_orderbook_seal,凱基台北,9268,2.79452925,False,momentum,Top1 凱基台北 淨買2.79億; momentum; 非追蹤; 首板,-0.011450381679389277,0.03435114503816794,tpex,1,True,True,5,official,
4534,慶騰,2026-07-16,locked,42.35,42.35,NA,daily_close_lock_only; no_orderbook_seal,凱基城中,9227,0.567507,False,none,Top1 凱基城中 淨買0.57億; none; 非追蹤; 2連板,-0.024793388429752206,-0.015348288075560768,tpex,2,True,False,5,official,
6715,嘉基,2026-07-16,locked,411.0,411.0,NA,daily_close_lock_only; no_orderbook_seal,新光,8560,0.0903687,False,none,Top1 新光 淨買0.09億; none; 非追蹤; 首板,-0.04622871046228716,-0.048661800486618056,twse,1,True,True,5,official,
1526,日馳,2026-07-17,locked,17.25,17.25,NA,daily_close_lock_only; no_orderbook_seal,凱基敦北,9237,0.0224785,False,none,Top1 凱基敦北 淨買0.02億; none; 非追蹤; 2連板,0.0,0.005797101449275477,twse,2,True,False,5,official,
2910,統領,2026-07-20,locked,25.75,25.75,NA,daily_close_lock_only; no_orderbook_seal,凱基台北,9268,0.006348,False,none,Top1 凱基台北 淨買0.01億; none; 非追蹤; 首板,0.08543689320388337,0.09902912621359228,twse,1,True,True,5,official,
2630,亞航,2026-07-21,locked,58.9,58.9,NA,daily_close_lock_only; no_orderbook_seal,凱基台北,9268,0.574101,False,none,Top1 凱基台北 淨買0.57億; none; 非追蹤; 首板,0.005093378607810006,-0.09677419354838701,twse,1,True,True,5,official,
2910,統領,2026-07-21,locked,28.3,28.3,NA,daily_close_lock_only; no_orderbook_seal,康和高雄,845J,0.0081985,False,none,Top1 康和高雄 淨買0.01億; none; 非追蹤; 2連板,0.09540636042402828,-0.09010600706713778,twse,2,True,False,5,official,
3450,聯鈞,2026-07-21,locked,427.5,427.5,NA,daily_close_lock_only; no_orderbook_seal,台新證券,9B00,0.989409735,False,none,Top1 台新證券 淨買0.99億; none; 非追蹤; 首板,0.05263157894736836,0.07251461988304087,twse,1,True,True,5,official,
3653,健策,2026-07-21,locked,3520.0,3520.0,NA,daily_close_lock_only; no_orderbook_seal,群益台北,918X,1.8942,False,momentum,Top1 群益台北 淨買1.89億; momentum; 非追蹤; 首板,0.007102272727272707,-0.005681818181818232,twse,1,True,True,5,official,
4169,泰宗,2026-07-21,locked,280.5,280.5,NA,daily_close_lock_only; no_orderbook_seal,元大站前,989W,0.13530142,False,none,Top1 元大站前 淨買0.14億; none; 非追蹤; 首板,-0.0267379679144385,-0.019607843137254943,twse,1,True,True,5,official,
4541,晟田,2026-07-21,locked,75.7,75.7,NA,daily_close_lock_only; no_orderbook_seal,凱基台北,9268,0.502955163,False,none,Top1 凱基台北 淨買0.50億; none; 非追蹤; 首板,0.05416116248348746,-0.06737120211360648,tpex,1,True,True,5,official,
5328,華容,2026-07-21,locked,60.3,60.3,NA,daily_close_lock_only; no_orderbook_seal,凱基城中,9227,0.6277983819999999,False,none,Top1 凱基城中 淨買0.63億; none; 非追蹤; 首板,0.07794361525704807,0.09950248756218905,tpex,1,True,True,5,official,
5345,馥鴻,2026-07-21,locked,20.9,20.9,NA,daily_close_lock_only; no_orderbook_seal,永豐金羅東,9A9A,0.0014315,False,none,Top1 永豐金羅東 淨買0.00億; none; 非追蹤; 首板,0.098086124401914,0.098086124401914,tpex,1,True,True,5,official,
6166,凌華,2026-07-21,locked,132.0,132.0,NA,daily_close_lock_only; no_orderbook_seal,永豐板新,9A9J,0.38049,False,none,Top1 永豐板新 淨買0.38億; none; 非追蹤; 首板,0.04166666666666674,0.0984848484848484,twse,1,True,True,5,official,
6531,愛普*,2026-07-21,locked,858.0,858.0,NA,daily_close_lock_only; no_orderbook_seal,凱基台北,9268,0.74184579,False,none,Top1 凱基台北 淨買0.74億; none; 非追蹤; 首板,0.04895104895104896,0.05827505827505819,twse,1,True,True,5,official,
2337,旺宏,2026-07-22,locked,135.0,135.0,NA,daily_close_lock_only; no_orderbook_seal,凱基台北,9268,2.672575,False,momentum,Top1 凱基台北 淨買2.67億; momentum; 非追蹤; 首板,-0.022222222222222254,-0.040740740740740744,twse,1,True,True,5,official,
3491,昇達科,2026-07-22,locked,1300.0,1300.0,NA,daily_close_lock_only; no_orderbook_seal,凱基城中,9227,4.17077705,False,momentum,Top1 凱基城中 淨買4.17億; momentum; 非追蹤; 首板,0.0,0.0,tpex,1,True,True,5,official,
4534,慶騰,2026-07-22,locked,40.15,40.15,NA,daily_close_lock_only; no_orderbook_seal,元大台中,9812,0.058499588,False,none,Top1 元大台中 淨買0.06億; none; 非追蹤; 首板,0.008717310087173136,-0.001245330012453194,tpex,1,True,True,5,official,
5328,華容,2026-07-22,locked,66.3,66.3,NA,daily_close_lock_only; no_orderbook_seal,凱基台北,9268,0.372169,False,none,Top1 凱基台北 淨買0.37億; none; 非追蹤; 2連板,0.04223227752639502,0.010558069381598756,tpex,2,True,False,5,official,
5345,馥鴻,2026-07-22,locked,22.95,22.95,NA,daily_close_lock_only; no_orderbook_seal,凱基台北,9268,0.0029835,False,none,Top1 凱基台北 淨買0.00億; none; 非追蹤; 2連板,0.0980392156862746,0.0980392156862746,tpex,2,True,False,5,official,
6166,凌華,2026-07-22,locked,145.0,145.0,NA,daily_close_lock_only; no_orderbook_seal,凱基台北,9268,0.212045,False,none,Top1 凱基台北 淨買0.21億; none; 非追蹤; 2連板,0.0,0.10000000000000009,twse,2,True,False,5,official,
5345,馥鴻,2026-07-23,locked,25.2,25.2,NA,daily_close_lock_only; no_orderbook_seal,第一金路竹,538P,0.003528,False,none,Top1 第一金路竹 淨買0.00億; none; 非追蹤; 3連板,0.0992063492063493,0.0992063492063493,tpex,3,True,False,5,official,
6166,凌華,2026-07-23,locked,159.5,159.5,NA,daily_close_lock_only; no_orderbook_seal,凱基台北,9268,0.61618409,False,none,Top1 凱基台北 淨買0.62億; none; 非追蹤; 3連板,0.006269592476489061,0.043887147335423204,twse,3,True,False,5,official,
6715,嘉基,2026-07-23,locked,425.5,425.5,NA,daily_close_lock_only; no_orderbook_seal,新光,8560,0.11022027,False,none,Top1 新光 淨買0.11億; none; 非追蹤; 首板,-0.010575793184488869,-0.002350176263219761,twse,1,True,True,5,official,
3018,隆銘綠能,2026-07-24,locked,13.0,13.0,NA,daily_close_lock_only; no_orderbook_seal,凱基松山,9217,0.00364,False,none,Top1 凱基松山 淨買0.00億; none; 非追蹤; 首板,0.10000000000000009,0.10000000000000009,twse,1,True,True,5,official,
5345,馥鴻,2026-07-24,locked,27.7,27.7,NA,daily_close_lock_only; no_orderbook_seal,凱基竹北,9234,0.00554,False,none,Top1 凱基竹北 淨買0.01億; none; 非追蹤; 4連板,0.0,-0.08664259927797824,tpex,4,True,False,5,official,
1526,日馳,2026-07-27,locked,17.7,17.7,NA,daily_close_lock_only; no_orderbook_seal,凱基台北,9268,0.0381105,False,none,Top1 凱基台北 淨買0.04億; none; 非追蹤; 首板,0.016949152542372836,-0.02824858757062143,twse,1,True,True,5,official,
2910,統領,2026-07-27,locked,25.9,25.9,NA,daily_close_lock_only; no_orderbook_seal,土銀彰化,103B,0.004484,False,none,Top1 土銀彰化 淨買0.00億; none; 非追蹤; 首板,0.04247104247104261,-0.06563706563706562,twse,1,True,True,5,official,
3018,隆銘綠能,2026-07-27,locked,14.3,14.3,NA,daily_close_lock_only; no_orderbook_seal,玉山信義,884C,0.006435,False,none,Top1 玉山信義 淨買0.01億; none; 非追蹤; 2連板,0.0979020979020977,0.0979020979020977,twse,2,True,False,5,official,
3018,隆銘綠能,2026-07-28,locked,15.7,15.7,NA,daily_close_lock_only; no_orderbook_seal,群益西松,9136,0.00314,False,none,Top1 群益西松 淨買0.00億; none; 非追蹤; 3連板,0.09872611464968162,0.09872611464968162,twse,3,True,False,5,official,
1526,日馳,2026-07-29,locked,18.9,18.9,NA,daily_close_lock_only; no_orderbook_seal,凱基台北,9268,0.0720615,False,none,Top1 凱基台北 淨買0.07億; none; 非追蹤; 首板,0.0,-0.01851851851851838,twse,1,True,True,5,official,
3543,州巧,2026-07-30,locked,30.05,30.05,NA,daily_close_lock_only; no_orderbook_seal,富邦板橋,9655,0.095711,False,none,Top1 富邦板橋 淨買0.10億; none; 非追蹤; 首板,0.014975041597337757,0.09983361064891838,twse,1,True,True,5,official,
2059,川湖,2026-07-31,locked,7850.0,7850.0,NA,daily_close_lock_only; no_orderbook_seal,富邦桃園,9665,0.39155805,False,dual,Top1 富邦桃園 淨買0.39億; dual; 非追蹤; 首板,0.06751592356687897,0.10000000000000009,twse,1,True,True,5,official,
2233,宇隆,2026-07-31,locked,190.5,190.5,NA,daily_close_lock_only; no_orderbook_seal,第一桃園,5385,0.09469,False,none,Top1 第一桃園 淨買0.09億; none; 非追蹤; 首板,0.034120734908136496,0.015748031496062964,twse,1,True,True,5,official,
2301,光寶科,2026-07-31,locked,209.0,209.0,NA,daily_close_lock_only; no_orderbook_seal,凱基台北,9268,1.0319375,False,momentum,Top1 凱基台北 淨買1.03億; momentum; 非追蹤; 首板,0.09808612440191378,0.09808612440191378,twse,1,True,True,5,official,
3450,聯鈞,2026-07-31,locked,372.0,372.0,NA,daily_close_lock_only; no_orderbook_seal,台新證券,9B00,0.935611525,False,momentum,Top1 台新證券 淨買0.94億; momentum; 非追蹤; 首板,0.029569892473118253,0.09946236559139776,twse,1,True,True,5,official,
3543,州巧,2026-07-31,locked,33.05,33.05,NA,daily_close_lock_only; no_orderbook_seal,富邦板橋,9655,0.170073,False,none,Top1 富邦板橋 淨買0.17億; none; 非追蹤; 2連板,-0.0015128593040846239,-0.0015128593040846239,twse,2,True,False,5,official,
3624,光頡,2026-07-31,locked,62.5,62.5,NA,daily_close_lock_only; no_orderbook_seal,富邦敦南,9663,0.02325,False,none,Top1 富邦敦南 淨買0.02億; none; 非追蹤; 首板,-0.02400000000000002,0.030399999999999983,tpex,1,True,True,5,official,
3653,健策,2026-07-31,locked,3445.0,3445.0,NA,daily_close_lock_only; no_orderbook_seal,凱基站前,920F,0.72377245,False,momentum,Top1 凱基站前 淨買0.72億; momentum; 非追蹤; 首板,0.07256894049346885,0.09433962264150941,twse,1,True,True,5,official,
4534,慶騰,2026-07-31,locked,30.05,30.05,NA,daily_close_lock_only; no_orderbook_seal,凱基台北,9268,0.0399685,False,none,Top1 凱基台北 淨買0.04億; none; 非追蹤; 首板,0.01331114808652245,0.038269550748752046,tpex,1,True,True,5,official,
4931,新盛力,2026-07-31,locked,177.5,177.5,NA,daily_close_lock_only; no_orderbook_seal,元大館前,984K,0.115375,False,none,Top1 元大館前 淨買0.12億; none; 非追蹤; 首板,-0.008450704225352101,0.07605633802816891,tpex,1,True,True,5,official,
4958,臻鼎-KY,2026-07-31,locked,413.5,413.5,NA,daily_close_lock_only; no_orderbook_seal,富邦南屯,9666,0.7709483,False,none,Top1 富邦南屯 淨買0.77億; none; 非追蹤; 首板,0.010882708585247869,0.0193470374848852,twse,1,True,True,5,official,
5475,德宏,2026-07-31,locked,111.0,111.0,NA,daily_close_lock_only; no_orderbook_seal,凱基站前,920F,0.05106,False,none,Top1 凱基站前 淨買0.05億; none; 非追蹤; 首板,0.04504504504504503,0.0990990990990992,tpex,1,True,True,5,official,
6525,捷敏-KY,2026-07-31,locked,123.0,123.0,NA,daily_close_lock_only; no_orderbook_seal,富邦員林,9672,0.01475385,False,none,Top1 富邦員林 淨買0.01億; none; 非追蹤; 首板,0.008130081300812941,0.03658536585365857,twse,1,True,True,5,official,
6683,雍智科技,2026-07-31,locked,927.0,927.0,NA,daily_close_lock_only; no_orderbook_seal,凱基台北,9268,0.3690195,False,none,Top1 凱基台北 淨買0.37億; none; 非追蹤; 首板,0.07659115426105711,0.09492988133764824,tpex,1,True,True,5,official,
6770,力積電,2026-07-31,locked,54.5,54.5,NA,daily_close_lock_only; no_orderbook_seal,群益西松,9136,0.814775,False,none,Top1 群益西松 淨買0.81億; none; 非追蹤; 首板,-0.00917431192660545,0.003669724770642313,twse,1,True,True,5,official,
8042,金山電,2026-07-31,locked,98.7,98.7,NA,daily_close_lock_only; no_orderbook_seal,凱基板橋,920A,0.03948,False,none,Top1 凱基板橋 淨買0.04億; none; 非追蹤; 首板,0.033434650455927084,0.09929078014184389,tpex,1,True,True,5,official,
8043,蜜望實,2026-07-31,locked,126.5,126.5,NA,daily_close_lock_only; no_orderbook_seal,合庫高雄,1023,0.26662,False,none,Top1 合庫高雄 淨買0.27億; none; 非追蹤; 首板,0.027667984189723382,0.09881422924901195,tpex,1,True,True,5,official,
8150,南茂,2026-07-31,locked,72.6,72.6,NA,daily_close_lock_only; no_orderbook_seal,永豐員林,9A9C,0.29010959999999997,False,none,Top1 永豐員林 淨買0.29億; none; 非追蹤; 首板,0.005509641873278293,0.06887052341597788,twse,1,True,True,5,official,
8383,千附,2026-07-31,locked,68.5,68.5,NA,daily_close_lock_only; no_orderbook_seal,富邦三重,9677,0.033413000000000005,False,none,Top1 富邦三重 淨買0.03億; none; 非追蹤; 首板,-0.029197080291970767,-0.0029197080291971655,tpex,1,True,True,5,official,
2059,川湖,2026-08-03,locked,8635.0,8635.0,NA,daily_close_lock_only; no_orderbook_seal,永豐匯立,9A81,2.9819,False,dual,Top1 永豐匯立 淨買2.98億; dual; 非追蹤; 2連板,0.009843659525188286,0.09959467284308055,twse,2,True,False,5,official,
2337,旺宏,2026-08-03,locked,110.5,110.5,NA,daily_close_lock_only; no_orderbook_seal,富邦南屯,9666,0.6989449,False,dual,Top1 富邦南屯 淨買0.70億; dual; 非追蹤; 2連板,0.02262443438914019,0.08597285067873295,twse,2,True,False,5,official,
3016,嘉晶,2026-08-03,locked,87.8,87.8,NA,daily_close_lock_only; no_orderbook_seal,凱基站前,920F,0.6110565,False,none,Top1 凱基站前 淨買0.61億; none; 非追蹤; 首板,-0.009111617312072884,0.07972665148063784,twse,1,True,True,5,official,
3450,聯鈞,2026-08-03,locked,409.0,409.0,NA,daily_close_lock_only; no_orderbook_seal,富邦新店,9661,0.90588039,False,momentum,Top1 富邦新店 淨買0.91億; momentum; 非追蹤; 2連板,0.022004889975550057,0.05623471882640585,twse,2,True,False,5,official,
3491,昇達科,2026-08-03,locked,1065.0,1065.0,NA,daily_close_lock_only; no_orderbook_seal,凱基城中,9227,0.59617395,False,none,Top1 凱基城中 淨買0.60億; none; 非追蹤; 首板,0.09859154929577474,0.09859154929577474,tpex,1,True,True,5,official,
4989,榮科,2026-08-03,locked,61.1,61.1,NA,daily_close_lock_only; no_orderbook_seal,台新高雄,9B1g,0.25111655,False,none,Top1 台新高雄 淨買0.25億; none; 非追蹤; 首板,0.011456628477904962,0.09983633387888702,twse,1,True,True,5,official,
5475,德宏,2026-08-03,locked,122.0,122.0,NA,daily_close_lock_only; no_orderbook_seal,凱基三重,9205,0.123215,False,none,Top1 凱基三重 淨買0.12億; none; 非追蹤; 2連板,0.040983606557376984,0.09836065573770503,tpex,2,True,False,5,official,
6166,凌華,2026-08-03,locked,124.0,124.0,NA,daily_close_lock_only; no_orderbook_seal,群益內湖,918d,0.14167,False,none,Top1 群益內湖 淨買0.14億; none; 非追蹤; 首板,0.040322580645161255,0.02016129032258074,twse,1,True,True,5,official,
6446,藥華藥,2026-08-03,locked,1165.0,1165.0,NA,daily_close_lock_only; no_orderbook_seal,凱基台北,9268,1.80233445,False,momentum,Top1 凱基台北 淨買1.80億; momentum; 非追蹤; 首板,0.03433476394849788,0.0429184549356223,twse,1,True,True,5,official,
6683,雍智科技,2026-08-03,locked,1015.0,1015.0,NA,daily_close_lock_only; no_orderbook_seal,凱基台北,9268,0.28027,False,none,Top1 凱基台北 淨買0.28億; none; 非追蹤; 2連板,0.0049261083743843415,0.07389162561576357,tpex,2,True,False,5,official,
6715,嘉基,2026-08-03,locked,342.0,342.0,NA,daily_close_lock_only; no_orderbook_seal,元大台北,980h,0.188065,False,none,Top1 元大台北 淨買0.19億; none; 非追蹤; 首板,0.0,0.01900584795321647,twse,1,True,True,5,official,
7795,長廣,2026-08-03,locked,385.5,385.5,NA,daily_close_lock_only; no_orderbook_seal,凱基台北,9268,0.09658,False,none,Top1 凱基台北 淨買0.10億; none; 非追蹤; 首板,0.03761348897535677,0.08430609597924765,twse,1,True,True,5,official,
8042,金山電,2026-08-03,locked,108.5,108.5,NA,daily_close_lock_only; no_orderbook_seal,凱基台北,9268,0.2500275,False,none,Top1 凱基台北 淨買0.25億; none; 非追蹤; 2連板,0.009216589861751112,0.018433179723502224,tpex,2,True,False,5,official,
8043,蜜望實,2026-08-03,locked,139.0,139.0,NA,daily_close_lock_only; no_orderbook_seal,凱基台北,9268,0.06915,False,none,Top1 凱基台北 淨買0.07億; none; 非追蹤; 2連板,0.007194244604316502,-0.010791366906474864,tpex,2,True,False,5,official,
1617,榮星,2026-08-04,locked,18.25,18.25,NA,daily_close_lock_only; no_orderbook_seal,富邦板橋,9655,0.021171,False,none,Top1 富邦板橋 淨買0.02億; none; 非追蹤; 首板,0.06301369863013684,0.016438356164383494,twse,1,True,True,5,official,
2059,川湖,2026-08-04,locked,9495.0,9495.0,NA,daily_close_lock_only; no_orderbook_seal,永豐匯立,9A81,4.7091068,False,dual,Top1 永豐匯立 淨買4.71億; dual; 非追蹤; 3連板,0.0005265929436546468,-0.00263296471827279,twse,3,True,False,5,official,
2301,光寶科,2026-08-04,locked,252.0,252.0,NA,daily_close_lock_only; no_orderbook_seal,凱基台北,9268,11.32829198,False,momentum,Top1 凱基台北 淨買11.33億; momentum; 非追蹤; 3連板,0.031746031746031855,-0.011904761904761862,twse,3,True,False,5,official,
3066,李洲,2026-08-04,locked,22.25,22.25,NA,daily_close_lock_only; no_orderbook_seal,凱基站前,920F,0.0525505,False,none,Top1 凱基站前 淨買0.05億; none; 非追蹤; 首板,0.008988764044943753,-0.017977528089887618,tpex,1,True,True,5,official,
4989,榮科,2026-08-04,locked,67.2,67.2,NA,daily_close_lock_only; no_orderbook_seal,凱基站前,920F,1.4499769360000003,False,momentum,Top1 凱基站前 淨買1.45億; momentum; 非追蹤; 2連板,0.019345238095238138,-0.004464285714285698,twse,2,True,False,5,official,
5475,德宏,2026-08-04,locked,134.0,134.0,NA,daily_close_lock_only; no_orderbook_seal,凱基站前,920F,1.3451655,False,momentum,Top1 凱基站前 淨買1.35億; momentum; 非追蹤; 3連板,0.09701492537313428,-0.07089552238805974,tpex,3,True,False,5,official,
6141,柏承,2026-08-04,locked,33.4,33.4,NA,daily_close_lock_only; no_orderbook_seal,凱基台北,9268,0.0365405,False,none,Top1 凱基台北 淨買0.04億; none; 非追蹤; 首板,0.041916167664670656,0.06137724550898227,twse,1,True,True,5,official,
6217,中探針,2026-08-04,locked,134.0,134.0,NA,daily_close_lock_only; no_orderbook_seal,元大員林中,9835,0.0405484,False,none,Top1 元大員林中 淨買0.04億; none; 非追蹤; 2連板,0.09701492537313428,0.09701492537313428,tpex,2,True,False,5,official,
6531,愛普*,2026-08-04,locked,806.0,806.0,NA,daily_close_lock_only; no_orderbook_seal,新光,8560,0.23928854,False,momentum,Top1 新光 淨買0.24億; momentum; 非追蹤; 3連板,0.07444168734491319,0.06079404466501237,twse,3,True,False,5,official,
6770,力積電,2026-08-04,locked,60.1,60.1,NA,daily_close_lock_only; no_orderbook_seal,凱基台北,9268,1.64042835,False,momentum,Top1 凱基台北 淨買1.64億; momentum; 非追蹤; 首板,0.05490848585690511,0.09983361064891838,twse,1,True,True,5,official,
6933,AMAX-KY,2026-08-04,locked,169.0,169.0,NA,daily_close_lock_only; no_orderbook_seal,富邦板橋,9655,0.16861,False,none,Top1 富邦板橋 淨買0.17億; none; 非追蹤; 首板,0.00591715976331364,-0.020710059171597628,twse,1,True,True,5,official,
1515,力山,2026-08-05,locked,30.9,30.9,NA,daily_close_lock_only; no_orderbook_seal,統一仁愛,585c,0.0292965,False,none,Top1 統一仁愛 淨買0.03億; none; 非追蹤; 首板,0.014563106796116498,0.03398058252427183,twse,1,True,True,5,official,
2233,宇隆,2026-08-05,locked,224.0,224.0,NA,daily_close_lock_only; no_orderbook_seal,元大竹科,980K,0.165625,False,none,Top1 元大竹科 淨買0.17億; none; 非追蹤; 首板,-0.0558035714285714,-0.0892857142857143,twse,1,True,True,5,official,
3016,嘉晶,2026-08-05,locked,104.0,104.0,NA,daily_close_lock_only; no_orderbook_seal,群益瑞豐,918u,0.168647,False,none,Top1 群益瑞豐 淨買0.17億; none; 非追蹤; 首板,0.0,-0.004807692307692291,twse,1,True,True,5,official,
3450,聯鈞,2026-08-05,locked,475.0,475.0,NA,daily_close_lock_only; no_orderbook_seal,元大新竹,9816,1.534212,False,momentum,Top1 元大新竹 淨買1.53億; momentum; 非追蹤; 首板,-0.02421052631578946,0.03473684210526318,twse,1,True,True,5,official,
3491,昇達科,2026-08-05,locked,1285.0,1285.0,NA,daily_close_lock_only; no_orderbook_seal,統一敦南,5852,0.3154402,False,momentum,Top1 統一敦南 淨買0.32億; momentum; 非追蹤; 3連板,-0.0311284046692607,0.05058365758754868,tpex,3,True,False,5,official,
3624,光頡,2026-08-05,locked,74.8,74.8,NA,daily_close_lock_only; no_orderbook_seal,元大台北,980h,0.1187435,False,none,Top1 元大台北 淨買0.12億; none; 非追蹤; 首板,-0.04144385026737962,0.010695187165775444,tpex,1,True,True,5,official,
4958,臻鼎-KY,2026-08-05,locked,488.0,488.0,NA,daily_close_lock_only; no_orderbook_seal,凱基城中,9227,3.9086603,False,momentum,Top1 凱基城中 淨買3.91億; momentum; 非追蹤; 首板,-0.0030737704918032405,-0.012295081967213073,twse,1,True,True,5,official,
6166,凌華,2026-08-05,locked,139.0,139.0,NA,daily_close_lock_only; no_orderbook_seal,群益內湖,918d,0.116445,False,none,Top1 群益內湖 淨買0.12億; none; 非追蹤; 首板,0.02877697841726623,0.043165467625899234,twse,1,True,True,5,official,
6217,中探針,2026-08-05,locked,147.0,147.0,NA,daily_close_lock_only; no_orderbook_seal,永豐金市政,9A9W,0.036897,False,none,Top1 永豐金市政 淨買0.04億; none; 非追蹤; 3連板,-0.061224489795918324,0.09863945578231292,tpex,3,True,False,5,official,
6446,藥華藥,2026-08-05,locked,1335.0,1335.0,NA,daily_close_lock_only; no_orderbook_seal,凱基城中,9227,1.3209502,False,momentum,Top1 凱基城中 淨買1.32億; momentum; 非追蹤; 首板,0.04119850187265928,-0.0337078651685393,twse,1,True,True,5,official,
6683,雍智科技,2026-08-05,locked,1195.0,1195.0,NA,daily_close_lock_only; no_orderbook_seal,凱基城中,9227,1.0994,False,momentum,Top1 凱基城中 淨買1.10億; momentum; 非追蹤; 首板,-0.046025104602510414,-0.008368200836820106,tpex,1,True,True,5,official,
6770,力積電,2026-08-05,locked,66.1,66.1,NA,daily_close_lock_only; no_orderbook_seal,凱基城中,9227,6.674505977999998,False,momentum,Top1 凱基城中 淨買6.67億; momentum; 非追蹤; 2連板,0.004538577912254427,0.0075642965204236745,twse,2,True,False,5,official,
1526,日馳,2026-08-06,locked,19.15,19.15,NA,daily_close_lock_only; no_orderbook_seal,凱基台北,9268,0.023701,False,none,Top1 凱基台北 淨買0.02億; none; 非追蹤; 首板,0.005221932114882533,-0.04699738903394246,twse,1,True,True,5,official,
3543,州巧,2026-08-06,locked,36.6,36.6,NA,daily_close_lock_only; no_orderbook_seal,元大竹科,980K,0.069166,False,none,Top1 元大竹科 淨買0.07億; none; 非追蹤; 首板,0.0,-0.016393442622950838,twse,1,True,True,5,official,
4931,新盛力,2026-08-06,locked,218.5,218.5,NA,daily_close_lock_only; no_orderbook_seal,元大士林,981j,0.58416865,False,none,Top1 元大士林 淨買0.58億; none; 非追蹤; 首板,-0.006864988558352381,-0.009153318077803174,tpex,1,True,True,5,official,
6217,中探針,2026-08-06,locked,161.5,161.5,NA,daily_close_lock_only; no_orderbook_seal,元大台北,980h,0.14669,False,none,Top1 元大台北 淨買0.15億; none; 非追蹤; 4連板,0.003095975232198178,0.021671826625387025,tpex,4,True,False,5,official,
2059,川湖,2026-08-07,locked,11110.0,11110.0,NA,daily_close_lock_only; no_orderbook_seal,元大永寧,9875,2.2203335,False,dual,Top1 元大永寧 淨買2.22億; dual; 非追蹤; 首板,0.09990999099909992,0.07155715571557164,twse,1,True,True,5,official,
2301,光寶科,2026-08-10,locked,271.5,271.5,NA,daily_close_lock_only; no_orderbook_seal,凱基民權,921C,1.309735575,False,momentum,Top1 凱基民權 淨買1.31億; momentum; 非追蹤; 首板,0.009208103130755152,-0.011049723756906049,twse,1,True,True,5,official,
2337,旺宏,2026-08-10,locked,133.5,133.5,NA,daily_close_lock_only; no_orderbook_seal,凱基台北,9268,6.894762685,False,momentum,Top1 凱基台北 淨買6.89億; momentum; 非追蹤; 首板,0.0037453183520599342,-0.0074906367041198685,twse,1,True,True,5,official,
3450,聯鈞,2026-08-10,locked,524.0,524.0,NA,daily_close_lock_only; no_orderbook_seal,凱基台北,9268,6.57904518,False,momentum,Top1 凱基台北 淨買6.58億; momentum; 非追蹤; 首板,-0.04580152671755722,-0.09637404580152675,twse,1,True,True,5,official,
3624,光頡,2026-08-10,locked,82.2,82.2,NA,daily_close_lock_only; no_orderbook_seal,統一敦南,5852,0.314414,False,none,Top1 統一敦南 淨買0.31億; none; 非追蹤; 首板,0.0,0.03649635036496357,tpex,1,True,True,5,official,
4931,新盛力,2026-08-10,locked,238.0,238.0,NA,daily_close_lock_only; no_orderbook_seal,凱基城中,9227,2.37394834,False,momentum,Top1 凱基城中 淨買2.37億; momentum; 非追蹤; 首板,0.006302521008403339,0.0714285714285714,tpex,1,True,True,5,official,
6683,雍智科技,2026-08-10,locked,1230.0,1230.0,NA,daily_close_lock_only; no_orderbook_seal,凱基台北,9268,0.4352585,False,none,Top1 凱基台北 淨買0.44億; none; 非追蹤; 首板,0.008130081300812941,0.012195121951219523,tpex,1,True,True,5,official,
6933,AMAX-KY,2026-08-10,locked,180.5,180.5,NA,daily_close_lock_only; no_orderbook_seal,台新松德,9B2a,0.200353195,False,none,Top1 台新松德 淨買0.20億; none; 非追蹤; 首板,0.030470914127423754,0.04155124653739617,twse,1,True,True,5,official,
6446,藥華藥,2026-08-11,locked,1460.0,1460.0,NA,daily_close_lock_only; no_orderbook_seal,永豐匯立,9A81,2.8138167,False,momentum,Top1 永豐匯立 淨買2.81億; momentum; 非追蹤; 首板,0.003424657534246478,-0.013698630136986356,twse,1,True,True,5,official,
3066,李洲,2026-08-12,locked,23.75,23.75,NA,daily_close_lock_only; no_orderbook_seal,凱基台北,9268,0.0453145,False,none,Top1 凱基台北 淨買0.05億; none; 非追蹤; 首板,0.01263157894736855,-0.0063157894736841635,tpex,1,True,True,5,official,
3653,健策,2026-08-12,locked,4470.0,4470.0,NA,daily_close_lock_only; no_orderbook_seal,永豐匯立,9A81,1.2459,False,momentum,Top1 永豐匯立 淨買1.25億; momentum; 非追蹤; 首板,0.006711409395973256,0.03691275167785224,twse,1,True,True,5,official,
5475,德宏,2026-08-12,locked,148.5,148.5,NA,daily_close_lock_only; no_orderbook_seal,凱基台北,9268,1.7034555,False,momentum,Top1 凱基台北 淨買1.70億; momentum; 非追蹤; 首板,0.06060606060606055,0.09764309764309775,tpex,1,True,True,5,official,
7795,長廣,2026-08-12,locked,506.0,506.0,NA,daily_close_lock_only; no_orderbook_seal,凱基台北,9268,0.43008988,False,none,Top1 凱基台北 淨買0.43億; none; 非追蹤; 首板,0.09881422924901195,0.09881422924901195,twse,1,True,True,5,official,
3018,隆銘綠能,2026-08-13,locked,13.65,13.65,NA,daily_close_lock_only; no_orderbook_seal,永豐羅東,9A9A,0.0038115,False,none,Top1 永豐羅東 淨買0.00億; none; 非追蹤; 首板,0.0073260073260073,0.00366300366300365,twse,1,True,True,5,official,
3624,光頡,2026-08-13,locked,95.1,95.1,NA,daily_close_lock_only; no_orderbook_seal,富邦板橋,9655,0.247320298,False,none,Top1 富邦板橋 淨買0.25億; none; 非追蹤; 首板,0.0115667718191379,-0.05888538380651942,tpex,1,True,True,5,official,
5475,德宏,2026-08-13,locked,163.0,163.0,NA,daily_close_lock_only; no_orderbook_seal,元大大統,981z,0.64939185,False,none,Top1 元大大統 淨買0.65億; none; 非追蹤; 2連板,0.024539877300613577,0.04601226993865026,tpex,2,True,False,5,official,
6683,雍智科技,2026-08-13,locked,1395.0,1395.0,NA,daily_close_lock_only; no_orderbook_seal,永豐金萬盛,9A92,0.52615,False,none,Top1 永豐金萬盛 淨買0.53億; none; 非追蹤; 首板,0.03584229390680993,-0.017921146953404965,tpex,1,True,True,5,official,
7795,長廣,2026-08-13,locked,556.0,556.0,NA,daily_close_lock_only; no_orderbook_seal,群益台北,918X,1.233209,False,momentum,Top1 群益台北 淨買1.23億; momentum; 非追蹤; 2連板,0.0053956834532373765,-0.03597122302158273,twse,2,True,False,5,official,
8261,富鼎,2026-08-13,locked,202.0,202.0,NA,daily_close_lock_only; no_orderbook_seal,凱基城中,9227,0.30266694,False,none,Top1 凱基城中 淨買0.30億; none; 非追蹤; 首板,0.0024752475247524774,-0.08415841584158412,twse,1,True,True,5,official,
1515,力山,2026-08-14,locked,33.55,33.55,NA,daily_close_lock_only; no_orderbook_seal,凱基台北,9268,0.08883649999999998,False,none,Top1 凱基台北 淨買0.09億; none; 非追蹤; 首板,0.06408345752608069,0.02086438152011927,twse,1,True,True,5,official,
2630,亞航,2026-08-14,locked,53.1,53.1,NA,daily_close_lock_only; no_orderbook_seal,元大台北,980h,0.367396825,False,none,Top1 元大台北 淨買0.37億; none; 非追蹤; 首板,0.030131826741996326,-0.013182674199623379,twse,1,True,True,5,official,
2645,長榮航太,2026-08-14,locked,200.0,200.0,NA,daily_close_lock_only; no_orderbook_seal,台新證券,9B00,0.272818,False,none,Top1 台新證券 淨買0.27億; none; 非追蹤; 首板,-0.012499999999999956,-0.08999999999999997,twse,1,True,True,5,official,
2059,川湖,2026-08-17,locked,13750.0,13750.0,NA,daily_close_lock_only; no_orderbook_seal,元大前金,981m,2.1979375,False,momentum,Top1 元大前金 淨買2.20億; momentum; 非追蹤; 首板,0.02581818181818174,0.04509090909090907,twse,1,True,True,5,official,
3653,健策,2026-08-17,locked,5340.0,5340.0,NA,daily_close_lock_only; no_orderbook_seal,群益台北,918X,6.406398,False,momentum,Top1 群益台北 淨買6.41億; momentum; 非追蹤; 首板,0.00561797752808979,-0.035580524344569264,twse,1,True,True,5,official,
4304,勝昱,2026-08-17,locked,17.65,17.65,NA,daily_close_lock_only; no_orderbook_seal,新光台中,8561,0.0026475,False,none,Top1 新光台中 淨買0.00億; none; 非追蹤; 首板,0.09915014164305958,0.09915014164305958,tpex,1,True,True,5,official,
6141,柏承,2026-08-17,locked,38.5,38.5,NA,daily_close_lock_only; no_orderbook_seal,凱基台北,9268,0.0926065,False,none,Top1 凱基台北 淨買0.09億; none; 非追蹤; 首板,0.0181818181818183,0.0714285714285714,twse,1,True,True,5,official,
2601,益航,2026-08-18,locked,6.82,6.82,NA,daily_close_lock_only; no_orderbook_seal,台新松德,9B2a,0.0496496,False,none,Top1 台新松德 淨買0.05億; none; 非追蹤; 首板,0.0058651026392961825,0.014662756598240456,twse,1,True,True,5,official,
4304,勝昱,2026-08-18,locked,19.4,19.4,NA,daily_close_lock_only; no_orderbook_seal,凱基台北,9268,0.001358,False,none,Top1 凱基台北 淨買0.00億; none; 非追蹤; 2連板,0.097938144329897,0.097938144329897,tpex,2,True,False,5,official,
4304,勝昱,2026-08-19,locked,21.3,21.3,NA,daily_close_lock_only; no_orderbook_seal,凱基站前,920F,0.002769,False,none,Top1 凱基站前 淨買0.00億; none; 非追蹤; 3連板,0.09859154929577452,0.09859154929577452,tpex,3,True,False,5,official,
8042,金山電,2026-08-19,locked,111.5,111.5,NA,daily_close_lock_only; no_orderbook_seal,凱基城中,9227,0.49826718,False,none,Top1 凱基城中 淨買0.50億; none; 非追蹤; 首板,-0.008968609865470878,-0.094170403587444,tpex,1,True,True,5,official,
1515,力山,2026-08-20,locked,34.5,34.5,NA,daily_close_lock_only; no_orderbook_seal,凱基台北,9268,0.117209,False,none,Top1 凱基台北 淨買0.12億; none; 非追蹤; 首板,0.01449275362318847,-0.02753623188405807,twse,1,True,True,5,official,
4169,泰宗,2026-08-20,locked,163.5,163.5,NA,daily_close_lock_only; no_orderbook_seal,凱基台北,9268,0.03758,False,none,Top1 凱基台北 淨買0.04億; none; 非追蹤; 首板,0.003058103975535076,-0.003058103975535187,twse,1,True,True,5,official,
4304,勝昱,2026-08-20,locked,23.4,23.4,NA,daily_close_lock_only; no_orderbook_seal,富邦木柵,961M,0.003276,False,none,Top1 富邦木柵 淨買0.00億; none; 非追蹤; 4連板,0.09829059829059839,0.09829059829059839,tpex,4,True,False,5,official,
6715,嘉基,2026-08-20,locked,492.0,492.0,NA,daily_close_lock_only; no_orderbook_seal,新光,8560,0.446550845,False,none,Top1 新光 淨買0.45億; none; 非追蹤; 首板,0.012195121951219523,-0.08943089430894313,twse,1,True,True,5,official,
2601,益航,2026-08-21,locked,7.39,7.39,NA,daily_close_lock_only; no_orderbook_seal,凱基城中,9227,0.6655182,False,none,Top1 凱基城中 淨買0.67億; none; 非追蹤; 首板,0.08660351826792967,-0.023004059539918797,twse,1,True,True,5,official,
4304,勝昱,2026-08-21,locked,25.7,25.7,NA,daily_close_lock_only; no_orderbook_seal,國票九鼎,779P,0.00257,False,none,Top1 國票九鼎 淨買0.00億; none; 非追蹤; 5連板,0.09922178988326857,0.03696498054474695,tpex,5,True,False,5,official,
2301,光寶科,2026-08-24,locked,287.0,287.0,NA,daily_close_lock_only; no_orderbook_seal,元大永寧,9875,5.718029445,False,momentum,Top1 元大永寧 淨買5.72億; momentum; 非追蹤; 首板,-0.0034843205574912606,0.03135888501742157,twse,1,True,True,5,official,
2406,國碩,2026-06-29,locked,38.0,38.0,NA,daily_close_lock_only; no_orderbook_seal,凱基城中,9227,4.64960398,False,momentum,Top1 凱基城中 淨買4.65億; momentum; 非追蹤; 首板,0.08289473684210513,0.09999999999999987,twse,1,True,True,4,official,
6138,茂達,2026-06-29,locked,365.5,365.5,NA,daily_close_lock_only; no_orderbook_seal,凱基站前,920F,1.42952,False,momentum,Top1 凱基站前 淨買1.43億; momentum; 非追蹤; 首板,0.09165526675786584,0.0068399452804377425,tpex,1,True,True,4,official,
7825,和亞智慧,2026-06-29,locked,55.0,88.5,NA,daily_close_lock_only; no_orderbook_seal,,,0.0,False,none,Top1 NA 淨買0.00億; none; 非追蹤; 首板,-0.003615819209039417,0.019209039548022666,tpex,1,True,True,4,approx_10pct,no_domestic_top1;limit_price_approx_10pct
1710,東聯,2026-06-30,locked,16.75,16.75,NA,daily_close_lock_only; no_orderbook_seal,兆豐民生,700c,0.2926765,False,none,Top1 兆豐民生 淨買0.29億; none; 非追蹤; 首板,0.07462686567164178,0.09850746268656718,twse,1,True,True,4,official,
1815,富喬,2026-06-30,locked,111.0,111.0,NA,daily_close_lock_only; no_orderbook_seal,元大土城永,9875,5.85602744,False,momentum,Top1 元大土城永 淨買5.86億; momentum; 非追蹤; 首板,0.04054054054054057,-0.06306306306306309,tpex,1,True,True,4,official,
2327,國巨*,2026-06-30,locked,1140.0,1140.0,NA,daily_close_lock_only; no_orderbook_seal,凱基台北,9268,13.9430186,False,momentum,Top1 凱基台北 淨買13.94億; momentum; 非追蹤; 首板,0.05263157894736836,0.0,twse,1,True,True,4,official,
2375,凱美,2026-06-30,locked,211.5,211.5,NA,daily_close_lock_only; no_orderbook_seal,凱基城中,9227,1.04476973,False,momentum,Top1 凱基城中 淨買1.04億; momentum; 非追蹤; 首板,0.04018912529550822,0.09929078014184389,twse,1,True,True,4,official,
2425,承啟,2026-06-30,locked,45.2,45.2,NA,daily_close_lock_only; no_orderbook_seal,凱基中港,9202,0.6190034000000001,False,none,Top1 凱基中港 淨買0.62億; none; 非追蹤; 首板,0.017699115044247815,-0.036504424778761146,twse,1,True,True,4,official,
2478,大毅,2026-06-30,locked,225.5,225.5,NA,daily_close_lock_only; no_orderbook_seal,台新北新,9B28,0.066,False,none,Top1 台新北新 淨買0.07億; none; 非追蹤; 首板,0.07538802660753885,0.0,twse,1,True,True,4,official,
3485,敘豐,2026-06-30,locked,293.5,293.5,NA,daily_close_lock_only; no_orderbook_seal,元大竹科,980K,0.143815,False,none,Top1 元大竹科 淨買0.14億; none; 非追蹤; 首板,0.04599659284497437,0.02555366269165238,tpex,1,True,True,4,official,
3675,德微,2026-06-30,locked,378.0,378.0,NA,daily_close_lock_only; no_orderbook_seal,國票新莊,779G,0.056256,False,none,Top1 國票新莊 淨買0.06億; none; 非追蹤; 首板,0.02910052910052907,0.03835978835978837,tpex,1,True,True,4,official,
6207,雷科,2026-06-30,locked,146.5,146.5,NA,daily_close_lock_only; no_orderbook_seal,富邦板橋,9655,0.29008255,False,none,Top1 富邦板橋 淨買0.29億; none; 非追蹤; 首板,0.05119453924914685,0.09897610921501698,tpex,1,True,True,4,official,
6831,邁科,2026-06-30,locked,873.0,873.0,NA,daily_close_lock_only; no_orderbook_seal,凱基台北,9268,8.56348261,False,momentum,Top1 凱基台北 淨買8.56億; momentum; 非追蹤; 首板,0.08591065292096212,0.03436426116838498,twse,1,True,True,4,official,
1710,東聯,2026-07-01,locked,18.4,18.4,NA,daily_close_lock_only; no_orderbook_seal,凱基城中,9227,0.885408,False,none,Top1 凱基城中 淨買0.89億; none; 非追蹤; 2連板,0.0,0.0,twse,2,True,False,4,official,
2375,凱美,2026-07-01,locked,232.5,232.5,NA,daily_close_lock_only; no_orderbook_seal,凱基台北,9268,4.76579225,False,momentum,Top1 凱基台北 淨買4.77億; momentum; 非追蹤; 2連板,-0.03010752688172047,-0.06666666666666665,twse,2,True,False,4,official,
2464,盟立,2026-07-01,locked,190.0,190.0,NA,daily_close_lock_only; no_orderbook_seal,凱基台北,9268,1.567757,False,momentum,Top1 凱基台北 淨買1.57億; momentum; 非追蹤; 首板,-0.018421052631578894,-0.03421052631578947,twse,1,True,True,4,official,
3042,晶技,2026-07-01,locked,206.0,206.0,NA,daily_close_lock_only; no_orderbook_seal,凱基站前,920F,6.84123648,False,momentum,Top1 凱基站前 淨買6.84億; momentum; 非追蹤; 首板,-0.029126213592232997,0.09951456310679618,twse,1,True,True,4,official,
3672,康聯訊,2026-07-01,locked,12.85,12.85,NA,daily_close_lock_only; no_orderbook_seal,永昌小港,9323,0.039001,False,none,Top1 永昌小港 淨買0.04億; none; 非追蹤; 首板,0.0,-0.027237354085603127,tpex,1,True,True,4,official,
6207,雷科,2026-07-01,locked,161.0,161.0,NA,daily_close_lock_only; no_orderbook_seal,凱基城中,9227,0.859755,False,none,Top1 凱基城中 淨買0.86億; none; 非追蹤; 2連板,-0.03105590062111796,-0.05590062111801242,tpex,2,True,False,4,official,
6259,百徽,2026-07-01,locked,39.35,39.35,NA,daily_close_lock_only; no_orderbook_seal,凱基台北,9268,0.0457665,False,none,Top1 凱基台北 淨買0.05億; none; 非追蹤; 首板,-0.02541296060991105,-0.015247776365946653,tpex,1,True,True,4,official,
2359,所羅門,2026-07-02,locked,146.5,146.5,NA,daily_close_lock_only; no_orderbook_seal,凱基站前,920F,0.5462019,False,none,Top1 凱基站前 淨買0.55億; none; 非追蹤; 首板,0.010238907849829282,-0.030716723549488067,twse,1,True,True,4,official,
2486,一詮,2026-07-02,locked,254.0,254.0,NA,daily_close_lock_only; no_orderbook_seal,凱基城中,9227,3.964421,False,momentum,Top1 凱基城中 淨買3.96億; momentum; 非追蹤; 首板,-0.011811023622047223,-0.019685039370078705,twse,1,True,True,4,official,
3485,敘豐,2026-07-02,locked,331.0,331.0,NA,daily_close_lock_only; no_orderbook_seal,凱基台北,9268,0.3812173,False,none,Top1 凱基台北 淨買0.38億; none; 非追蹤; 首板,0.0226586102719033,-0.033232628398791486,tpex,1,True,True,4,official,
4561,健椿,2026-07-02,locked,43.0,43.0,NA,daily_close_lock_only; no_orderbook_seal,台新松德,9B2a,0.024288608000000003,False,none,Top1 台新松德 淨買0.02億; none; 非追蹤; 首板,0.023255813953488413,-0.0011627906976743319,tpex,1,True,True,4,official,
5488,松普,2026-07-02,locked,14.05,14.05,NA,daily_close_lock_only; no_orderbook_seal,凱基台北,9268,0.03733,False,none,Top1 凱基台北 淨買0.04億; none; 非追蹤; 首板,0.03202846975088969,0.0996441281138789,tpex,1,True,True,4,official,
6138,茂達,2026-07-02,locked,418.5,418.5,NA,daily_close_lock_only; no_orderbook_seal,永豐金敦北,9A89,0.448017945,False,none,Top1 永豐金敦北 淨買0.45億; none; 非追蹤; 首板,0.022700119474313052,-0.044205495818399054,tpex,1,True,True,4,official,
6435,大中,2026-07-02,locked,392.5,392.5,NA,daily_close_lock_only; no_orderbook_seal,凱基台北,9268,0.83425511,False,none,Top1 凱基台北 淨買0.83億; none; 非追蹤; 首板,0.0,-0.026751592356687892,tpex,1,True,True,4,official,
6693,廣閎科,2026-07-02,locked,255.0,255.0,NA,daily_close_lock_only; no_orderbook_seal,元大大同,989G,0.2523113,False,none,Top1 元大大同 淨買0.25億; none; 非追蹤; 首板,-0.02352941176470591,-0.013725490196078383,tpex,1,True,True,4,official,
7828,創新服務,2026-07-02,locked,2320.0,2320.0,NA,daily_close_lock_only; no_orderbook_seal,凱基城中,9227,0.30620725,False,none,Top1 凱基城中 淨買0.31億; none; 非追蹤; 首板,0.02586206896551735,-0.051724137931034475,tpex,1,True,True,4,official,
2332,友訊,2026-07-03,locked,20.0,20.0,NA,daily_close_lock_only; no_orderbook_seal,群益台北,918X,0.1782515,False,none,Top1 群益台北 淨買0.18億; none; 非追蹤; 首板,0.02750000000000008,-0.025000000000000022,twse,1,True,True,4,official,
2429,銘旺科,2026-07-03,locked,48.7,48.7,NA,daily_close_lock_only; no_orderbook_seal,元大竹科,980K,0.097853525,False,none,Top1 元大竹科 淨買0.10億; none; 非追蹤; 首板,0.032854209445585036,0.007186858316221567,twse,1,True,True,4,official,
2634,漢翔,2026-07-03,locked,60.0,60.0,NA,daily_close_lock_only; no_orderbook_seal,元大嘉義,989g,1.7869737,False,momentum,Top1 元大嘉義 淨買1.79億; momentum; 非追蹤; 首板,0.05666666666666664,0.004999999999999893,twse,1,True,True,4,official,
3042,晶技,2026-07-03,locked,249.0,249.0,NA,daily_close_lock_only; no_orderbook_seal,富邦新店,9661,3.27054085,False,momentum,Top1 富邦新店 淨買3.27億; momentum; 非追蹤; 3連板,0.004016064257028162,-0.09839357429718876,twse,3,True,False,4,official,
3363,上詮,2026-07-03,locked,581.0,581.0,NA,daily_close_lock_only; no_orderbook_seal,新光,8560,0.53001489,False,none,Top1 新光 淨買0.53億; none; 非追蹤; 首板,0.04991394148020656,-0.012048192771084376,tpex,1,True,True,4,official,
5386,青雲,2026-07-03,locked,420.5,420.5,NA,daily_close_lock_only; no_orderbook_seal,統一松江,585Z,0.30612,False,none,Top1 統一松江 淨買0.31億; none; 非追蹤; 首板,0.08442330558858502,0.053507728894173656,tpex,1,True,True,4,official,
5488,松普,2026-07-03,locked,15.45,15.45,NA,daily_close_lock_only; no_orderbook_seal,兆豐寶成,700r,0.0945545,False,none,Top1 兆豐寶成 淨買0.09億; none; 非追蹤; 2連板,-0.003236245954692518,-0.08737864077669899,tpex,2,True,False,4,official,
3625,西勝,2026-07-06,locked,18.4,18.4,NA,daily_close_lock_only; no_orderbook_seal,統一南京,585U,0.0458565,False,none,Top1 統一南京 淨買0.05億; none; 非追蹤; 首板,0.03260869565217406,0.013586956521739024,tpex,1,True,True,4,official,
3672,康聯訊,2026-07-06,locked,13.65,13.65,NA,daily_close_lock_only; no_orderbook_seal,永昌小港,9323,0.026385,False,none,Top1 永昌小港 淨買0.03億; none; 非追蹤; 首板,0.02564102564102555,0.05128205128205132,tpex,1,True,True,4,official,
4127,天良,2026-07-06,locked,76.7,76.7,NA,daily_close_lock_only; no_orderbook_seal,凱基台北,9268,0.057032,False,none,Top1 凱基台北 淨買0.06億; none; 非追蹤; 首板,-0.04823989569752285,-0.057366362451108266,tpex,1,True,True,4,official,
6103,合邦,2026-07-06,locked,34.2,34.25,NA,daily_close_lock_only; no_orderbook_seal,國票彰化,779W,0.0003425,False,none,Top1 國票彰化 淨買0.00億; none; 非追蹤; 首板,-1.0,-1.0,tpex,1,True,True,4,official,
6138,茂達,2026-07-06,locked,440.0,440.0,NA,daily_close_lock_only; no_orderbook_seal,凱基台北,9268,1.07886,False,momentum,Top1 凱基台北 淨買1.08億; momentum; 非追蹤; 首板,-0.012499999999999956,-0.09999999999999998,tpex,1,True,True,4,official,
6435,大中,2026-07-06,locked,420.0,420.0,NA,daily_close_lock_only; no_orderbook_seal,凱基城中,9227,3.804313,False,momentum,Top1 凱基城中 淨買3.80億; momentum; 非追蹤; 首板,0.0452380952380953,-0.050000000000000044,tpex,1,True,True,4,official,
6693,廣閎科,2026-07-06,locked,276.5,276.5,NA,daily_close_lock_only; no_orderbook_seal,群益東大,9135,0.1605025,False,none,Top1 群益東大 淨買0.16億; none; 非追蹤; 首板,-0.0488245931283906,-0.09945750452079571,tpex,1,True,True,4,official,
8131,福懋科,2026-07-06,locked,82.2,82.2,NA,daily_close_lock_only; no_orderbook_seal,凱基市府,920D,3.148362,False,momentum,Top1 凱基市府 淨買3.15億; momentum; 非追蹤; 首板,0.05961070559610704,-0.03892944038929447,twse,1,True,True,4,official,
3693,營邦,2026-07-07,locked,542.0,542.0,NA,daily_close_lock_only; no_orderbook_seal,永昌世貿,9334,1.07316,False,momentum,Top1 永昌世貿 淨買1.07億; momentum; 非追蹤; 首板,0.014760147601476037,-0.040590405904059046,tpex,1,True,True,4,official,
6259,百徽,2026-07-07,locked,42.6,42.6,NA,daily_close_lock_only; no_orderbook_seal,凱基台北,9268,0.185475,False,none,Top1 凱基台北 淨買0.19億; none; 非追蹤; 首板,0.0,-0.07629107981220662,tpex,1,True,True,4,official,
2332,友訊,2026-07-08,locked,21.9,21.9,NA,daily_close_lock_only; no_orderbook_seal,兆豐民生,700c,0.2335778,False,none,Top1 兆豐民生 淨買0.23億; none; 非追蹤; 首板,0.09817351598173518,0.09817351598173518,twse,1,True,True,4,official,
4127,天良,2026-07-08,locked,79.5,79.5,NA,daily_close_lock_only; no_orderbook_seal,凱基台北,9268,0.0486,False,none,Top1 凱基台北 淨買0.05億; none; 非追蹤; 首板,-0.0037735849056603765,-0.0691823899371069,tpex,1,True,True,4,official,
3504,揚明光,2026-07-09,locked,81.8,81.8,NA,daily_close_lock_only; no_orderbook_seal,凱基站前,920F,0.819623,False,none,Top1 凱基站前 淨買0.82億; none; 非追蹤; 首板,-0.020782396088019572,-0.06601466992665028,twse,1,True,True,4,official,
5488,松普,2026-07-09,locked,16.2,16.2,NA,daily_close_lock_only; no_orderbook_seal,富邦南京,961C,0.140975,False,none,Top1 富邦南京 淨買0.14億; none; 非追蹤; 首板,0.09876543209876543,0.09876543209876543,tpex,1,True,True,4,official,
6207,雷科,2026-07-09,locked,144.0,144.0,NA,daily_close_lock_only; no_orderbook_seal,凱基市府,920D,2.575025,False,dual,Top1 凱基市府 淨買2.58億; dual; 非追蹤; 首板,0.03819444444444442,-0.02430555555555558,tpex,1,True,True,4,official,
6223,旺矽,2026-07-09,locked,7080.0,7080.0,NA,daily_close_lock_only; no_orderbook_seal,凱基台北,9268,4.1948121,False,momentum,Top1 凱基台北 淨買4.19億; momentum; 非追蹤; 首板,0.07344632768361592,-0.062146892655367214,tpex,1,True,True,4,official,
7825,和亞智慧,2026-07-09,locked,83.2,91.0,NA,daily_close_lock_only; no_orderbook_seal,,,0.0,False,none,Top1 NA 淨買0.00億; none; 非追蹤; 首板,-0.06450549450549459,-0.1186813186813187,tpex,1,True,True,4,approx_10pct,no_domestic_top1;limit_price_approx_10pct
2634,漢翔,2026-07-13,locked,63.8,63.8,NA,daily_close_lock_only; no_orderbook_seal,凱基台北,9268,1.46835258,False,momentum,Top1 凱基台北 淨買1.47億; momentum; 非追蹤; 首板,0.034482758620689724,0.051724137931034475,twse,1,True,True,4,official,
4513,福裕,2026-07-13,locked,18.5,18.5,NA,daily_close_lock_only; no_orderbook_seal,兆豐西螺,700D,0.034024,False,none,Top1 兆豐西螺 淨買0.03億; none; 非追蹤; 首板,0.0,0.10000000000000009,tpex,1,True,True,4,official,
5488,松普,2026-07-13,locked,17.8,17.8,NA,daily_close_lock_only; no_orderbook_seal,玉山台中,884B,0.0877535,False,none,Top1 玉山台中 淨買0.09億; none; 非追蹤; 2連板,0.042134831460674205,0.00561797752808979,tpex,2,True,False,4,official,
1336,台翰,2026-07-14,locked,15.95,15.95,NA,daily_close_lock_only; no_orderbook_seal,凱基台北,9268,0.036716,False,none,Top1 凱基台北 淨買0.04億; none; 非追蹤; 首板,0.0031347962382446415,0.009404388714733702,tpex,1,True,True,4,official,
2429,銘旺科,2026-07-14,locked,47.75,47.75,NA,daily_close_lock_only; no_orderbook_seal,凱基台北,9268,0.1321745,False,none,Top1 凱基台北 淨買0.13億; none; 非追蹤; 首板,0.049214659685863804,0.02617801047120416,twse,1,True,True,4,official,
4139,馬光-KY,2026-07-14,locked,28.6,28.6,NA,daily_close_lock_only; no_orderbook_seal,元大歸仁,981a,0.004817,False,none,Top1 元大歸仁 淨買0.00億; none; 非追蹤; 首板,0.04895104895104896,0.09965034965034958,tpex,1,True,True,4,official,
4513,福裕,2026-07-14,locked,20.35,20.35,NA,daily_close_lock_only; no_orderbook_seal,統一南京,585U,0.0208035,False,none,Top1 統一南京 淨買0.02億; none; 非追蹤; 2連板,0.054054054054053946,0.0982800982800982,tpex,2,True,False,4,official,
2486,一詮,2026-07-15,locked,257.0,257.0,NA,daily_close_lock_only; no_orderbook_seal,凱基台北,9268,2.07437473,False,momentum,Top1 凱基台北 淨買2.07億; momentum; 非追蹤; 首板,0.0,0.017509727626459082,twse,1,True,True,4,official,
4127,天良,2026-07-15,locked,81.2,81.2,NA,daily_close_lock_only; no_orderbook_seal,凱基站前,920F,0.296384143,False,none,Top1 凱基站前 淨買0.30億; none; 非追蹤; 首板,0.0,0.022167487684729092,tpex,1,True,True,4,official,
4139,馬光-KY,2026-07-15,locked,31.45,31.45,NA,daily_close_lock_only; no_orderbook_seal,永豐金豐原,9A9Q,0.005651,False,none,Top1 永豐金豐原 淨買0.01億; none; 非追蹤; 2連板,0.09856915739268679,0.09856915739268679,tpex,2,True,False,4,official,
4513,福裕,2026-07-15,locked,22.35,22.35,NA,daily_close_lock_only; no_orderbook_seal,富邦青埔,961N,0.1114525,False,none,Top1 富邦青埔 淨買0.11億; none; 非追蹤; 3連板,-0.01342281879194629,-0.03355704697986572,tpex,3,True,False,4,official,
6147,頎邦,2026-07-15,locked,204.5,204.5,NA,daily_close_lock_only; no_orderbook_seal,元大士林,981j,0.77704015,False,momentum,Top1 元大士林 淨買0.78億; momentum; 非追蹤; 首板,-0.007334963325183352,-0.0317848410757946,tpex,1,True,True,4,official,
8131,福懋科,2026-07-15,locked,81.2,81.2,NA,daily_close_lock_only; no_orderbook_seal,統一南京,585U,0.07209464,False,none,Top1 統一南京 淨買0.07億; none; 非追蹤; 首板,0.0,-0.05665024630541882,twse,1,True,True,4,official,
1710,東聯,2026-07-16,locked,17.5,17.5,NA,daily_close_lock_only; no_orderbook_seal,凱基台北,9268,0.4371745,False,none,Top1 凱基台北 淨買0.44億; none; 非追蹤; 首板,-0.017142857142857237,-0.06285714285714294,twse,1,True,True,4,official,
3229,晟鈦,2026-07-16,locked,40.45,40.45,NA,daily_close_lock_only; no_orderbook_seal,統一板橋,585P,0.0156735,False,none,Top1 統一板橋 淨買0.02億; none; 非追蹤; 首板,0.003708281829418958,0.011124845488257096,twse,1,True,True,4,official,
4139,馬光-KY,2026-07-16,locked,34.55,34.55,NA,daily_close_lock_only; no_orderbook_seal,凱基台北,9268,0.007946499999999999,False,none,Top1 凱基台北 淨買0.01億; none; 非追蹤; 3連板,0.09985528219971074,0.09985528219971074,tpex,3,True,False,4,official,
9921,巨大,2026-07-16,locked,88.0,88.0,NA,daily_close_lock_only; no_orderbook_seal,凱基城中,9227,2.11459936,False,momentum,Top1 凱基城中 淨買2.11億; momentum; 非追蹤; 首板,-0.025000000000000022,-0.015909090909090984,twse,1,True,True,4,official,
4139,馬光-KY,2026-07-17,locked,38.0,38.0,NA,daily_close_lock_only; no_orderbook_seal,元大斗六,980C,0.029982,False,none,Top1 元大斗六 淨買0.03億; none; 非追蹤; 4連板,0.0,-0.013157894736842146,tpex,4,True,False,4,official,
3625,西勝,2026-07-20,locked,18.35,18.35,NA,daily_close_lock_only; no_orderbook_seal,凱基台北,9268,0.005635500000000001,False,none,Top1 凱基台北 淨買0.01億; none; 非追蹤; 首板,-0.005449591280654031,0.03542234332425065,tpex,1,True,True,4,official,
6533,晶心科,2026-07-20,locked,231.0,231.0,NA,daily_close_lock_only; no_orderbook_seal,凱基城中,9227,0.81301,False,none,Top1 凱基城中 淨買0.81億; none; 非追蹤; 首板,0.030303030303030276,0.015151515151515138,twse,1,True,True,4,official,
1336,台翰,2026-07-21,locked,16.65,16.65,NA,daily_close_lock_only; no_orderbook_seal,永豐金信義,9A9R,0.008657999999999999,False,none,Top1 永豐金信義 淨買0.01億; none; 非追蹤; 首板,0.018018018018018056,-0.039039039039038936,tpex,1,True,True,4,official,
1710,東聯,2026-07-21,locked,16.95,16.95,NA,daily_close_lock_only; no_orderbook_seal,凱基台北,9268,0.377668,False,none,Top1 凱基台北 淨買0.38億; none; 非追蹤; 首板,0.002949852507374784,0.03539823008849563,twse,1,True,True,4,official,
2634,漢翔,2026-07-21,locked,71.5,71.5,NA,daily_close_lock_only; no_orderbook_seal,凱基台北,9268,3.6040870839999997,False,momentum,Top1 凱基台北 淨買3.60億; momentum; 非追蹤; 首板,0.020979020979021046,-0.09930069930069918,twse,1,True,True,4,official,
3672,康聯訊,2026-07-21,locked,13.85,13.85,NA,daily_close_lock_only; no_orderbook_seal,康和高雄,845J,0.0025695,False,none,Top1 康和高雄 淨買0.00億; none; 非追蹤; 首板,-0.0036101083032490378,-0.03971119133573997,tpex,1,True,True,4,official,
4513,福裕,2026-07-21,locked,21.45,21.45,NA,daily_close_lock_only; no_orderbook_seal,凱基台北,9268,0.027982,False,none,Top1 凱基台北 淨買0.03億; none; 非追蹤; 首板,0.09557109557109555,0.06293706293706292,tpex,1,True,True,4,official,
5386,青雲,2026-07-21,locked,258.5,258.5,NA,daily_close_lock_only; no_orderbook_seal,兆豐竹北,7007,0.202035,False,none,Top1 兆豐竹北 淨買0.20億; none; 非追蹤; 首板,0.079303675048356,0.027079303675048294,tpex,1,True,True,4,official,
6138,茂達,2026-07-21,locked,318.0,318.0,NA,daily_close_lock_only; no_orderbook_seal,元大台北,980h,0.349565,False,none,Top1 元大台北 淨買0.35億; none; 非追蹤; 首板,0.04716981132075482,0.0691823899371069,tpex,1,True,True,4,official,
2406,國碩,2026-07-22,locked,35.3,35.3,NA,daily_close_lock_only; no_orderbook_seal,凱基城中,9227,0.9570299999999998,False,none,Top1 凱基城中 淨買0.96億; none; 非追蹤; 首板,0.014164305949008416,-0.055240793201133065,twse,1,True,True,4,official,
2478,大毅,2026-07-22,locked,150.0,150.0,NA,daily_close_lock_only; no_orderbook_seal,凱基台北,9268,0.575645,False,none,Top1 凱基台北 淨買0.58億; none; 非追蹤; 首板,-0.033333333333333326,-0.07999999999999996,twse,1,True,True,4,official,
3693,營邦,2026-07-22,locked,519.0,519.0,NA,daily_close_lock_only; no_orderbook_seal,凱基台北,9268,0.6893891,False,none,Top1 凱基台北 淨買0.69億; none; 非追蹤; 首板,0.011560693641618602,-0.030828516377649273,tpex,1,True,True,4,official,
6147,頎邦,2026-07-22,locked,190.0,190.0,NA,daily_close_lock_only; no_orderbook_seal,玉山證券,8840,0.924603435,False,dual,Top1 玉山證券 淨買0.92億; dual; 非追蹤; 首板,-0.015789473684210575,-0.07631578947368423,tpex,1,True,True,4,official,
6259,百徽,2026-07-22,locked,36.4,36.4,NA,daily_close_lock_only; no_orderbook_seal,凱基台北,9268,0.129316,False,none,Top1 凱基台北 淨買0.13億; none; 非追蹤; 首板,0.027472527472527375,-0.04532967032967028,tpex,1,True,True,4,official,
2332,友訊,2026-07-27,locked,24.3,24.3,NA,daily_close_lock_only; no_orderbook_seal,台新證券,9B00,0.835563362,False,none,Top1 台新證券 淨買0.84億; none; 非追蹤; 首板,-0.024691358024691468,-0.028806584362139898,twse,1,True,True,4,official,
3672,康聯訊,2026-07-27,locked,14.1,14.1,NA,daily_close_lock_only; no_orderbook_seal,康和高雄,845J,0.0093295,False,none,Top1 康和高雄 淨買0.01億; none; 非追蹤; 首板,-0.03546099290780147,-0.0957446808510638,tpex,1,True,True,4,official,
3504,揚明光,2026-07-29,locked,68.6,68.6,NA,daily_close_lock_only; no_orderbook_seal,凱基台北,9268,0.157418,False,none,Top1 凱基台北 淨買0.16億; none; 非追蹤; 首板,0.03061224489795933,-0.09183673469387754,twse,1,True,True,4,official,
1815,富喬,2026-07-31,locked,66.3,66.3,NA,daily_close_lock_only; no_orderbook_seal,永昌竹北,9339,0.127721166,False,none,Top1 永昌竹北 淨買0.13億; none; 非追蹤; 首板,-0.004524886877828038,0.09954751131221728,tpex,1,True,True,4,official,
2313,華通,2026-07-31,locked,169.0,169.0,NA,daily_close_lock_only; no_orderbook_seal,台新安南,9B2Z,0.671096735,False,momentum,Top1 台新安南 淨買0.67億; momentum; 非追蹤; 首板,0.00591715976331364,0.0976331360946745,twse,1,True,True,4,official,
2327,國巨*,2026-07-31,locked,502.0,502.0,NA,daily_close_lock_only; no_orderbook_seal,元大竹科,980K,5.27845972,False,dual,Top1 元大竹科 淨買5.28億; dual; 非追蹤; 首板,0.06374501992031867,0.09960159362549792,twse,1,True,True,4,official,
2375,凱美,2026-07-31,locked,116.5,116.5,NA,daily_close_lock_only; no_orderbook_seal,永豐嘉義,9A9j,0.06128,False,none,Top1 永豐嘉義 淨買0.06億; none; 非追蹤; 首板,-0.0042918454935622075,0.03862660944205998,twse,1,True,True,4,official,
2406,國碩,2026-07-31,locked,31.15,31.15,NA,daily_close_lock_only; no_orderbook_seal,富邦公益,961F,0.065116,False,none,Top1 富邦公益 淨買0.07億; none; 非追蹤; 首板,-0.019261637239165297,-0.008025682182985605,twse,1,True,True,4,official,
2425,承啟,2026-07-31,locked,46.95,46.95,NA,daily_close_lock_only; no_orderbook_seal,凱基台北,9268,0.080324,False,none,Top1 凱基台北 淨買0.08億; none; 非追蹤; 首板,0.022364217252396124,0.02875399361022346,twse,1,True,True,4,official,
2464,盟立,2026-07-31,locked,134.5,134.5,NA,daily_close_lock_only; no_orderbook_seal,富邦新店,9661,0.3900255,False,momentum,Top1 富邦新店 淨買0.39億; momentum; 非追蹤; 首板,0.0,0.09665427509293689,twse,1,True,True,4,official,
3229,晟鈦,2026-07-31,locked,43.15,43.15,NA,daily_close_lock_only; no_orderbook_seal,台新西松,9B2n,0.093576,False,none,Top1 台新西松 淨買0.09億; none; 非追蹤; 首板,0.013904982618771822,0.09965237543453087,twse,1,True,True,4,official,
3363,上詮,2026-07-31,locked,480.5,480.5,NA,daily_close_lock_only; no_orderbook_seal,凱基基隆,920H,0.1628645,False,none,Top1 凱基基隆 淨買0.16億; none; 非追蹤; 首板,0.03850156087408951,0.09261186264308008,tpex,1,True,True,4,official,
3485,敘豐,2026-07-31,locked,192.5,192.5,NA,daily_close_lock_only; no_orderbook_seal,凱基台北,9268,0.02692,False,none,Top1 凱基台北 淨買0.03億; none; 非追蹤; 首板,-0.010389610389610393,0.04415584415584406,tpex,1,True,True,4,official,
3504,揚明光,2026-07-31,locked,68.5,68.5,NA,daily_close_lock_only; no_orderbook_seal,元大台北,980h,0.35942,False,none,Top1 元大台北 淨買0.36億; none; 非追蹤; 首板,0.007299270072992803,0.09927007299270074,twse,1,True,True,4,official,
3625,西勝,2026-07-31,locked,16.25,16.25,NA,daily_close_lock_only; no_orderbook_seal,富邦木柵,961M,0.0053625,False,none,Top1 富邦木柵 淨買0.01億; none; 非追蹤; 首板,0.055384615384615365,0.02153846153846173,tpex,1,True,True,4,official,
3675,德微,2026-07-31,locked,216.5,216.5,NA,daily_close_lock_only; no_orderbook_seal,富邦員林,9672,0.032475,False,none,Top1 富邦員林 淨買0.03億; none; 非追蹤; 首板,0.002309468822170979,0.09930715935334877,tpex,1,True,True,4,official,
3693,營邦,2026-07-31,locked,447.0,447.0,NA,daily_close_lock_only; no_orderbook_seal,富邦南京,961C,0.0716982,False,none,Top1 富邦南京 淨買0.07億; none; 非追蹤; 首板,-0.007829977628635354,0.055928411633109576,tpex,1,True,True,4,official,
5386,青雲,2026-07-31,locked,227.5,227.5,NA,daily_close_lock_only; no_orderbook_seal,統一新台中,585D,0.131365,False,none,Top1 統一新台中 淨買0.13億; none; 非追蹤; 首板,-0.00879120879120876,0.05494505494505497,tpex,1,True,True,4,official,
6147,頎邦,2026-07-31,locked,130.0,130.0,NA,daily_close_lock_only; no_orderbook_seal,元大松江,9801,1.1829915,False,momentum,Top1 元大松江 淨買1.18億; momentum; 非追蹤; 首板,-0.01538461538461533,0.04230769230769238,tpex,1,True,True,4,official,
6223,旺矽,2026-07-31,locked,5280.0,5280.0,NA,daily_close_lock_only; no_orderbook_seal,凱基城中,9227,2.6926416,False,momentum,Top1 凱基城中 淨買2.69億; momentum; 非追蹤; 首板,0.03693181818181812,0.09943181818181812,tpex,1,True,True,4,official,
6259,百徽,2026-07-31,locked,29.7,29.7,NA,daily_close_lock_only; no_orderbook_seal,凱基台北,9268,0.0273055,False,none,Top1 凱基台北 淨買0.03億; none; 非追蹤; 首板,-0.006734006734006703,0.01683501683501687,tpex,1,True,True,4,official,
6533,晶心科,2026-07-31,locked,222.0,222.0,NA,daily_close_lock_only; no_orderbook_seal,凱基台北,9268,0.12152221,False,none,Top1 凱基台北 淨買0.12億; none; 非追蹤; 首板,0.0,0.04279279279279269,twse,1,True,True,4,official,
6693,廣閎科,2026-07-31,locked,150.0,150.0,NA,daily_close_lock_only; no_orderbook_seal,永昌中正,9359,0.03,False,none,Top1 永昌中正 淨買0.03億; none; 非追蹤; 首板,0.01333333333333342,0.046666666666666634,tpex,1,True,True,4,official,
6834,天二科技,2026-07-31,locked,79.8,79.8,NA,daily_close_lock_only; no_orderbook_seal,兆豐公益,700J,0.028728,False,none,Top1 兆豐公益 淨買0.03億; none; 非追蹤; 首板,0.011278195488721776,0.09899749373433586,twse,1,True,True,4,official,
7828,創新服務,2026-07-31,locked,1340.0,1340.0,NA,daily_close_lock_only; no_orderbook_seal,永豐金虎尾,9A9b,0.182,False,none,Top1 永豐金虎尾 淨買0.18億; none; 非追蹤; 首板,0.0,0.09328358208955234,tpex,1,True,True,4,official,
8131,福懋科,2026-07-31,locked,56.2,56.2,NA,daily_close_lock_only; no_orderbook_seal,元大信安,980R,0.0748562,False,none,Top1 元大信安 淨買0.07億; none; 非追蹤; 首板,-0.02313167259786486,0.06761565836298922,twse,1,True,True,4,official,
1815,富喬,2026-08-03,locked,72.9,72.9,NA,daily_close_lock_only; no_orderbook_seal,元大大天母,9893,0.193925796,False,none,Top1 元大大天母 淨買0.19億; none; 非追蹤; 2連板,0.028806584362139898,0.0987654320987652,tpex,2,True,False,4,official,
2313,華通,2026-08-03,locked,185.5,185.5,NA,daily_close_lock_only; no_orderbook_seal,凱基台北,9268,4.54612525,False,momentum,Top1 凱基台北 淨買4.55億; momentum; 非追蹤; 2連板,0.0,0.07008086253369261,twse,2,True,False,4,official,
2464,盟立,2026-08-03,locked,147.5,147.5,NA,daily_close_lock_only; no_orderbook_seal,凱基台北,9268,0.353065,False,momentum,Top1 凱基台北 淨買0.35億; momentum; 非追蹤; 2連板,-0.003389830508474523,0.09830508474576272,twse,2,True,False,4,official,
2486,一詮,2026-08-03,locked,206.5,206.5,NA,daily_close_lock_only; no_orderbook_seal,凱基台北,9268,1.6815435,False,dual,Top1 凱基台北 淨買1.68億; dual; 非追蹤; 2連板,0.07021791767554486,0.07021791767554486,twse,2,True,False,4,official,
3229,晟鈦,2026-08-03,locked,47.45,47.45,NA,daily_close_lock_only; no_orderbook_seal,元大大里,981g,0.0507625,False,none,Top1 元大大里 淨買0.05億; none; 非追蹤; 2連板,0.026343519494204326,0.006322444678608985,twse,2,True,False,4,official,
3498,陽程,2026-08-03,locked,99.0,99.0,NA,daily_close_lock_only; no_orderbook_seal,元大新莊,9898,0.11187,False,none,Top1 元大新莊 淨買0.11億; none; 非追蹤; 首板,0.015151515151515138,0.045454545454545414,tpex,1,True,True,4,official,
3504,揚明光,2026-08-03,locked,75.3,75.3,NA,daily_close_lock_only; no_orderbook_seal,凱基市府,920D,0.721462,False,none,Top1 凱基市府 淨買0.72億; none; 非追蹤; 2連板,0.013280212483399723,0.03851261620185942,twse,2,True,False,4,official,
3675,德微,2026-08-03,locked,238.0,238.0,NA,daily_close_lock_only; no_orderbook_seal,永昌台中,9302,0.0407876,False,none,Top1 永昌台中 淨買0.04億; none; 非追蹤; 2連板,0.021008403361344463,0.060924369747899165,tpex,2,True,False,4,official,
6223,旺矽,2026-08-03,locked,5805.0,5805.0,NA,daily_close_lock_only; no_orderbook_seal,第一金忠孝,538D,0.3613725,False,momentum,Top1 第一金忠孝 淨買0.36億; momentum; 非追蹤; 2連板,0.01808785529715773,0.01636520241171402,tpex,2,True,False,4,official,
6435,大中,2026-08-03,locked,249.5,249.5,NA,daily_close_lock_only; no_orderbook_seal,凱基站前,920F,0.264285,False,none,Top1 凱基站前 淨買0.26億; none; 非追蹤; 首板,0.022044088176352616,0.008016032064128265,tpex,1,True,True,4,official,
6834,天二科技,2026-08-03,locked,87.7,87.7,NA,daily_close_lock_only; no_orderbook_seal,元大台北,980h,0.324455,False,none,Top1 元大台北 淨買0.32億; none; 非追蹤; 2連板,0.014823261117445696,0.06613454960091225,twse,2,True,False,4,official,
1815,富喬,2026-08-04,locked,80.1,80.1,NA,daily_close_lock_only; no_orderbook_seal,凱基城中,9227,0.9539669999999999,False,none,Top1 凱基城中 淨買0.95億; none; 非追蹤; 3連板,0.09862671660424471,0.0474406991260925,tpex,3,True,False,4,official,
2464,盟立,2026-08-04,locked,162.0,162.0,NA,daily_close_lock_only; no_orderbook_seal,富邦新店,9661,4.32251356,False,momentum,Top1 富邦新店 淨買4.32億; momentum; 非追蹤; 3連板,0.04012345679012341,0.04938271604938271,twse,3,True,False,4,official,
3042,晶技,2026-08-04,locked,169.5,169.5,NA,daily_close_lock_only; no_orderbook_seal,台新證券,9B00,1.1018547,False,momentum,Top1 台新證券 淨買1.10億; momentum; 非追蹤; 首板,0.008849557522123908,0.04424778761061954,twse,1,True,True,4,official,
6426,統新,2026-08-04,locked,173.5,173.5,NA,daily_close_lock_only; no_orderbook_seal,凱基站前,920F,0.339715,False,none,Top1 凱基站前 淨買0.34億; none; 非追蹤; 首板,0.03458213256484144,-0.02017291066282423,twse,1,True,True,4,official,
7828,創新服務,2026-08-04,locked,1610.0,1610.0,NA,daily_close_lock_only; no_orderbook_seal,富邦永和,9654,0.1771,False,none,Top1 富邦永和 淨買0.18億; none; 非追蹤; 首板,0.09627329192546585,0.08695652173913038,tpex,1,True,True,4,official,
8131,福懋科,2026-08-04,locked,66.0,66.0,NA,daily_close_lock_only; no_orderbook_seal,兆豐民生,700c,0.2076922,False,none,Top1 兆豐民生 淨買0.21億; none; 非追蹤; 首板,0.030303030303030276,0.0,twse,1,True,True,4,official,
2359,所羅門,2026-08-05,locked,145.0,145.0,NA,daily_close_lock_only; no_orderbook_seal,凱基台北,9268,0.78473698,False,none,Top1 凱基台北 淨買0.78億; none; 非追蹤; 首板,0.020689655172413834,-0.0034482758620689724,twse,1,True,True,4,official,
4127,天良,2026-08-05,locked,84.9,84.9,NA,daily_close_lock_only; no_orderbook_seal,富邦七賢,961K,0.084841,False,none,Top1 富邦七賢 淨買0.08億; none; 非追蹤; 首板,0.028268551236749095,0.012956419316843215,tpex,1,True,True,4,official,
6147,頎邦,2026-08-05,locked,158.5,158.5,NA,daily_close_lock_only; no_orderbook_seal,永豐金匯立,9A81,2.790555,False,momentum,Top1 永豐金匯立 淨買2.79億; momentum; 非追蹤; 首板,-0.034700315457413256,-0.04731861198738174,tpex,1,True,True,4,official,
4561,健椿,2026-08-06,locked,39.9,39.9,NA,daily_close_lock_only; no_orderbook_seal,永豐金信義,9A9R,0.035451,False,none,Top1 永豐金信義 淨買0.04億; none; 非追蹤; 首板,0.0827067669172934,0.09899749373433586,tpex,1,True,True,4,official,
6426,統新,2026-08-06,locked,187.0,187.0,NA,daily_close_lock_only; no_orderbook_seal,元大竹科,980K,0.132675,False,none,Top1 元大竹科 淨買0.13億; none; 非追蹤; 首板,0.02406417112299475,0.09893048128342241,twse,1,True,True,4,official,
2425,承啟,2026-08-07,locked,52.9,52.9,NA,daily_close_lock_only; no_orderbook_seal,富邦仁愛,9676,0.522400257,False,none,Top1 富邦仁愛 淨買0.52億; none; 非追蹤; 首板,-0.020793950850661602,-0.06332703213610591,twse,1,True,True,4,official,
4561,健椿,2026-08-07,locked,43.85,43.85,NA,daily_close_lock_only; no_orderbook_seal,台新左楠,9B1d,0.0048070000000000005,False,none,Top1 台新左楠 淨買0.00億; none; 非追蹤; 2連板,0.005701254275940704,-0.022805017103762815,tpex,2,True,False,4,official,
6426,統新,2026-08-07,locked,205.5,205.5,NA,daily_close_lock_only; no_orderbook_seal,元大士林,981j,0.55767,False,none,Top1 元大士林 淨買0.56億; none; 非追蹤; 2連板,0.019464720194647178,0.058394160583941535,twse,2,True,False,4,official,
6533,晶心科,2026-08-07,locked,256.0,256.0,NA,daily_close_lock_only; no_orderbook_seal,凱基市府,920D,2.8064094,False,momentum,Top1 凱基市府 淨買2.81億; momentum; 非追蹤; 首板,-0.0078125,-0.0234375,twse,1,True,True,4,official,
6693,廣閎科,2026-08-07,locked,185.5,185.5,NA,daily_close_lock_only; no_orderbook_seal,群益內湖,918d,0.249975,False,none,Top1 群益內湖 淨買0.25億; none; 非追蹤; 首板,0.07008086253369261,-0.008086253369272267,tpex,1,True,True,4,official,
3363,上詮,2026-08-10,locked,640.0,640.0,NA,daily_close_lock_only; no_orderbook_seal,凱基台北,9268,0.66475352,False,none,Top1 凱基台北 淨買0.66億; none; 非追蹤; 首板,0.0,-0.05312499999999998,tpex,1,True,True,4,official,
5386,青雲,2026-08-10,locked,298.0,298.0,NA,daily_close_lock_only; no_orderbook_seal,元大館前,984K,0.04834082,False,none,Top1 元大館前 淨買0.05億; none; 非追蹤; 首板,-0.08221476510067116,-0.07885906040268453,tpex,1,True,True,4,official,
6834,天二科技,2026-08-10,locked,96.6,96.6,NA,daily_close_lock_only; no_orderbook_seal,凱基台北,9268,0.201473,False,none,Top1 凱基台北 淨買0.20億; none; 非追蹤; 首板,0.0,0.09730848861283659,twse,1,True,True,4,official,
9921,巨大,2026-08-10,locked,101.5,101.5,NA,daily_close_lock_only; no_orderbook_seal,凱基台北,9268,0.936187,False,none,Top1 凱基台北 淨買0.94億; none; 非追蹤; 首板,-0.015763546798029493,0.09852216748768483,twse,1,True,True,4,official,
1336,台翰,2026-08-11,locked,16.2,16.2,NA,daily_close_lock_only; no_orderbook_seal,台新桃園,9B2v,0.008118792,False,none,Top1 台新桃園 淨買0.01億; none; 非追蹤; 首板,0.0185185185185186,0.0,tpex,1,True,True,4,official,
6834,天二科技,2026-08-11,locked,106.0,106.0,NA,daily_close_lock_only; no_orderbook_seal,元大竹科,980K,0.246113,False,none,Top1 元大竹科 淨買0.25億; none; 非追蹤; 2連板,-0.018867924528301883,0.009433962264151052,twse,2,True,False,4,official,
9921,巨大,2026-08-11,locked,111.5,111.5,NA,daily_close_lock_only; no_orderbook_seal,凱基台北,9268,0.20237376,False,none,Top1 凱基台北 淨買0.20億; none; 非追蹤; 2連板,0.0,-0.022421524663677084,twse,2,True,False,4,official,
4561,健椿,2026-08-12,locked,46.05,46.05,NA,daily_close_lock_only; no_orderbook_seal,永豐金板新,9A9J,0.0658515,False,none,Top1 永豐金板新 淨買0.07億; none; 非追蹤; 首板,0.04668838219326821,-0.008686210640608039,tpex,1,True,True,4,official,
6831,邁科,2026-08-12,locked,678.0,678.0,NA,daily_close_lock_only; no_orderbook_seal,凱基台北,9268,0.26762,False,momentum,Top1 凱基台北 淨買0.27億; momentum; 非追蹤; 首板,0.002949852507374562,0.0,twse,1,True,True,4,official,
2359,所羅門,2026-08-13,locked,157.0,157.0,NA,daily_close_lock_only; no_orderbook_seal,凱基台北,9268,0.9960446,False,none,Top1 凱基台北 淨買1.00億; none; 非追蹤; 首板,0.0031847133757962887,0.015923566878981,twse,1,True,True,4,official,
2375,凱美,2026-08-13,locked,139.5,139.5,NA,daily_close_lock_only; no_orderbook_seal,凱基台北,9268,0.537133025,False,none,Top1 凱基台北 淨買0.54億; none; 非追蹤; 首板,-0.0035842293906810374,-0.06451612903225812,twse,1,True,True,4,official,
3498,陽程,2026-08-13,locked,144.0,144.0,NA,daily_close_lock_only; no_orderbook_seal,元大竹科,980K,1.19664,False,momentum,Top1 元大竹科 淨買1.20億; momentum; 非追蹤; 首板,0.06944444444444442,0.09722222222222232,tpex,1,True,True,4,official,
3693,營邦,2026-08-13,locked,552.0,552.0,NA,daily_close_lock_only; no_orderbook_seal,凱基台北,9268,0.425,False,none,Top1 凱基台北 淨買0.42億; none; 非追蹤; 首板,0.032608695652173836,-0.02898550724637683,tpex,1,True,True,4,official,
1336,台翰,2026-08-14,locked,17.65,17.65,NA,daily_close_lock_only; no_orderbook_seal,奔亞鑫豐,601d,0.153976644,False,none,Top1 奔亞鑫豐 淨買0.15億; none; 非追蹤; 首板,0.03966005665722405,0.019830028328611915,tpex,1,True,True,4,official,
2429,銘旺科,2026-08-14,locked,34.9,34.9,NA,daily_close_lock_only; no_orderbook_seal,凱基台北,9268,0.0435195,False,none,Top1 凱基台北 淨買0.04億; none; 非追蹤; 首板,0.08595988538681953,0.03151862464183375,twse,1,True,True,4,official,
3498,陽程,2026-08-14,locked,158.0,158.0,NA,daily_close_lock_only; no_orderbook_seal,凱基台北,9268,2.02402394,False,momentum,Top1 凱基台北 淨買2.02億; momentum; 非追蹤; 2連板,0.009493670886076,0.0031645569620253333,tpex,2,True,False,4,official,
2359,所羅門,2026-08-17,locked,175.0,175.0,NA,daily_close_lock_only; no_orderbook_seal,凱基台北,9268,1.04636775,False,momentum,Top1 凱基台北 淨買1.05億; momentum; 非追蹤; 首板,0.017142857142857126,0.014285714285714235,twse,1,True,True,4,official,
3498,陽程,2026-08-18,locked,174.0,174.0,NA,daily_close_lock_only; no_orderbook_seal,永豐金萬盛,9A92,0.857335,False,momentum,Top1 永豐金萬盛 淨買0.86億; momentum; 非追蹤; 首板,-0.02298850574712641,0.09482758620689657,tpex,1,True,True,4,official,
3229,晟鈦,2026-08-20,locked,56.9,56.9,NA,daily_close_lock_only; no_orderbook_seal,富邦木柵,961M,0.153031,False,none,Top1 富邦木柵 淨買0.15億; none; 非追蹤; 首板,0.008787346221441172,0.08611599297012296,twse,1,True,True,4,official,
3485,敘豐,2026-08-20,locked,222.0,222.0,NA,daily_close_lock_only; no_orderbook_seal,凱基城中,9227,0.1332,False,none,Top1 凱基城中 淨買0.13億; none; 非追蹤; 首板,0.006756756756756799,0.060810810810810745,tpex,1,True,True,4,official,
7825,和亞智慧,2026-08-20,locked,82.5,84.6,NA,daily_close_lock_only; no_orderbook_seal,,,0.0,False,none,Top1 NA 淨買0.00億; none; 非追蹤; 首板,-0.044917257683215084,0.11111111111111116,tpex,1,True,True,4,approx_10pct,no_domestic_top1;limit_price_approx_10pct
6103,合邦,2026-08-21,locked,29.3,29.3,NA,daily_close_lock_only; no_orderbook_seal,群益永和,918J,0.000879,False,none,Top1 群益永和 淨買0.00億; none; 非追蹤; 首板,0.0,0.0989761092150172,tpex,1,True,True,4,official,
7825,和亞智慧,2026-08-21,locked,93.1,94.0,NA,daily_close_lock_only; no_orderbook_seal,,,0.0,False,none,Top1 NA 淨買0.00億; none; 非追蹤; 2連板,-0.061063829787234014,-0.07659574468085106,tpex,2,True,False,4,approx_10pct,no_domestic_top1;limit_price_approx_10pct
6103,合邦,2026-08-24,locked,32.2,32.2,NA,daily_close_lock_only; no_orderbook_seal,兆豐三重,7008,0.00063,False,none,Top1 兆豐三重 淨買0.00億; none; 非追蹤; 2連板,0.007763975155279601,0.0993788819875776,tpex,2,True,False,4,official,
3363,上詮,2026-08-25,locked,623.0,623.0,NA,daily_close_lock_only; no_orderbook_seal,凱基台北,9268,0.42735073,False,none,Top1 凱基台北 淨買0.43億; none; 非追蹤; 首板,,,tpex,1,True,True,4,official,missing_t1_return
3625,西勝,2026-08-25,locked,12.45,12.45,NA,daily_close_lock_only; no_orderbook_seal,富邦員林,9672,0.005466148499999999,False,none,Top1 富邦員林 淨買0.01億; none; 非追蹤; 首板,,,tpex,1,True,True,4,official,missing_t1_return
6103,合邦,2026-08-25,locked,35.4,35.4,NA,daily_close_lock_only; no_orderbook_seal,群益永和,918J,0.001062,False,none,Top1 群益永和 淨買0.00億; none; 非追蹤; 3連板,,,tpex,3,True,False,4,official,missing_t1_return
1444,力麗,2026-06-29,locked,8.15,8.15,NA,daily_close_lock_only; no_orderbook_seal,元大竹科,980K,0.0922486,False,none,Top1 元大竹科 淨買0.09億; none; 非追蹤; 首板,0.06134969325153383,0.09938650306748475,twse,1,True,True,3,official,
5434,崇越,2026-06-29,locked,539.0,539.0,NA,daily_close_lock_only; no_orderbook_seal,元大民權,9867,0.47981002,False,none,Top1 元大民權 淨買0.48億; none; 非追蹤; 首板,-0.014842300556586308,0.01855287569573294,twse,1,True,True,3,official,
7799,禾榮科,2026-06-29,locked,416.5,416.5,NA,daily_close_lock_only; no_orderbook_seal,凱基台北,9268,0.32183,False,none,Top1 凱基台北 淨買0.32億; none; 非追蹤; 首板,-0.019207683073229287,-0.015606242496998823,twse,1,True,True,3,official,
8227,巨有科技,2026-06-29,locked,205.5,205.5,NA,daily_close_lock_only; no_orderbook_seal,凱基台北,9268,0.42584,False,none,Top1 凱基台北 淨買0.43億; none; 非追蹤; 首板,0.058394160583941535,0.04379562043795615,tpex,1,True,True,3,official,
2208,台船,2026-06-30,locked,19.3,19.3,NA,daily_close_lock_only; no_orderbook_seal,凱基城中,9227,0.789494,False,none,Top1 凱基城中 淨買0.79億; none; 非追蹤; 首板,0.041450777202072464,-0.02849740932642486,twse,1,True,True,3,official,
3236,千如,2026-06-30,locked,68.9,68.9,NA,daily_close_lock_only; no_orderbook_seal,元大台北,980h,1.9858802650000003,False,momentum,Top1 元大台北 淨買1.99億; momentum; 非追蹤; 首板,0.015965166908562978,0.05950653120464433,tpex,1,True,True,3,official,
3357,臺慶科,2026-06-30,locked,319.0,319.0,NA,daily_close_lock_only; no_orderbook_seal,凱基城中,9227,1.01761,False,momentum,Top1 凱基城中 淨買1.02億; momentum; 非追蹤; 首板,0.018808777429467183,-0.042319749216300995,tpex,1,True,True,3,official,
3555,博士旺,2026-06-30,locked,201.5,201.5,NA,daily_close_lock_only; no_orderbook_seal,凱基台北,9268,0.04019,False,none,Top1 凱基台北 淨買0.04億; none; 非追蹤; 首板,0.0,-0.04714640198511166,tpex,1,True,True,3,official,
6278,台表科,2026-06-30,locked,213.0,213.0,NA,daily_close_lock_only; no_orderbook_seal,凱基台北,9268,1.0846249,False,momentum,Top1 凱基台北 淨買1.08億; momentum; 非追蹤; 首板,0.007042253521126751,-0.028169014084507005,twse,1,True,True,3,official,
8027,鈦昇,2026-06-30,locked,216.5,216.5,NA,daily_close_lock_only; no_orderbook_seal,永豐金桃園,9A9x,0.16031825,False,none,Top1 永豐金桃園 淨買0.16億; none; 非追蹤; 首板,0.05773672055427248,0.09237875288683606,tpex,1,True,True,3,official,
8064,東捷,2026-06-30,locked,146.0,146.0,NA,daily_close_lock_only; no_orderbook_seal,凱基台北,9268,0.6448799,False,none,Top1 凱基台北 淨買0.64億; none; 非追蹤; 首板,0.013698630136986356,0.013698630136986356,tpex,1,True,True,3,official,
1466,聚隆,2026-07-01,locked,16.25,16.25,NA,daily_close_lock_only; no_orderbook_seal,永豐板新,9A9J,0.0437125,False,none,Top1 永豐板新 淨買0.04億; none; 非追蹤; 首板,0.04615384615384621,0.0984615384615386,twse,1,True,True,3,official,
3349,寶德,2026-07-01,locked,20.0,20.0,NA,daily_close_lock_only; no_orderbook_seal,永豐金埔里,9A79,0.01805,False,none,Top1 永豐金埔里 淨買0.02億; none; 非追蹤; 首板,0.03499999999999992,0.0,tpex,1,True,True,3,official,
3520,華盈,2026-07-01,locked,17.25,17.25,NA,daily_close_lock_only; no_orderbook_seal,台新松德,9B2a,0.039787696000000004,False,none,Top1 台新松德 淨買0.04億; none; 非追蹤; 首板,0.08985507246376812,0.09855072463768111,tpex,1,True,True,3,official,
3664,安瑞-KY,2026-07-01,locked,7.7,7.7,NA,daily_close_lock_only; no_orderbook_seal,國泰館前,888A,0.00385,False,none,Top1 國泰館前 淨買0.00億; none; 非追蹤; 首板,0.0051948051948051965,0.0051948051948051965,tpex,1,True,True,3,official,
5426,振發,2026-07-01,locked,34.4,34.4,NA,daily_close_lock_only; no_orderbook_seal,凱基城中,9227,0.153944,False,none,Top1 凱基城中 淨買0.15億; none; 非追蹤; 首板,0.04941860465116288,-0.04505813953488369,tpex,1,True,True,3,official,
5460,同協,2026-07-01,locked,17.25,17.25,NA,daily_close_lock_only; no_orderbook_seal,凱基台北,9268,0.0166065,False,none,Top1 凱基台北 淨買0.02億; none; 非追蹤; 首板,0.03768115942028971,0.09855072463768111,tpex,1,True,True,3,official,
6164,華興,2026-07-01,locked,14.45,14.45,NA,daily_close_lock_only; no_orderbook_seal,凱基台北,9268,0.067655,False,none,Top1 凱基台北 淨買0.07億; none; 非追蹤; 首板,0.09688581314878886,0.09688581314878886,twse,1,True,True,3,official,
6224,聚鼎,2026-07-01,locked,84.9,84.9,NA,daily_close_lock_only; no_orderbook_seal,凱基台北,9268,0.281973,False,none,Top1 凱基台北 淨買0.28億; none; 非追蹤; 2連板,-0.03062426383981165,-0.04711425206124853,twse,2,True,False,3,official,
6515,穎崴,2026-07-01,locked,8890.0,8890.0,NA,daily_close_lock_only; no_orderbook_seal,台新證券,9B00,2.2981751,False,momentum,Top1 台新證券 淨買2.30億; momentum; 非追蹤; 首板,-0.006749156355455588,0.04724409448818889,twse,1,True,True,3,official,
6640,均華,2026-07-01,locked,1125.0,1125.0,NA,daily_close_lock_only; no_orderbook_seal,凱基台北,9268,0.32825,False,none,Top1 凱基台北 淨買0.33億; none; 非追蹤; 首板,-0.03555555555555556,0.040000000000000036,tpex,1,True,True,3,official,
6870,騰雲,2026-07-01,locked,289.5,289.5,NA,daily_close_lock_only; no_orderbook_seal,凱基台北,9268,0.36783,False,none,Top1 凱基台北 淨買0.37億; none; 非追蹤; 首板,-0.03626943005181349,0.09844559585492219,tpex,1,True,True,3,official,
1409,新纖,2026-07-02,locked,28.2,28.2,NA,daily_close_lock_only; no_orderbook_seal,富邦新營,9693,0.1201733,False,none,Top1 富邦新營 淨買0.12億; none; 非追蹤; 首板,0.0,0.09929078014184389,twse,1,True,True,3,official,
1466,聚隆,2026-07-02,locked,17.85,17.85,NA,daily_close_lock_only; no_orderbook_seal,玉山台南,8847,0.018675,False,none,Top1 玉山台南 淨買0.02億; none; 非追蹤; 2連板,-0.011204481792717269,0.03081232492997188,twse,2,True,False,3,official,
1597,直得,2026-07-02,locked,157.0,157.0,NA,daily_close_lock_only; no_orderbook_seal,富邦高雄,9659,0.07301843,False,none,Top1 富邦高雄 淨買0.07億; none; 非追蹤; 首板,0.022292993630573354,-0.006369426751592355,twse,1,True,True,3,official,
2302,麗正,2026-07-02,locked,55.4,55.4,NA,daily_close_lock_only; no_orderbook_seal,凱基市府,920D,0.604347,False,none,Top1 凱基市府 淨買0.60億; none; 非追蹤; 首板,0.018050541516245522,-0.06137184115523464,twse,1,True,True,3,official,
3135,凌航,2026-07-02,locked,183.5,183.5,NA,daily_close_lock_only; no_orderbook_seal,元大學府,9822,0.096698,False,none,Top1 元大學府 淨買0.10億; none; 非追蹤; 首板,0.0,0.005449591280654031,twse,1,True,True,3,official,
3455,由田,2026-07-02,locked,260.0,260.0,NA,daily_close_lock_only; no_orderbook_seal,元大蘆洲,9857,1.213648455,False,momentum,Top1 元大蘆洲 淨買1.21億; momentum; 非追蹤; 首板,0.03846153846153855,0.0038461538461538325,tpex,1,True,True,3,official,
3520,華盈,2026-07-02,locked,18.95,18.95,NA,daily_close_lock_only; no_orderbook_seal,元大沙鹿,980d,0.0682955,False,none,Top1 元大沙鹿 淨買0.07億; none; 非追蹤; 2連板,-0.005277044854881119,-0.029023746701847042,tpex,2,True,False,3,official,
5299,杰力,2026-07-02,locked,136.0,136.0,NA,daily_close_lock_only; no_orderbook_seal,元大新莊,9898,0.0742405,False,none,Top1 元大新莊 淨買0.07億; none; 非追蹤; 首板,-0.011029411764705843,-0.05147058823529416,tpex,1,True,True,3,official,
5425,台半,2026-07-02,locked,133.5,133.5,NA,daily_close_lock_only; no_orderbook_seal,凱基站前,920F,0.27593419,False,none,Top1 凱基站前 淨買0.28億; none; 非追蹤; 首板,-0.01872659176029967,-0.01872659176029967,tpex,1,True,True,3,official,
5460,同協,2026-07-02,locked,18.95,18.95,NA,daily_close_lock_only; no_orderbook_seal,凱基城中,9227,0.079374397,False,none,Top1 凱基城中 淨買0.08億; none; 非追蹤; 2連板,0.03430079155672838,0.018469656992084582,tpex,2,True,False,3,official,
6739,竹陞科技,2026-07-02,locked,1200.0,1200.0,NA,daily_close_lock_only; no_orderbook_seal,凱基城中,9227,0.80738875,False,none,Top1 凱基城中 淨買0.81億; none; 非追蹤; 首板,0.02083333333333326,0.08333333333333326,tpex,1,True,True,3,official,
6870,騰雲,2026-07-02,locked,318.0,318.0,NA,daily_close_lock_only; no_orderbook_seal,凱基台北,9268,0.18933,False,none,Top1 凱基台北 淨買0.19億; none; 非追蹤; 2連板,-0.014150943396226467,-0.02515723270440251,tpex,2,True,False,3,official,
1409,新纖,2026-07-03,locked,31.0,31.0,NA,daily_close_lock_only; no_orderbook_seal,台新宜蘭,9B2U,0.1657502,False,none,Top1 台新宜蘭 淨買0.17億; none; 非追蹤; 2連板,0.10000000000000009,-0.024193548387096753,twse,2,True,False,3,official,
2103,台橡,2026-07-03,locked,23.5,23.5,NA,daily_close_lock_only; no_orderbook_seal,凱基台北,9268,0.310573765,False,none,Top1 凱基台北 淨買0.31億; none; 非追蹤; 首板,0.0851063829787233,0.029787234042553123,twse,1,True,True,3,official,
2208,台船,2026-07-03,locked,20.8,20.8,NA,daily_close_lock_only; no_orderbook_seal,凱基台北,9268,0.25344152,False,none,Top1 凱基台北 淨買0.25億; none; 非追蹤; 首板,0.07451923076923084,-0.024038461538461564,twse,1,True,True,3,official,
3349,寶德,2026-07-03,locked,22.0,22.0,NA,daily_close_lock_only; no_orderbook_seal,元大斗六,980C,0.02398,False,none,Top1 元大斗六 淨買0.02億; none; 非追蹤; 首板,0.0,0.09999999999999987,tpex,1,True,True,3,official,
3564,其陽,2026-07-03,locked,49.85,49.85,NA,daily_close_lock_only; no_orderbook_seal,元大景美,984H,0.0084745,False,none,Top1 元大景美 淨買0.01億; none; 非追蹤; 首板,0.09929789368104314,0.09929789368104314,tpex,1,True,True,3,official,
4551,智伸科,2026-07-03,locked,265.0,265.0,NA,daily_close_lock_only; no_orderbook_seal,凱基敦北,9237,0.19875,False,none,Top1 凱基敦北 淨買0.20億; none; 非追蹤; 首板,0.09811320754716979,0.0641509433962264,twse,1,True,True,3,official,
5302,太欣,2026-07-03,locked,14.05,14.05,NA,daily_close_lock_only; no_orderbook_seal,元大竹科,980K,0.042712,False,none,Top1 元大竹科 淨買0.04億; none; 非追蹤; 首板,0.07117437722419928,0.0996441281138789,tpex,1,True,True,3,official,
6164,華興,2026-07-03,locked,17.4,17.4,NA,daily_close_lock_only; no_orderbook_seal,永豐板新,9A9J,0.06142199999999999,False,none,Top1 永豐板新 淨買0.06億; none; 非追蹤; 3連板,-0.02298850574712641,-0.09770114942528729,twse,3,True,False,3,official,
7717,萊德光電-KY,2026-07-03,locked,462.5,462.5,NA,daily_close_lock_only; no_orderbook_seal,兆豐東門,700H,0.12728,False,none,Top1 兆豐東門 淨買0.13億; none; 非追蹤; 首板,0.024864864864864833,-0.025945945945945903,tpex,1,True,True,3,official,
7820,立盈,2026-07-03,locked,124.0,124.0,NA,daily_close_lock_only; no_orderbook_seal,合庫彰化,1028,0.00992,False,none,Top1 合庫彰化 淨買0.01億; none; 非追蹤; 首板,0.024193548387096753,0.02016129032258074,tpex,1,True,True,3,official,
8222,寶一,2026-07-03,locked,44.75,44.75,NA,daily_close_lock_only; no_orderbook_seal,元大台北,980h,0.8592603625,False,none,Top1 元大台北 淨買0.86億; none; 非追蹤; 首板,0.011173184357541999,-0.021229050279329642,twse,1,True,True,3,official,
2305,全友,2026-07-06,locked,42.65,42.65,NA,daily_close_lock_only; no_orderbook_seal,華南竹北,9339,0.097052,False,none,Top1 華南竹北 淨買0.10億; none; 非追蹤; 首板,-0.003516998827666984,-0.09964830011723325,twse,1,True,True,3,official,
3094,聯傑,2026-07-06,locked,42.9,42.9,NA,daily_close_lock_only; no_orderbook_seal,凱基城中,9227,0.632346,False,none,Top1 凱基城中 淨買0.63億; none; 非追蹤; 首板,0.0011655011655011815,-0.07925407925407923,twse,1,True,True,3,official,
3349,寶德,2026-07-06,locked,24.2,24.2,NA,daily_close_lock_only; no_orderbook_seal,永豐金內湖,9A9g,0.004969,False,none,Top1 永豐金內湖 淨買0.00億; none; 非追蹤; 2連板,0.051652892561983466,-0.037190082644628086,tpex,2,True,False,3,official,
3564,其陽,2026-07-06,locked,54.8,54.8,NA,daily_close_lock_only; no_orderbook_seal,凱基台北,9268,0.025756,False,none,Top1 凱基台北 淨買0.03億; none; 非追蹤; 2連板,0.0565693430656935,-0.06934306569343063,tpex,2,True,False,3,official,
5299,杰力,2026-07-06,locked,141.5,141.5,NA,daily_close_lock_only; no_orderbook_seal,凱基城中,9227,0.533775,False,none,Top1 凱基城中 淨買0.53億; none; 非追蹤; 首板,-0.017667844522968212,-0.09893992932862195,tpex,1,True,True,3,official,
5302,太欣,2026-07-06,locked,15.45,15.45,NA,daily_close_lock_only; no_orderbook_seal,台新松德,9B2a,0.10008448199999999,False,none,Top1 台新松德 淨買0.10億; none; 非追蹤; 2連板,0.035598705501618255,-0.08090614886731395,tpex,2,True,False,3,official,
5425,台半,2026-07-06,locked,144.0,144.0,NA,daily_close_lock_only; no_orderbook_seal,凱基城中,9227,7.02453312,False,momentum,Top1 凱基城中 淨買7.02億; momentum; 非追蹤; 首板,-0.05208333333333337,-0.09027777777777779,tpex,1,True,True,3,official,
7799,禾榮科,2026-07-06,locked,430.0,430.0,NA,daily_close_lock_only; no_orderbook_seal,凱基台北,9268,0.66308725,False,none,Top1 凱基台北 淨買0.66億; none; 非追蹤; 首板,0.05697674418604648,0.08372093023255811,twse,1,True,True,3,official,
1796,金穎生技,2026-07-08,locked,38.2,38.2,NA,daily_close_lock_only; no_orderbook_seal,美好苗栗,5265,0.002674,False,none,Top1 美好苗栗 淨買0.00億; none; 非追蹤; 2連板,0.0013089005235600304,-0.09947643979057597,tpex,2,True,False,3,official,
2395,研華,2026-07-08,locked,546.0,546.0,NA,daily_close_lock_only; no_orderbook_seal,凱基台北,9268,1.84377411,False,momentum,Top1 凱基台北 淨買1.84億; momentum; 非追蹤; 首板,0.001831501831501825,-0.01098901098901095,twse,1,True,True,3,official,
3564,其陽,2026-07-08,locked,56.1,56.1,NA,daily_close_lock_only; no_orderbook_seal,新光,8560,0.11437368099999999,False,none,Top1 新光 淨買0.11億; none; 非追蹤; 首板,0.07308377896613183,-0.035650623885918,tpex,1,True,True,3,official,
4923,力士,2026-07-08,locked,66.5,66.5,NA,daily_close_lock_only; no_orderbook_seal,凱基台北,9268,0.215793,False,none,Top1 凱基台北 淨買0.22億; none; 非追蹤; 首板,0.02706766917293235,-0.048120300751879785,tpex,1,True,True,3,official,
8096,擎亞,2026-07-08,locked,169.5,169.5,NA,daily_close_lock_only; no_orderbook_seal,凱基台北,9268,2.29515915,False,momentum,Top1 凱基台北 淨買2.30億; momentum; 非追蹤; 首板,0.0,-0.017699115044247815,tpex,1,True,True,3,official,
6449,鈺邦,2026-07-09,locked,352.0,352.0,NA,daily_close_lock_only; no_orderbook_seal,元大士林,981j,1.73918004,False,momentum,Top1 元大士林 淨買1.74億; momentum; 非追蹤; 首板,-0.011363636363636354,-0.09943181818181823,twse,1,True,True,3,official,
7769,鴻勁,2026-07-09,locked,6660.0,6660.0,NA,daily_close_lock_only; no_orderbook_seal,凱基三重,9205,1.2608697,False,momentum,Top1 凱基三重 淨買1.26億; momentum; 非追蹤; 首板,0.04954954954954949,0.006756756756756799,twse,1,True,True,3,official,
8027,鈦昇,2026-07-09,locked,242.0,242.0,NA,daily_close_lock_only; no_orderbook_seal,元大松江,9801,0.48103731,False,none,Top1 元大松江 淨買0.48億; none; 非追蹤; 首板,0.006198347107438051,-0.004132231404958664,tpex,1,True,True,3,official,
8064,東捷,2026-07-09,locked,138.0,138.0,NA,daily_close_lock_only; no_orderbook_seal,凱基城中,9227,0.4098673,False,none,Top1 凱基城中 淨買0.41億; none; 非追蹤; 首板,0.0,-0.025362318840579712,tpex,1,True,True,3,official,
1709,和益,2026-07-13,locked,26.8,26.8,NA,daily_close_lock_only; no_orderbook_seal,新光,8560,0.486324252,False,none,Top1 新光 淨買0.49億; none; 非追蹤; 首板,0.05597014925373145,0.04664179104477606,twse,1,True,True,3,official,
2208,台船,2026-07-13,locked,21.7,21.7,NA,daily_close_lock_only; no_orderbook_seal,統一員林,585I,0.1737245,False,none,Top1 統一員林 淨買0.17億; none; 非追蹤; 首板,0.018433179723502446,-0.025345622119815725,twse,1,True,True,3,official,
2305,全友,2026-07-13,locked,39.6,39.6,NA,daily_close_lock_only; no_orderbook_seal,富邦建國,9658,0.15740400000000002,False,none,Top1 富邦建國 淨買0.16億; none; 非追蹤; 首板,0.018939393939394034,-0.06691919191919193,twse,1,True,True,3,official,
3008,大立光,2026-07-13,locked,4345.0,4345.0,NA,daily_close_lock_only; no_orderbook_seal,凱基城中,9227,6.56950965,False,dual,Top1 凱基城中 淨買6.57億; dual; 非追蹤; 首板,0.03222094361334871,-0.018411967779056404,twse,1,True,True,3,official,
5434,崇越,2026-07-13,locked,559.0,559.0,NA,daily_close_lock_only; no_orderbook_seal,凱基站前,920F,3.89499118,False,momentum,Top1 凱基站前 淨買3.89億; momentum; 非追蹤; 首板,-0.025044722719141377,-0.01610017889087656,twse,1,True,True,3,official,
7717,萊德光電-KY,2026-07-13,locked,464.5,464.5,NA,daily_close_lock_only; no_orderbook_seal,凱基台北,9268,0.125415,False,none,Top1 凱基台北 淨買0.13億; none; 非追蹤; 首板,0.006458557588805203,0.07212055974165765,tpex,1,True,True,3,official,
1466,聚隆,2026-07-14,locked,18.5,18.5,NA,daily_close_lock_only; no_orderbook_seal,宏遠台南,126D,0.037502,False,none,Top1 宏遠台南 淨買0.04億; none; 非追蹤; 首板,0.06756756756756754,-0.010810810810810811,twse,1,True,True,3,official,
8421,旭源,2026-07-14,locked,16.85,16.85,NA,daily_close_lock_only; no_orderbook_seal,口袋證券,6620,0.024476,False,none,Top1 口袋證券 淨買0.02億; none; 非追蹤; 首板,0.0,-0.005934718100890302,tpex,1,True,True,3,official,
1444,力麗,2026-07-15,locked,8.87,8.87,NA,daily_close_lock_only; no_orderbook_seal,兆豐南門,700g,0.015883,False,none,Top1 兆豐南門 淨買0.02億; none; 非追蹤; 首板,-0.01014656144306647,-0.07553551296505068,twse,1,True,True,3,official,
2221,大甲,2026-07-15,locked,53.1,53.1,NA,daily_close_lock_only; no_orderbook_seal,群益內湖,918d,0.110338,False,none,Top1 群益內湖 淨買0.11億; none; 非追蹤; 首板,0.03766478342749524,0.09981167608286245,tpex,1,True,True,3,official,
2467,志聖,2026-07-15,locked,589.0,589.0,NA,daily_close_lock_only; no_orderbook_seal,凱基台北,9268,1.56577896,False,momentum,Top1 凱基台北 淨買1.57億; momentum; 非追蹤; 首板,0.0,0.05263157894736836,twse,1,True,True,3,official,
3094,聯傑,2026-07-15,locked,40.45,40.45,NA,daily_close_lock_only; no_orderbook_seal,永豐鳳山,9A61,0.0862795,False,none,Top1 永豐鳳山 淨買0.09億; none; 非追蹤; 首板,-0.00370828182941918,0.012360939431396822,twse,1,True,True,3,official,
4764,雙鍵,2026-07-15,locked,364.5,364.5,NA,daily_close_lock_only; no_orderbook_seal,宏遠民生,1261,0.34966,False,none,Top1 宏遠民生 淨買0.35億; none; 非追蹤; 首板,-0.026063100137174167,-0.09876543209876543,twse,1,True,True,3,official,
5460,同協,2026-07-15,locked,17.2,17.2,NA,daily_close_lock_only; no_orderbook_seal,國泰高雄,8881,0.013883,False,none,Top1 國泰高雄 淨買0.01億; none; 非追蹤; 首板,-0.005813953488371992,0.0029069767441860517,tpex,1,True,True,3,official,
6451,訊芯-KY,2026-07-15,locked,491.0,491.0,NA,daily_close_lock_only; no_orderbook_seal,凱基台北,9268,1.08305,False,momentum,Top1 凱基台北 淨買1.08億; momentum; 非追蹤; 首板,0.005091649694501044,-0.02851323828920571,twse,1,True,True,3,official,
6505,台塑化,2026-07-15,locked,72.8,72.8,NA,daily_close_lock_only; no_orderbook_seal,台新證券,9B00,0.74248097,False,momentum,Top1 台新證券 淨買0.74億; momentum; 非追蹤; 首板,0.02335164835164849,0.098901098901099,twse,1,True,True,3,official,
7734,印能科技,2026-07-15,locked,3045.0,3045.0,NA,daily_close_lock_only; no_orderbook_seal,凱基台北,9268,0.7569,False,none,Top1 凱基台北 淨買0.76億; none; 非追蹤; 首板,-0.014778325123152691,0.03776683087027921,tpex,1,True,True,3,official,
2221,大甲,2026-07-16,locked,58.4,58.4,NA,daily_close_lock_only; no_orderbook_seal,凱基市府,920D,0.27724624800000003,False,none,Top1 凱基市府 淨買0.28億; none; 非追蹤; 2連板,0.0,-0.09931506849315064,tpex,2,True,False,3,official,
5434,崇越,2026-07-16,locked,596.0,596.0,NA,daily_close_lock_only; no_orderbook_seal,中國信託,6160,1.50058117,False,momentum,Top1 中國信託 淨買1.50億; momentum; 非追蹤; 首板,-0.028523489932885893,-0.057046979865771785,twse,1,True,True,3,official,
6505,台塑化,2026-07-16,locked,80.0,80.0,NA,daily_close_lock_only; no_orderbook_seal,凱基城中,9227,3.5445118,False,momentum,Top1 凱基城中 淨買3.54億; momentum; 非追蹤; 2連板,-0.0050000000000001155,0.016249999999999876,twse,2,True,False,3,official,
6739,竹陞科技,2026-07-16,locked,1215.0,1215.0,NA,daily_close_lock_only; no_orderbook_seal,凱基台北,9268,0.1934488,False,none,Top1 凱基台北 淨買0.19億; none; 非追蹤; 首板,-0.03703703703703709,-0.07818930041152261,tpex,1,True,True,3,official,
2454,聯發科,2026-07-21,locked,3670.0,3670.0,NA,daily_close_lock_only; no_orderbook_seal,凱基城中,9227,7.7767952,False,dual,Top1 凱基城中 淨買7.78億; dual; 非追蹤; 首板,0.0899182561307903,0.04904632152588562,twse,1,True,True,3,official,
3147,大綜,2026-07-21,locked,228.5,228.5,NA,daily_close_lock_only; no_orderbook_seal,凱基台北,9268,0.1805196,False,none,Top1 凱基台北 淨買0.18億; none; 非追蹤; 首板,0.010940919037199182,0.006564551422319376,tpex,1,True,True,3,official,
3443,創意,2026-07-21,locked,4115.0,4115.0,NA,daily_close_lock_only; no_orderbook_seal,凱基興隆,9289,2.7831486,False,momentum,Top1 凱基興隆 淨買2.78億; momentum; 非追蹤; 首板,0.04617253948967193,0.06196840826245453,twse,1,True,True,3,official,
4764,雙鍵,2026-07-21,locked,293.0,293.0,NA,daily_close_lock_only; no_orderbook_seal,兆豐北高,700I,0.4863766,False,none,Top1 兆豐北高 淨買0.49億; none; 非追蹤; 首板,0.09044368600682584,-0.008532423208191142,twse,1,True,True,3,official,
5468,凱鈺,2026-07-21,locked,25.1,25.1,NA,daily_close_lock_only; no_orderbook_seal,中信託文心,6164,0.0075935,False,none,Top1 中信託文心 淨買0.01億; none; 非追蹤; 首板,0.015936254980079667,0.027888446215139417,tpex,1,True,True,3,official,
6505,台塑化,2026-07-21,locked,85.4,85.4,NA,daily_close_lock_only; no_orderbook_seal,凱基城中,9227,2.52399522,False,momentum,Top1 凱基城中 淨買2.52億; momentum; 非追蹤; 首板,0.023419203747072626,-0.003512880562061005,twse,1,True,True,3,official,
6515,穎崴,2026-07-21,locked,6655.0,6655.0,NA,daily_close_lock_only; no_orderbook_seal,統一板橋,585P,0.19184375,False,none,Top1 統一板橋 淨買0.19億; none; 非追蹤; 首板,0.051840721262208955,-0.023290758827948954,twse,1,True,True,3,official,
6579,研揚,2026-07-21,locked,163.5,163.5,NA,daily_close_lock_only; no_orderbook_seal,凱基台北,9268,0.157775,False,momentum,Top1 凱基台北 淨買0.16億; momentum; 非追蹤; 首板,0.02752293577981657,0.021406727828746197,twse,1,True,True,3,official,
6753,龍德造船,2026-07-21,locked,153.0,153.0,NA,daily_close_lock_only; no_orderbook_seal,兆豐鹿港,700f,0.2783835,False,none,Top1 兆豐鹿港 淨買0.28億; none; 非追蹤; 首板,-0.006535947712418277,-0.05555555555555558,twse,1,True,True,3,official,
7734,印能科技,2026-07-21,locked,3115.0,3115.0,NA,daily_close_lock_only; no_orderbook_seal,凱基台北,9268,0.8309,False,none,Top1 凱基台北 淨買0.83億; none; 非追蹤; 首板,0.01605136436597121,0.0048154093097914075,tpex,1,True,True,3,official,
8222,寶一,2026-07-21,locked,41.55,41.55,NA,daily_close_lock_only; no_orderbook_seal,元大台北,980h,0.362234,False,none,Top1 元大台北 淨買0.36億; none; 非追蹤; 首板,0.026474127557160054,-0.03971119133574008,twse,1,True,True,3,official,
8421,旭源,2026-07-21,locked,15.65,15.65,NA,daily_close_lock_only; no_orderbook_seal,台新九如,9B21,0.004295,False,none,Top1 台新九如 淨買0.00億; none; 非追蹤; 首板,0.0,-0.057507987220447254,tpex,1,True,True,3,official,
2302,麗正,2026-07-22,locked,43.55,43.55,NA,daily_close_lock_only; no_orderbook_seal,凱基台北,9268,0.1528895,False,none,Top1 凱基台北 淨買0.15億; none; 非追蹤; 首板,0.042479908151549894,-0.025258323765786295,twse,1,True,True,3,official,
3523,迎輝,2026-07-22,locked,15.4,15.4,NA,daily_close_lock_only; no_orderbook_seal,宏遠台中,126L,0.0009785,False,none,Top1 宏遠台中 淨買0.00億; none; 非追蹤; 首板,0.06493506493506485,0.09740259740259738,tpex,1,True,True,3,official,
5274,信驊,2026-07-22,locked,15510.0,15510.0,NA,daily_close_lock_only; no_orderbook_seal,永豐金匯立,9A81,1.44727,False,momentum,Top1 永豐金匯立 淨買1.45億; momentum; 非追蹤; 首板,0.004190844616376532,0.0019342359767891004,tpex,1,True,True,3,official,
5347,世界,2026-07-22,locked,171.0,171.0,NA,daily_close_lock_only; no_orderbook_seal,群益內湖,918d,0.66630818,False,momentum,Top1 群益內湖 淨買0.67億; momentum; 非追蹤; 首板,0.023391812865497075,-0.014619883040935644,tpex,1,True,True,3,official,
5426,振發,2026-07-22,locked,28.75,28.75,NA,daily_close_lock_only; no_orderbook_seal,永昌南京,9326,0.0531425,False,none,Top1 永昌南京 淨買0.05億; none; 非追蹤; 首板,0.027826086956521667,-0.06434782608695655,tpex,1,True,True,3,official,
6449,鈺邦,2026-07-22,locked,269.5,269.5,NA,daily_close_lock_only; no_orderbook_seal,統一城中,5854,0.177867305,False,momentum,Top1 統一城中 淨買0.18億; momentum; 非追蹤; 首板,0.005565862708719838,-0.061224489795918324,twse,1,True,True,3,official,
6669,緯穎,2026-07-22,locked,5500.0,5500.0,NA,daily_close_lock_only; no_orderbook_seal,凱基台北,9268,4.9630952,False,momentum,Top1 凱基台北 淨買4.96億; momentum; 非追蹤; 首板,-0.00545454545454549,-0.00545454545454549,twse,1,True,True,3,official,
8111,立碁,2026-07-22,locked,51.7,51.7,NA,daily_close_lock_only; no_orderbook_seal,凱基台北,9268,0.06887233,False,none,Top1 凱基台北 淨買0.07億; none; 非追蹤; 首板,0.09284332688587993,0.09864603481624745,tpex,1,True,True,3,official,
8114,振樺電,2026-07-22,locked,221.0,221.0,NA,daily_close_lock_only; no_orderbook_seal,元大台北,980h,0.90589346,False,none,Top1 元大台北 淨買0.91億; none; 非追蹤; 2連板,0.013574660633484115,0.04977375565610864,twse,2,True,False,3,official,
1591,駿吉-KY,2026-07-23,locked,37.65,37.65,NA,daily_close_lock_only; no_orderbook_seal,台新松德,9B2a,0.0771825,False,none,Top1 台新松德 淨買0.08億; none; 非追蹤; 首板,0.09960159362549792,0.09960159362549792,tpex,1,True,True,3,official,
3523,迎輝,2026-07-23,locked,16.9,16.9,NA,daily_close_lock_only; no_orderbook_seal,新百王,6210,0.003042,False,none,Top1 新百王 淨買0.00億; none; 非追蹤; 2連板,0.062130177514792884,0.09763313609467472,tpex,2,True,False,3,official,
6579,研揚,2026-07-23,locked,183.5,183.5,NA,daily_close_lock_only; no_orderbook_seal,凱基站前,920F,2.571905625,False,momentum,Top1 凱基站前 淨買2.57億; momentum; 非追蹤; 首板,-0.010899182561307952,-0.016348773841961872,twse,1,True,True,3,official,
8111,立碁,2026-07-23,locked,56.8,56.8,NA,daily_close_lock_only; no_orderbook_seal,永豐金忠孝,9A9D,0.083363,False,none,Top1 永豐金忠孝 淨買0.08億; none; 非追蹤; 2連板,0.0,0.06690140845070425,tpex,2,True,False,3,official,
1591,駿吉-KY,2026-07-24,locked,41.4,41.4,NA,daily_close_lock_only; no_orderbook_seal,富邦新營,9693,0.018216,False,none,Top1 富邦新營 淨買0.02億; none; 非追蹤; 2連板,0.09903381642512077,0.09903381642512077,tpex,2,True,False,3,official,
2923,鼎固-KY,2026-07-24,locked,33.2,33.2,NA,daily_close_lock_only; no_orderbook_seal,凱基台北,9268,0.0085795,False,none,Top1 凱基台北 淨買0.01億; none; 非追蹤; 首板,0.04969879518072284,0.03765060240963858,twse,1,True,True,3,official,
3523,迎輝,2026-07-24,locked,18.55,18.55,NA,daily_close_lock_only; no_orderbook_seal,元大大益,9814,0.005565,False,none,Top1 元大大益 淨買0.01億; none; 非追蹤; 3連板,0.0,-0.09433962264150941,tpex,3,True,False,3,official,
1591,駿吉-KY,2026-07-27,locked,45.5,45.5,NA,daily_close_lock_only; no_orderbook_seal,台新世貿,9B2u,0.05915,False,none,Top1 台新世貿 淨買0.06億; none; 非追蹤; 3連板,0.0,-0.08571428571428563,tpex,3,True,False,3,official,
3362,先進光,2026-07-27,locked,165.5,165.5,NA,daily_close_lock_only; no_orderbook_seal,台新建北,9B18,0.182453,False,none,Top1 台新建北 淨買0.18億; none; 非追蹤; 首板,-0.033232628398791486,-0.0453172205438066,tpex,1,True,True,3,official,
4976,佳凌,2026-07-27,locked,33.9,33.9,NA,daily_close_lock_only; no_orderbook_seal,凱基台北,9268,0.110971,False,none,Top1 凱基台北 淨買0.11億; none; 非追蹤; 首板,-0.028023598820058893,0.01179941002949847,twse,1,True,True,3,official,
8085,福華,2026-07-27,locked,12.45,12.45,NA,daily_close_lock_only; no_orderbook_seal,台新松德,9B2a,0.012476389499999999,False,none,Top1 台新松德 淨買0.01億; none; 非追蹤; 首板,-0.036144578313252906,-0.04819277108433728,tpex,1,True,True,3,official,
3362,先進光,2026-07-29,locked,173.5,173.5,NA,daily_close_lock_only; no_orderbook_seal,凱基台北,9268,1.04702505,False,momentum,Top1 凱基台北 淨買1.05億; momentum; 非追蹤; 首板,0.0,-0.09798270893371763,tpex,1,True,True,3,official,
4976,佳凌,2026-07-29,locked,37.7,37.7,NA,daily_close_lock_only; no_orderbook_seal,元大台北,980h,0.6544495000000001,False,none,Top1 元大台北 淨買0.65億; none; 非追蹤; 首板,0.007957559681697646,-0.09946949602122013,twse,1,True,True,3,official,
5299,杰力,2026-07-29,locked,96.1,96.1,NA,daily_close_lock_only; no_orderbook_seal,凱基台北,9268,0.132868,False,none,Top1 凱基台北 淨買0.13億; none; 非追蹤; 首板,-0.032258064516129004,0.007284079084287187,tpex,1,True,True,3,official,
8421,旭源,2026-07-29,locked,14.9,14.9,NA,daily_close_lock_only; no_orderbook_seal,凱基站前,920F,0.012665,False,none,Top1 凱基站前 淨買0.01億; none; 非追蹤; 首板,0.07046979865771807,0.033557046979865834,tpex,1,True,True,3,official,
1796,金穎生技,2026-07-30,locked,31.05,31.05,NA,daily_close_lock_only; no_orderbook_seal,富邦宜蘭,9686,0.0033,False,none,Top1 富邦宜蘭 淨買0.00億; none; 非追蹤; 首板,0.0,-0.02093397745571668,tpex,1,True,True,3,official,
3520,華盈,2026-07-30,locked,17.9,17.9,NA,daily_close_lock_only; no_orderbook_seal,台新松德,9B2a,0.024883296000000003,False,none,Top1 台新松德 淨買0.02億; none; 非追蹤; 首板,0.0,0.030726256983240274,tpex,1,True,True,3,official,
7769,鴻勁,2026-07-30,locked,5620.0,5620.0,NA,daily_close_lock_only; no_orderbook_seal,台新證券,9B00,1.3199211,False,momentum,Top1 台新證券 淨買1.32億; momentum; 非追蹤; 首板,0.0996441281138789,0.0996441281138789,twse,1,True,True,3,official,
1595,川寶,2026-07-31,locked,50.0,50.0,NA,daily_close_lock_only; no_orderbook_seal,凱基台北,9268,0.029,False,none,Top1 凱基台北 淨買0.03億; none; 非追蹤; 首板,0.10000000000000009,0.10000000000000009,tpex,1,True,True,3,official,
1597,直得,2026-07-31,locked,114.0,114.0,NA,daily_close_lock_only; no_orderbook_seal,永豐萬盛,9A92,0.0225616,False,none,Top1 永豐萬盛 淨買0.02億; none; 非追蹤; 首板,-0.013157894736842146,0.09649122807017552,twse,1,True,True,3,official,
2302,麗正,2026-07-31,locked,36.75,36.75,NA,daily_close_lock_only; no_orderbook_seal,凱基台北,9268,0.1022175,False,none,Top1 凱基台北 淨買0.10億; none; 非追蹤; 首板,0.0,0.08843537414965996,twse,1,True,True,3,official,
2428,興勤,2026-07-31,locked,218.5,218.5,NA,daily_close_lock_only; no_orderbook_seal,致和台北,7031,0.3874,False,momentum,Top1 致和台北 淨買0.39億; momentum; 非追蹤; 首板,-0.011441647597253968,0.02517162471395884,twse,1,True,True,3,official,
3017,奇鋐,2026-07-31,locked,2320.0,2320.0,NA,daily_close_lock_only; no_orderbook_seal,永豐匯立,9A81,4.16805,False,dual,Top1 永豐匯立 淨買4.17億; dual; 非追蹤; 首板,0.034482758620689724,0.09913793103448265,twse,1,True,True,3,official,
3090,日電貿,2026-07-31,locked,125.0,125.0,NA,daily_close_lock_only; no_orderbook_seal,群益永和,918J,0.6502,False,none,Top1 群益永和 淨買0.65億; none; 非追蹤; 首板,0.06400000000000006,0.10000000000000009,twse,1,True,True,3,official,
3094,聯傑,2026-07-31,locked,34.85,34.85,NA,daily_close_lock_only; no_orderbook_seal,凱基台北,9268,0.077303,False,none,Top1 凱基台北 淨買0.08億; none; 非追蹤; 首板,-0.024390243902439046,0.008608321377331363,twse,1,True,True,3,official,
3105,穩懋,2026-07-31,locked,294.5,294.5,NA,daily_close_lock_only; no_orderbook_seal,凱基台北,9268,1.17541957,False,momentum,Top1 凱基台北 淨買1.18億; momentum; 非追蹤; 首板,0.013582342954159499,0.05602716468590829,tpex,1,True,True,3,official,
3135,凌航,2026-07-31,locked,153.0,153.0,NA,daily_close_lock_only; no_orderbook_seal,兆豐竹北,7007,0.1972285,False,none,Top1 兆豐竹北 淨買0.20億; none; 非追蹤; 首板,0.013071895424836555,0.045751633986928164,twse,1,True,True,3,official,
3147,大綜,2026-07-31,locked,222.0,222.0,NA,daily_close_lock_only; no_orderbook_seal,凱基板橋,920A,0.04218,False,none,Top1 凱基板橋 淨買0.04億; none; 非追蹤; 首板,-0.006756756756756799,0.06981981981981988,tpex,1,True,True,3,official,
3236,千如,2026-07-31,locked,38.75,38.75,NA,daily_close_lock_only; no_orderbook_seal,永昌南京,9326,0.1162215,False,none,Top1 永昌南京 淨買0.12億; none; 非追蹤; 首板,0.005161290322580614,0.09935483870967743,tpex,1,True,True,3,official,
3357,臺慶科,2026-07-31,locked,194.0,194.0,NA,daily_close_lock_only; no_orderbook_seal,元大木柵,983M,0.15789607,False,none,Top1 元大木柵 淨買0.16億; none; 非追蹤; 首板,0.04381443298969079,0.05154639175257736,tpex,1,True,True,3,official,
3362,先進光,2026-07-31,locked,172.0,172.0,NA,daily_close_lock_only; no_orderbook_seal,凱基台北,9268,0.524595345,False,none,Top1 凱基台北 淨買0.52億; none; 非追蹤; 首板,0.0,0.04651162790697683,tpex,1,True,True,3,official,
3443,創意,2026-07-31,locked,3805.0,3805.0,NA,daily_close_lock_only; no_orderbook_seal,群益台北,918X,4.1094,False,dual,Top1 群益台北 淨買4.11億; dual; 非追蹤; 首板,0.09067017082785811,0.09986859395532188,twse,1,True,True,3,official,
3664,安瑞-KY,2026-07-31,locked,6.16,6.16,NA,daily_close_lock_only; no_orderbook_seal,富邦新板,961H,0.0011704,False,none,Top1 富邦新板 淨買0.00億; none; 非追蹤; 首板,-1.0,-1.0,tpex,1,True,True,3,official,
4551,智伸科,2026-07-31,locked,163.0,163.0,NA,daily_close_lock_only; no_orderbook_seal,元大北重,989V,0.03586,False,none,Top1 元大北重 淨買0.04億; none; 非追蹤; 首板,0.0,-0.018404907975460127,twse,1,True,True,3,official,
4764,雙鍵,2026-07-31,locked,260.0,260.0,NA,daily_close_lock_only; no_orderbook_seal,永豐信義,9A9R,0.13,False,none,Top1 永豐信義 淨買0.13億; none; 非追蹤; 首板,0.005769230769230749,0.011538461538461497,twse,1,True,True,3,official,
4908,前鼎,2026-07-31,locked,132.0,132.0,NA,daily_close_lock_only; no_orderbook_seal,富邦南港,962A,0.186115,False,none,Top1 富邦南港 淨買0.19億; none; 非追蹤; 首板,0.022727272727272707,0.06818181818181812,tpex,1,True,True,3,official,
4976,佳凌,2026-07-31,locked,37.3,37.3,NA,daily_close_lock_only; no_orderbook_seal,凱基台北,9268,0.401242,False,none,Top1 凱基台北 淨買0.40億; none; 非追蹤; 首板,-0.008042895442359144,0.018766756032171594,twse,1,True,True,3,official,
5274,信驊,2026-07-31,locked,14525.0,14525.0,NA,daily_close_lock_only; no_orderbook_seal,永豐金內湖,9A9g,0.43487895,False,momentum,Top1 永豐金內湖 淨買0.43億; momentum; 非追蹤; 首板,0.07676419965576597,0.09982788296041312,tpex,1,True,True,3,official,
5347,世界,2026-07-31,locked,151.5,151.5,NA,daily_close_lock_only; no_orderbook_seal,兆豐民生,700c,0.74804,False,momentum,Top1 兆豐民生 淨買0.75億; momentum; 非追蹤; 首板,-0.02640264026402639,-0.0033003300330033403,tpex,1,True,True,3,official,
5464,霖宏,2026-07-31,locked,65.4,65.4,NA,daily_close_lock_only; no_orderbook_seal,群益大安,918e,0.085245,False,none,Top1 群益大安 淨買0.09億; none; 非追蹤; 首板,0.003058103975535076,-0.01834862385321101,tpex,1,True,True,3,official,
6449,鈺邦,2026-07-31,locked,210.5,210.5,NA,daily_close_lock_only; no_orderbook_seal,元大台北,980h,0.11132,False,momentum,Top1 元大台北 淨買0.11億; momentum; 非追蹤; 首板,0.0071258907363420665,0.06888361045130642,twse,1,True,True,3,official,
6530,創威,2026-07-31,locked,67.6,67.6,NA,daily_close_lock_only; no_orderbook_seal,永豐金新莊,9A9H,0.011907,False,none,Top1 永豐金新莊 淨買0.01億; none; 非追蹤; 首板,0.00591715976331364,0.03402366863905337,tpex,1,True,True,3,official,
6669,緯穎,2026-07-31,locked,5390.0,5390.0,NA,daily_close_lock_only; no_orderbook_seal,永豐匯立,9A81,1.0961402,False,dual,Top1 永豐匯立 淨買1.10億; dual; 非追蹤; 首板,0.025974025974025983,0.09925788497217058,twse,1,True,True,3,official,
6716,應廣,2026-07-31,locked,77.6,77.6,NA,daily_close_lock_only; no_orderbook_seal,台中銀高雄,6116,0.025456,False,none,Top1 台中銀高雄 淨買0.03億; none; 非追蹤; 首板,-0.0012886597938143174,0.015463917525773141,tpex,1,True,True,3,official,
6870,騰雲,2026-07-31,locked,246.5,246.5,NA,daily_close_lock_only; no_orderbook_seal,凱基台北,9268,0.016625,False,none,Top1 凱基台北 淨買0.02億; none; 非追蹤; 首板,0.0020283975659229903,0.0,tpex,1,True,True,3,official,
7734,印能科技,2026-07-31,locked,3370.0,3370.0,NA,daily_close_lock_only; no_orderbook_seal,凱基台北,9268,0.43709855,False,none,Top1 凱基台北 淨買0.44億; none; 非追蹤; 首板,0.0029673590504450953,0.09495548961424327,tpex,1,True,True,3,official,
7750,新代,2026-07-31,locked,2035.0,2035.0,NA,daily_close_lock_only; no_orderbook_seal,永豐匯立,9A81,0.6590453,False,none,Top1 永豐匯立 淨買0.66億; none; 非追蹤; 首板,0.029484029484029506,0.0982800982800982,twse,1,True,True,3,official,
7769,鴻勁,2026-07-31,locked,6180.0,6180.0,NA,daily_close_lock_only; no_orderbook_seal,凱基城中,9227,7.1668224,False,momentum,Top1 凱基城中 淨買7.17億; momentum; 非追蹤; 2連板,0.06067961165048552,0.039644012944983764,twse,2,True,False,3,official,
8027,鈦昇,2026-07-31,locked,158.0,158.0,NA,daily_close_lock_only; no_orderbook_seal,元大崇德,981S,0.09401,False,none,Top1 元大崇德 淨買0.09億; none; 非追蹤; 首板,0.012658227848101333,0.05063291139240511,tpex,1,True,True,3,official,
8064,東捷,2026-07-31,locked,91.9,91.9,NA,daily_close_lock_only; no_orderbook_seal,凱基站前,920F,0.3603602,False,none,Top1 凱基站前 淨買0.36億; none; 非追蹤; 首板,0.025027203482045568,0.06202393906420012,tpex,1,True,True,3,official,
8096,擎亞,2026-07-31,locked,112.5,112.5,NA,daily_close_lock_only; no_orderbook_seal,凱基台北,9268,0.16425,False,none,Top1 凱基台北 淨買0.16億; none; 非追蹤; 首板,-0.004444444444444473,0.022222222222222143,tpex,1,True,True,3,official,
1595,川寶,2026-08-03,locked,55.0,55.0,NA,daily_close_lock_only; no_orderbook_seal,元大內湖民,9867,0.0165,False,none,Top1 元大內湖民 淨買0.02億; none; 非追蹤; 2連板,0.10000000000000009,0.10000000000000009,tpex,2,True,False,3,official,
1597,直得,2026-08-03,locked,125.0,125.0,NA,daily_close_lock_only; no_orderbook_seal,群益內湖,918d,0.01875,False,none,Top1 群益內湖 淨買0.02億; none; 非追蹤; 2連板,0.0,0.04800000000000004,twse,2,True,False,3,official,
1714,和桐,2026-08-03,locked,14.35,14.35,NA,daily_close_lock_only; no_orderbook_seal,第一自由,538E,0.240237,False,none,Top1 第一自由 淨買0.24億; none; 非追蹤; 首板,0.0,0.013937282229965264,twse,1,True,True,3,official,
3017,奇鋐,2026-08-03,locked,2550.0,2550.0,NA,daily_close_lock_only; no_orderbook_seal,凱基台北,9268,4.99759635,False,dual,Top1 凱基台北 淨買5.00億; dual; 非追蹤; 2連板,0.01764705882352935,0.019607843137254832,twse,2,True,False,3,official,
3090,日電貿,2026-08-03,locked,137.5,137.5,NA,daily_close_lock_only; no_orderbook_seal,元大竹科,980K,0.318942325,False,none,Top1 元大竹科 淨買0.32億; none; 非追蹤; 2連板,0.0,0.047272727272727355,twse,2,True,False,3,official,
3236,千如,2026-08-03,locked,42.6,42.6,NA,daily_close_lock_only; no_orderbook_seal,元大竹科,980K,0.035433,False,none,Top1 元大竹科 淨買0.04億; none; 非追蹤; 2連板,0.0,0.009389671361502261,tpex,2,True,False,3,official,
3443,創意,2026-08-03,locked,4185.0,4185.0,NA,daily_close_lock_only; no_orderbook_seal,凱基台北,9268,5.09665155,False,dual,Top1 凱基台北 淨買5.10億; dual; 非追蹤; 2連板,0.0035842293906809264,-0.009557945041816063,twse,2,True,False,3,official,
3587,閎康,2026-08-03,locked,229.0,229.0,NA,daily_close_lock_only; no_orderbook_seal,台新松德,9B2a,0.13969,False,none,Top1 台新松德 淨買0.14億; none; 非追蹤; 首板,0.09825327510917026,0.09825327510917026,tpex,1,True,True,3,official,
5274,信驊,2026-08-03,locked,15975.0,15975.0,NA,daily_close_lock_only; no_orderbook_seal,永豐金匯立,9A81,0.980183,False,momentum,Top1 永豐金匯立 淨買0.98億; momentum; 非追蹤; 2連板,0.015023474178403662,-0.029733959311424085,tpex,2,True,False,3,official,
5425,台半,2026-08-03,locked,80.4,80.4,NA,daily_close_lock_only; no_orderbook_seal,元大松江,9801,0.102527,False,none,Top1 元大松江 淨買0.10億; none; 非追蹤; 首板,-0.017412935323383172,0.01492537313432818,tpex,1,True,True,3,official,
6669,緯穎,2026-08-03,locked,5925.0,5925.0,NA,daily_close_lock_only; no_orderbook_seal,台新證券,9B00,8.9920201,False,dual,Top1 台新證券 淨買8.99億; dual; 非追蹤; 2連板,0.0016877637130801038,0.04725738396624468,twse,2,True,False,3,official,
6830,汎銓,2026-08-03,locked,380.5,380.5,NA,daily_close_lock_only; no_orderbook_seal,凱基台北,9268,0.217215,False,none,Top1 凱基台北 淨買0.22億; none; 非追蹤; 首板,0.024967148488830526,0.059132720105124825,twse,1,True,True,3,official,
7717,萊德光電-KY,2026-08-03,locked,392.5,392.5,NA,daily_close_lock_only; no_orderbook_seal,凱基站前,920F,0.168675,False,none,Top1 凱基站前 淨買0.17億; none; 非追蹤; 首板,0.0,0.05222929936305731,tpex,1,True,True,3,official,
7750,新代,2026-08-03,locked,2235.0,2235.0,NA,daily_close_lock_only; no_orderbook_seal,凱基台北,9268,0.3732545,False,none,Top1 凱基台北 淨買0.37億; none; 非追蹤; 2連板,0.0,0.04250559284116329,twse,2,True,False,3,official,
8111,立碁,2026-08-03,locked,61.9,61.9,NA,daily_close_lock_only; no_orderbook_seal,凱基台北,9268,0.856094,False,none,Top1 凱基台北 淨買0.86億; none; 非追蹤; 首板,0.009693053311793154,0.05815831987075937,tpex,1,True,True,3,official,
8114,振樺電,2026-08-03,locked,215.0,215.0,NA,daily_close_lock_only; no_orderbook_seal,凱基台北,9268,0.39403,False,none,Top1 凱基台北 淨買0.39億; none; 非追蹤; 首板,0.0,0.041860465116279055,twse,1,True,True,3,official,
1595,川寶,2026-08-04,locked,60.5,60.5,NA,daily_close_lock_only; no_orderbook_seal,台新松德,9B2a,0.05082,False,none,Top1 台新松德 淨買0.05億; none; 非追蹤; 3連板,0.06942148760330591,0.03305785123966931,tpex,3,True,False,3,official,
3105,穩懋,2026-08-04,locked,342.0,342.0,NA,daily_close_lock_only; no_orderbook_seal,富邦木柵,961M,0.45747035,False,none,Top1 富邦木柵 淨買0.46億; none; 非追蹤; 首板,0.09941520467836251,0.09941520467836251,tpex,1,True,True,3,official,
3664,安瑞-KY,2026-08-04,locked,6.77,6.79,NA,daily_close_lock_only; no_orderbook_seal,富邦新店,9661,0.0005625,False,none,Top1 富邦新店 淨買0.00億; none; 非追蹤; 首板,0.030927835051546282,0.030927835051546282,tpex,1,True,True,3,official,
3665,貿聯-KY,2026-08-04,locked,2300.0,2300.0,NA,daily_close_lock_only; no_orderbook_seal,中國信託,6160,2.22064985,False,momentum,Top1 中國信託 淨買2.22億; momentum; 非追蹤; 首板,0.04347826086956519,0.023913043478260843,twse,1,True,True,3,official,
6739,竹陞科技,2026-08-04,locked,990.0,990.0,NA,daily_close_lock_only; no_orderbook_seal,富邦永和,9654,0.072868,False,none,Top1 富邦永和 淨買0.07億; none; 非追蹤; 首板,0.06060606060606055,0.05555555555555558,tpex,1,True,True,3,official,
8096,擎亞,2026-08-04,locked,126.5,126.5,NA,daily_close_lock_only; no_orderbook_seal,凱基站前,920F,1.09046,False,momentum,Top1 凱基站前 淨買1.09億; momentum; 非追蹤; 首板,0.04743083003952564,0.02371541501976293,tpex,1,True,True,3,official,
2070,精湛,2026-08-05,locked,53.0,53.0,NA,daily_close_lock_only; no_orderbook_seal,統一臺中,5856,0.00636,False,none,Top1 統一臺中 淨買0.01億; none; 非追蹤; 首板,0.09999999999999987,0.09999999999999987,tpex,1,True,True,3,official,
2489,瑞軒,2026-08-05,locked,33.1,33.1,NA,daily_close_lock_only; no_orderbook_seal,元大竹科,980K,0.095673754,False,none,Top1 元大竹科 淨買0.10億; none; 非追蹤; 首板,-0.0015105740181270422,-0.04229607250755296,twse,1,True,True,3,official,
3105,穩懋,2026-08-05,locked,376.0,376.0,NA,daily_close_lock_only; no_orderbook_seal,統一城中,5854,2.59816,False,momentum,Top1 統一城中 淨買2.60億; momentum; 非追蹤; 2連板,0.005319148936170137,0.015957446808510634,tpex,2,True,False,3,official,
3147,大綜,2026-08-05,locked,271.5,271.5,NA,daily_close_lock_only; no_orderbook_seal,富邦嘉義,9692,0.34428485,False,none,Top1 富邦嘉義 淨買0.34億; none; 非追蹤; 首板,-0.08103130755064458,-0.09944751381215466,tpex,1,True,True,3,official,
3555,博士旺,2026-08-05,locked,161.5,161.5,NA,daily_close_lock_only; no_orderbook_seal,凱基台東,920Z,0.00646,False,none,Top1 凱基台東 淨買0.01億; none; 非追蹤; 首板,0.01238390092879249,-0.024767801857585092,tpex,1,True,True,3,official,
3587,閎康,2026-08-05,locked,276.5,276.5,NA,daily_close_lock_only; no_orderbook_seal,永昌古亭,9309,0.1106,False,none,Top1 永昌古亭 淨買0.11億; none; 非追蹤; 3連板,-0.016274864376130238,-0.03435804701627487,tpex,3,True,False,3,official,
4908,前鼎,2026-08-05,locked,165.5,165.5,NA,daily_close_lock_only; no_orderbook_seal,凱基城中,9227,0.27142,False,none,Top1 凱基城中 淨買0.27億; none; 非追蹤; 首板,0.02114803625377637,-0.051359516616314216,tpex,1,True,True,3,official,
4923,力士,2026-08-05,locked,46.3,46.3,NA,daily_close_lock_only; no_orderbook_seal,凱基台北,9268,0.0272665,False,none,Top1 凱基台北 淨買0.03億; none; 非追蹤; 首板,-0.029157667386608965,-0.04103671706263501,tpex,1,True,True,3,official,
6278,台表科,2026-08-05,locked,168.0,168.0,NA,daily_close_lock_only; no_orderbook_seal,富邦板橋,9655,0.3325414,False,none,Top1 富邦板橋 淨買0.33億; none; 非追蹤; 首板,-0.017857142857142905,-0.03273809523809523,twse,1,True,True,3,official,
6530,創威,2026-08-05,locked,82.1,82.1,NA,daily_close_lock_only; no_orderbook_seal,元大竹科,980K,0.204369,False,none,Top1 元大竹科 淨買0.20億; none; 非追蹤; 首板,-0.01948842874543233,-0.05846528623629721,tpex,1,True,True,3,official,
6579,研揚,2026-08-05,locked,179.5,179.5,NA,daily_close_lock_only; no_orderbook_seal,凱基台北,9268,0.36391,False,none,Top1 凱基台北 淨買0.36億; none; 非追蹤; 首板,0.0027855153203342198,-0.02506963788300831,twse,1,True,True,3,official,
7711,永擎,2026-08-05,locked,329.0,329.0,NA,daily_close_lock_only; no_orderbook_seal,元大頭份,983U,0.01316,False,none,Top1 元大頭份 淨買0.01億; none; 非追蹤; 首板,0.09878419452887544,0.09878419452887544,twse,1,True,True,3,official,
1714,和桐,2026-08-06,locked,16.2,16.2,NA,daily_close_lock_only; no_orderbook_seal,富邦嘉義,9692,0.08814,False,none,Top1 富邦嘉義 淨買0.09億; none; 非追蹤; 首板,0.04938271604938271,-0.02777777777777779,twse,1,True,True,3,official,
2070,精湛,2026-08-06,locked,58.3,58.3,NA,daily_close_lock_only; no_orderbook_seal,凱基台北,9268,0.006413,False,none,Top1 凱基台北 淨買0.01億; none; 非追蹤; 2連板,0.09948542024013718,0.0171526586620927,tpex,2,True,False,3,official,
2103,台橡,2026-08-07,locked,25.0,25.0,NA,daily_close_lock_only; no_orderbook_seal,凱基城中,9227,0.12174225,False,none,Top1 凱基城中 淨買0.12億; none; 非追蹤; 首板,0.09200000000000008,0.10000000000000009,twse,1,True,True,3,official,
6716,應廣,2026-08-07,locked,95.7,95.7,NA,daily_close_lock_only; no_orderbook_seal,台新松德,9B2a,0.122496,False,none,Top1 台新松德 淨買0.12億; none; 非追蹤; 首板,0.09717868338557989,0.09717868338557989,tpex,1,True,True,3,official,
7820,立盈,2026-08-07,locked,110.0,110.0,NA,daily_close_lock_only; no_orderbook_seal,凱基三民,9215,0.0022,False,none,Top1 凱基三民 淨買0.00億; none; 非追蹤; 首板,0.10000000000000009,0.10000000000000009,tpex,1,True,True,3,official,
7842,天能綠電,2026-08-07,locked,83.3,83.3,NA,daily_close_lock_only; no_orderbook_seal,凱基台北,9268,0.024141,False,none,Top1 凱基台北 淨買0.02億; none; 非追蹤; 首板,0.09963985594237701,0.09963985594237701,tpex,1,True,True,3,official,
1409,新纖,2026-08-10,locked,24.75,24.75,NA,daily_close_lock_only; no_orderbook_seal,凱基城中,9227,0.58806,False,none,Top1 凱基城中 淨買0.59億; none; 非追蹤; 首板,0.002020202020202033,-0.02020202020202022,twse,1,True,True,3,official,
2103,台橡,2026-08-10,locked,27.5,27.5,NA,daily_close_lock_only; no_orderbook_seal,凱基台北,9268,0.49719425,False,none,Top1 凱基台北 淨買0.50億; none; 非追蹤; 2連板,0.01090909090909098,0.041818181818181754,twse,2,True,False,3,official,
2467,志聖,2026-08-10,locked,550.0,550.0,NA,daily_close_lock_only; no_orderbook_seal,凱基台北,9268,0.6493645,False,none,Top1 凱基台北 淨買0.65億; none; 非追蹤; 首板,-0.0018181818181818299,-0.032727272727272716,twse,1,True,True,3,official,
5302,太欣,2026-08-10,locked,11.15,11.15,NA,daily_close_lock_only; no_orderbook_seal,新光,8560,0.03654318,False,none,Top1 新光 淨買0.04億; none; 非追蹤; 首板,-0.026905829596412634,0.04035874439461873,tpex,1,True,True,3,official,
5347,世界,2026-08-10,locked,157.5,157.5,NA,daily_close_lock_only; no_orderbook_seal,凱基台北,9268,1.763948,False,momentum,Top1 凱基台北 淨買1.76億; momentum; 非追蹤; 首板,0.00952380952380949,0.0031746031746031633,tpex,1,True,True,3,official,
5468,凱鈺,2026-08-10,locked,27.8,27.8,NA,daily_close_lock_only; no_orderbook_seal,凱基台北,9268,0.0190415,False,none,Top1 凱基台北 淨買0.02億; none; 非追蹤; 首板,0.09892086330935257,0.09892086330935257,tpex,1,True,True,3,official,
6278,台表科,2026-08-10,locked,171.5,171.5,NA,daily_close_lock_only; no_orderbook_seal,華南南京,9326,0.65128395,False,none,Top1 華南南京 淨買0.65億; none; 非追蹤; 首板,-0.017492711370262426,-0.023323615160349864,twse,1,True,True,3,official,
6530,創威,2026-08-10,locked,82.5,82.5,NA,daily_close_lock_only; no_orderbook_seal,國泰敦南,8888,0.035319354,False,none,Top1 國泰敦南 淨買0.04億; none; 非追蹤; 首板,-0.018181818181818188,-0.026666666666666727,tpex,1,True,True,3,official,
6640,均華,2026-08-10,locked,1005.0,1005.0,NA,daily_close_lock_only; no_orderbook_seal,凱基城中,9227,0.1708299,False,none,Top1 凱基城中 淨買0.17億; none; 非追蹤; 首板,0.04975124378109452,-0.05970149253731338,tpex,1,True,True,3,official,
6716,應廣,2026-08-10,locked,105.0,105.0,NA,daily_close_lock_only; no_orderbook_seal,台新松德,9B2a,0.1239,False,none,Top1 台新松德 淨買0.12億; none; 非追蹤; 2連板,0.01904761904761898,-0.004761904761904745,tpex,2,True,False,3,official,
7820,立盈,2026-08-10,locked,121.0,121.0,NA,daily_close_lock_only; no_orderbook_seal,永昌潮州,9328,0.00847,False,none,Top1 永昌潮州 淨買0.01億; none; 非追蹤; 2連板,0.03305785123966931,0.0,tpex,2,True,False,3,official,
7842,天能綠電,2026-08-10,locked,91.6,91.6,NA,daily_close_lock_only; no_orderbook_seal,永昌潮州,9328,0.01832,False,none,Top1 永昌潮州 淨買0.02億; none; 非追蹤; 2連板,0.0,0.026200873362445476,tpex,2,True,False,3,official,
5468,凱鈺,2026-08-11,locked,30.55,30.55,NA,daily_close_lock_only; no_orderbook_seal,光和嘉義,638A,0.075153,False,none,Top1 光和嘉義 淨買0.08億; none; 非追蹤; 2連板,0.0556464811783961,0.03764320785597386,tpex,2,True,False,3,official,
8227,巨有科技,2026-08-11,locked,158.0,158.0,NA,daily_close_lock_only; no_orderbook_seal,凱基台北,9268,0.20853,False,none,Top1 凱基台北 淨買0.21億; none; 非追蹤; 首板,0.025316455696202445,0.006329113924050667,tpex,1,True,True,3,official,
2428,興勤,2026-08-12,locked,254.5,254.5,NA,daily_close_lock_only; no_orderbook_seal,富邦南屯,9666,0.2878223,False,none,Top1 富邦南屯 淨買0.29億; none; 非追蹤; 首板,0.0019646365422396617,0.01964636542239684,twse,1,True,True,3,official,
3455,由田,2026-08-12,locked,222.0,222.0,NA,daily_close_lock_only; no_orderbook_seal,元大台北,980h,1.2989,False,momentum,Top1 元大台北 淨買1.30億; momentum; 非追蹤; 首板,0.0,0.013513513513513598,tpex,1,True,True,3,official,
4551,智伸科,2026-08-12,locked,172.5,172.5,NA,daily_close_lock_only; no_orderbook_seal,凱基台北,9268,0.202915,False,none,Top1 凱基台北 淨買0.20億; none; 非追蹤; 首板,0.008695652173912993,0.008695652173912993,twse,1,True,True,3,official,
5464,霖宏,2026-08-12,locked,67.5,67.5,NA,daily_close_lock_only; no_orderbook_seal,永昌桃園,9352,0.023055,False,none,Top1 永昌桃園 淨買0.02億; none; 非追蹤; 首板,0.09925925925925938,0.09925925925925938,tpex,1,True,True,3,official,
7711,永擎,2026-08-12,locked,447.5,447.5,NA,daily_close_lock_only; no_orderbook_seal,凱基台北,9268,1.695651025,False,momentum,Top1 凱基台北 淨買1.70億; momentum; 非追蹤; 首板,0.018994413407821265,0.09832402234636861,twse,1,True,True,3,official,
2305,全友,2026-08-13,locked,30.55,30.55,NA,daily_close_lock_only; no_orderbook_seal,凱基台北,9268,0.3085255,False,none,Top1 凱基台北 淨買0.31億; none; 非追蹤; 首板,0.032733224222585955,-0.039279869067103124,twse,1,True,True,3,official,
3357,臺慶科,2026-08-13,locked,253.5,253.5,NA,daily_close_lock_only; no_orderbook_seal,凱基城中,9227,0.94871835,False,none,Top1 凱基城中 淨買0.95億; none; 非追蹤; 首板,-0.015779092702169595,-0.0986193293885601,tpex,1,True,True,3,official,
3490,單井,2026-08-13,locked,36.85,36.85,NA,daily_close_lock_only; no_orderbook_seal,元大竹科,980K,0.0917565,False,none,Top1 元大竹科 淨買0.09億; none; 非追蹤; 首板,0.027137042062415295,0.07598371777476243,tpex,1,True,True,3,official,
4905,台聯電,2026-08-13,locked,77.0,77.0,NA,daily_close_lock_only; no_orderbook_seal,群益丹鳳,918s,0.01001,False,none,Top1 群益丹鳳 淨買0.01億; none; 非追蹤; 首板,0.10000000000000009,0.10000000000000009,tpex,1,True,True,3,official,
5464,霖宏,2026-08-13,locked,74.2,74.2,NA,daily_close_lock_only; no_orderbook_seal,永昌板橋,9349,0.07049,False,none,Top1 永昌板橋 淨買0.07億; none; 非追蹤; 2連板,0.09029649595687328,0.016172506738544534,tpex,2,True,False,3,official,
8093,保銳,2026-08-13,locked,24.1,24.1,NA,daily_close_lock_only; no_orderbook_seal,台新永和,9B2B,0.004132,False,none,Top1 台新永和 淨買0.00億; none; 非追蹤; 首板,-0.004149377593361092,0.053941908713692754,tpex,1,True,True,3,official,
3388,崇越電,2026-08-14,locked,83.9,83.9,NA,daily_close_lock_only; no_orderbook_seal,群益內湖,918d,0.163833,False,none,Top1 群益內湖 淨買0.16億; none; 非追蹤; 首板,0.09296781883194272,0.098927294398093,tpex,1,True,True,3,official,
4905,台聯電,2026-08-14,locked,84.7,84.7,NA,daily_close_lock_only; no_orderbook_seal,群益大安,918e,0.01694,False,none,Top1 群益大安 淨買0.02億; none; 非追蹤; 2連板,0.09917355371900816,0.09917355371900816,tpex,2,True,False,3,official,
6753,龍德造船,2026-08-14,locked,158.0,158.0,NA,daily_close_lock_only; no_orderbook_seal,凱基城中,9227,0.22983578,False,none,Top1 凱基城中 淨買0.23億; none; 非追蹤; 首板,0.0,-0.069620253164557,twse,1,True,True,3,official,
2467,志聖,2026-08-17,locked,588.0,588.0,NA,daily_close_lock_only; no_orderbook_seal,凱基台北,9268,0.93624334,False,none,Top1 凱基台北 淨買0.94億; none; 非追蹤; 首板,0.018707482993197244,-0.04081632653061229,twse,1,True,True,3,official,
3008,大立光,2026-08-17,locked,5070.0,5070.0,NA,daily_close_lock_only; no_orderbook_seal,富邦新店,9661,7.64098745,False,dual,Top1 富邦新店 淨買7.64億; dual; 非追蹤; 首板,0.008875739644970349,0.04339250493096647,twse,1,True,True,3,official,
3388,崇越電,2026-08-17,locked,92.2,92.2,NA,daily_close_lock_only; no_orderbook_seal,兆豐台中,7003,0.272022,False,none,Top1 兆豐台中 淨買0.27億; none; 非追蹤; 2連板,0.0488069414316703,0.0954446854663773,tpex,2,True,False,3,official,
4905,台聯電,2026-08-17,locked,93.1,93.1,NA,daily_close_lock_only; no_orderbook_seal,國票博愛,779z,0.015827,False,none,Top1 國票博愛 淨買0.02億; none; 非追蹤; 3連板,0.07411385606874332,-0.07518796992481203,tpex,3,True,False,3,official,
2070,精湛,2026-08-18,locked,66.9,66.9,NA,daily_close_lock_only; no_orderbook_seal,群益彰化,9187,0.093596,False,none,Top1 群益彰化 淨買0.09億; none; 非追蹤; 首板,0.0,-0.03288490284005985,tpex,1,True,True,3,official,
3388,崇越電,2026-08-18,locked,101.0,101.0,NA,daily_close_lock_only; no_orderbook_seal,兆豐台中,7003,0.741035,False,none,Top1 兆豐台中 淨買0.74億; none; 非追蹤; 3連板,-0.02970297029702973,-0.0762376237623763,tpex,3,True,False,3,official,
7842,天能綠電,2026-08-18,locked,100.5,100.5,NA,daily_close_lock_only; no_orderbook_seal,凱基台北,9268,0.052346,False,none,Top1 凱基台北 淨買0.05億; none; 非追蹤; 首板,-0.005970149253731294,0.004975124378109541,tpex,1,True,True,3,official,
8085,福華,2026-08-18,locked,12.4,12.4,NA,daily_close_lock_only; no_orderbook_seal,群益內湖,918d,0.0248,False,none,Top1 群益內湖 淨買0.02億; none; 非追蹤; 首板,-0.03629032258064524,-0.008064516129032251,tpex,1,True,True,3,official,
3090,日電貿,2026-08-19,locked,177.5,177.5,NA,daily_close_lock_only; no_orderbook_seal,台新證券,9B00,1.14888449,False,momentum,Top1 台新證券 淨買1.15億; momentum; 非追蹤; 首板,0.04788732394366191,-0.030985915492957705,twse,1,True,True,3,official,
5608,四維航,2026-08-19,locked,17.5,17.5,NA,daily_close_lock_only; no_orderbook_seal,凱基台北,9268,0.1933735,False,none,Top1 凱基台北 淨買0.19億; none; 非追蹤; 2連板,0.04857142857142871,-0.02571428571428569,twse,2,True,False,3,official,
2923,鼎固-KY,2026-08-20,locked,25.15,25.15,NA,daily_close_lock_only; no_orderbook_seal,凱基台北,9268,0.0130125,False,none,Top1 凱基台北 淨買0.01億; none; 非追蹤; 首板,0.0,0.003976143141153132,twse,1,True,True,3,official,
3135,凌航,2026-08-20,locked,168.0,168.0,NA,daily_close_lock_only; no_orderbook_seal,凱基台北,9268,0.194115,False,none,Top1 凱基台北 淨買0.19億; none; 非追蹤; 首板,0.0,0.014880952380952328,twse,1,True,True,3,official,
6224,聚鼎,2026-08-20,locked,72.1,72.1,NA,daily_close_lock_only; no_orderbook_seal,凱基台北,9268,0.180742,False,none,Top1 凱基台北 淨買0.18億; none; 非追蹤; 首板,0.01941747572815533,0.04576976421636636,twse,1,True,True,3,official,
1709,和益,2026-08-21,locked,33.3,33.3,NA,daily_close_lock_only; no_orderbook_seal,元大大安,983N,0.44114999999999993,False,none,Top1 元大大安 淨買0.44億; none; 非追蹤; 首板,0.028528528528528607,0.04054054054054057,twse,1,True,True,3,official,
2489,瑞軒,2026-08-21,locked,35.65,35.65,NA,daily_close_lock_only; no_orderbook_seal,台新證券,9B00,0.8329023165,False,none,Top1 台新證券 淨買0.83億; none; 非追蹤; 首板,0.056100981767180924,0.035063113604488105,twse,1,True,True,3,official,
4416,三圓,2026-08-21,locked,13.75,13.75,NA,daily_close_lock_only; no_orderbook_seal,凱基台北,9268,0.0412065,False,none,Top1 凱基台北 淨買0.04億; none; 非追蹤; 首板,0.06909090909090909,0.09818181818181815,tpex,1,True,True,3,official,
5608,四維航,2026-08-21,locked,18.75,18.75,NA,daily_close_lock_only; no_orderbook_seal,凱基台北,9268,0.3360923969999999,False,none,Top1 凱基台北 淨買0.34億; none; 非追蹤; 首板,0.016000000000000014,-0.040000000000000036,twse,1,True,True,3,official,
6640,均華,2026-08-21,locked,1045.0,1045.0,NA,daily_close_lock_only; no_orderbook_seal,凱基台北,9268,0.223836,False,none,Top1 凱基台北 淨買0.22億; none; 非追蹤; 首板,-0.009569377990430672,-0.0736842105263158,tpex,1,True,True,3,official,
6830,汎銓,2026-08-21,locked,462.0,462.0,NA,daily_close_lock_only; no_orderbook_seal,凱基台北,9268,1.39982,False,momentum,Top1 凱基台北 淨買1.40億; momentum; 非追蹤; 首板,0.03896103896103886,-0.03354978354978355,twse,1,True,True,3,official,
8093,保銳,2026-08-21,locked,24.85,24.85,NA,daily_close_lock_only; no_orderbook_seal,富邦員林,9672,0.009436,False,none,Top1 富邦員林 淨買0.01億; none; 非追蹤; 首板,-0.03219315895372232,0.09859154929577452,tpex,1,True,True,3,official,
4416,三圓,2026-08-24,locked,15.1,15.1,NA,daily_close_lock_only; no_orderbook_seal,台新敦南,9B2Q,0.0604,False,none,Top1 台新敦南 淨買0.06億; none; 非追蹤; 2連板,0.07947019867549665,0.009933774834437026,tpex,2,True,False,3,official,
8093,保銳,2026-08-24,locked,27.3,27.3,NA,daily_close_lock_only; no_orderbook_seal,永豐金板新,9A9J,0.015266,False,none,Top1 永豐金板新 淨買0.02億; none; 非追蹤; 2連板,0.0,0.001831501831501825,tpex,2,True,False,3,official,
2489,瑞軒,2026-08-25,locked,40.55,40.55,NA,daily_close_lock_only; no_orderbook_seal,凱基城中,9227,0.57683917,False,none,Top1 凱基城中 淨買0.58億; none; 非追蹤; 首板,,,twse,1,True,True,3,official,missing_t1_return
3490,單井,2026-08-25,locked,54.6,54.6,NA,daily_close_lock_only; no_orderbook_seal,富邦永康,961Z,0.0470074,False,none,Top1 富邦永康 淨買0.05億; none; 非追蹤; 首板,,,tpex,1,True,True,3,official,missing_t1_return
4908,前鼎,2026-08-25,locked,162.0,162.0,NA,daily_close_lock_only; no_orderbook_seal,凱基站前,920F,0.60418284,False,none,Top1 凱基站前 淨買0.60億; none; 非追蹤; 首板,,,tpex,1,True,True,3,official,missing_t1_return
6830,汎銓,2026-08-25,locked,491.0,491.0,NA,daily_close_lock_only; no_orderbook_seal,凱基台北,9268,0.566754,False,none,Top1 凱基台北 淨買0.57億; none; 非追蹤; 首板,,,twse,1,True,True,3,official,missing_t1_return
7750,新代,2026-08-25,locked,2350.0,2350.0,NA,daily_close_lock_only; no_orderbook_seal,凱基城中,9227,4.79515,False,momentum,Top1 凱基城中 淨買4.80億; momentum; 非追蹤; 首板,,,twse,1,True,True,3,official,missing_t1_return
8085,福華,2026-08-25,locked,13.9,13.9,NA,daily_close_lock_only; no_orderbook_seal,統一仁愛,585c,0.0336615,False,none,Top1 統一仁愛 淨買0.03億; none; 非追蹤; 首板,,,tpex,1,True,True,3,official,missing_t1_return
8227,巨有科技,2026-08-25,locked,165.0,165.0,NA,daily_close_lock_only; no_orderbook_seal,凱基台北,9268,0.26496,False,none,Top1 凱基台北 淨買0.26億; none; 非追蹤; 首板,,,tpex,1,True,True,3,official,missing_t1_return
1626,艾美特-KY,2026-06-29,locked,10.8,10.8,NA,daily_close_lock_only; no_orderbook_seal,凱基台北,9268,0.004791,False,none,Top1 凱基台北 淨買0.00億; none; 非追蹤; 首板,0.0972222222222221,0.0972222222222221,twse,1,True,True,2,official,
3230,錦明,2026-06-29,locked,43.8,43.8,NA,daily_close_lock_only; no_orderbook_seal,凱基站前,920F,0.16734749999999998,False,none,Top1 凱基站前 淨買0.17億; none; 非追蹤; 首板,0.05022831050228316,0.060502283105023036,tpex,1,True,True,2,official,
5211,蒙恬,2026-06-29,locked,23.15,23.15,NA,daily_close_lock_only; no_orderbook_seal,永豐金板新,9A9J,0.0219925,False,none,Top1 永豐金板新 淨買0.02億; none; 非追蹤; 首板,-0.02591792656587466,-0.06479481641468687,tpex,1,True,True,2,official,
5443,均豪,2026-06-29,locked,109.0,109.0,NA,daily_close_lock_only; no_orderbook_seal,凱基台北,9268,0.510006,False,none,Top1 凱基台北 淨買0.51億; none; 非追蹤; 首板,0.03669724770642202,0.059633027522935755,tpex,1,True,True,2,official,
6947,台鎔科技,2026-06-29,locked,86.5,94.3,NA,daily_close_lock_only; no_orderbook_seal,統一-東湖,585R,0.0419925,False,none,Top1 統一-東湖 淨買0.04億; none; 非追蹤; 首板,-0.027995758218451794,-0.036055143160127145,twse,1,True,True,2,approx_10pct,limit_price_approx_10pct
1626,艾美特-KY,2026-06-30,locked,11.85,11.85,NA,daily_close_lock_only; no_orderbook_seal,群益大安,918e,0.0133905,False,none,Top1 群益大安 淨買0.01億; none; 非追蹤; 2連板,0.09704641350210963,-0.016877637130801593,twse,2,True,False,2,official,
1802,台玻,2026-06-30,locked,74.8,74.8,NA,daily_close_lock_only; no_orderbook_seal,凱基台北,9268,2.5597453920000004,False,momentum,Top1 凱基台北 淨買2.56億; momentum; 非追蹤; 首板,0.020053475935828846,-0.04946524064171132,twse,1,True,True,2,official,
2231,為升,2026-06-30,locked,101.0,101.0,NA,daily_close_lock_only; no_orderbook_seal,凱基台北,9268,0.077528,False,none,Top1 凱基台北 淨買0.08億; none; 非追蹤; 首板,0.004950495049504955,0.07425742574257432,twse,1,True,True,2,official,
2352,佳世達,2026-06-30,locked,34.1,34.1,NA,daily_close_lock_only; no_orderbook_seal,凱基台北,9268,1.0742817,False,momentum,Top1 凱基台北 淨買1.07億; momentum; 非追蹤; 首板,0.0,-0.0513196480938416,twse,1,True,True,2,official,
3021,鴻名,2026-06-30,locked,30.05,30.05,NA,daily_close_lock_only; no_orderbook_seal,凱基台北,9268,0.0350065,False,none,Top1 凱基台北 淨買0.04億; none; 非追蹤; 首板,0.06489184692179695,0.014975041597337757,twse,1,True,True,2,official,
3149,正達,2026-06-30,locked,101.5,101.5,NA,daily_close_lock_only; no_orderbook_seal,中信三重,6161,0.28637895,False,none,Top1 中信三重 淨買0.29億; none; 非追蹤; 首板,0.019704433497536922,-0.07389162561576357,twse,1,True,True,2,official,
3289,宜特,2026-06-30,locked,174.5,174.5,NA,daily_close_lock_only; no_orderbook_seal,統一南京,585U,0.796955,False,none,Top1 統一南京 淨買0.80億; none; 非追蹤; 首板,0.02865329512893977,-0.005730659025787954,tpex,1,True,True,2,official,
3346,麗清,2026-06-30,locked,27.15,27.15,NA,daily_close_lock_only; no_orderbook_seal,凱基台北,9268,0.1086535,False,none,Top1 凱基台北 淨買0.11億; none; 非追蹤; 首板,0.0423572744014733,-0.018416206261510082,twse,1,True,True,2,official,
3360,尚立,2026-06-30,locked,22.7,22.7,NA,daily_close_lock_only; no_orderbook_seal,凱基台北,9268,0.1272127,False,none,Top1 凱基台北 淨買0.13億; none; 非追蹤; 首板,0.01541850220264318,-0.0638766519823788,tpex,1,True,True,2,official,
3416,融程電,2026-06-30,locked,177.5,177.5,NA,daily_close_lock_only; no_orderbook_seal,凱基中壢,9285,0.315788,False,none,Top1 凱基中壢 淨買0.32億; none; 非追蹤; 首板,0.011267605633802802,0.011267605633802802,twse,1,True,True,2,official,
3540,曜越,2026-06-30,locked,26.1,26.1,NA,daily_close_lock_only; no_orderbook_seal,永興大墩,5604,0.0054911515,False,none,Top1 永興大墩 淨買0.01億; none; 非追蹤; 首板,0.009578544061302763,-0.028735632183908066,tpex,1,True,True,2,official,
3594,磐儀,2026-06-30,locked,51.2,51.2,NA,daily_close_lock_only; no_orderbook_seal,凱基台北,9268,0.1050685,False,none,Top1 凱基台北 淨買0.11億; none; 非追蹤; 首板,0.04296875,0.08984374999999978,tpex,1,True,True,2,official,
3694,海華,2026-06-30,locked,62.2,62.2,NA,daily_close_lock_only; no_orderbook_seal,統一板橋,585P,0.30945,False,none,Top1 統一板橋 淨買0.31億; none; 非追蹤; 首板,0.025723472668810254,0.067524115755627,twse,1,True,True,2,official,
5228,鈺鎧,2026-06-30,locked,67.2,67.2,NA,daily_close_lock_only; no_orderbook_seal,元大竹科,980K,0.116838,False,none,Top1 元大竹科 淨買0.12億; none; 非追蹤; 首板,0.05357142857142838,0.049107142857142794,tpex,1,True,True,2,official,
5291,邑昇,2026-06-30,locked,59.4,59.4,NA,daily_close_lock_only; no_orderbook_seal,凱基台北,9268,0.042326,False,none,Top1 凱基台北 淨買0.04億; none; 非追蹤; 首板,0.03535353535353547,-0.013468013468013407,tpex,1,True,True,2,official,
6285,啟碁,2026-06-30,locked,259.5,259.5,NA,daily_close_lock_only; no_orderbook_seal,凱基台北,9268,1.65237051,False,momentum,Top1 凱基台北 淨買1.65億; momentum; 非追蹤; 首板,0.0019267822736031004,-0.040462427745664775,twse,1,True,True,2,official,
6292,迅德,2026-06-30,locked,62.3,62.3,NA,daily_close_lock_only; no_orderbook_seal,台新松德,9B2a,0.022216496000000002,False,none,Top1 台新松德 淨買0.02億; none; 非追蹤; 首板,-0.0016051364365969878,0.07062600321027301,tpex,1,True,True,2,official,
6477,安集,2026-06-30,locked,33.4,33.4,NA,daily_close_lock_only; no_orderbook_seal,凱基台北,9268,0.115638,False,none,Top1 凱基台北 淨買0.12億; none; 非追蹤; 首板,0.019461077844311392,0.025449101796407136,twse,1,True,True,2,official,
6658,聯策,2026-06-30,locked,234.0,234.0,NA,daily_close_lock_only; no_orderbook_seal,凱基台北,9268,0.445151,False,none,Top1 凱基台北 淨買0.45億; none; 非追蹤; 首板,0.09829059829059839,0.09829059829059839,twse,1,True,True,2,official,
6862,三集瑞-KY,2026-06-30,locked,201.5,201.5,NA,daily_close_lock_only; no_orderbook_seal,凱基站前,920F,0.49336,False,none,Top1 凱基站前 淨買0.49億; none; 非追蹤; 首板,0.012406947890818865,-0.02977667493796521,twse,1,True,True,2,official,
8028,昇陽半導體,2026-06-30,locked,317.0,317.0,NA,daily_close_lock_only; no_orderbook_seal,台新證券,9B00,1.2446193,False,momentum,Top1 台新證券 淨買1.24億; momentum; 非追蹤; 首板,-0.006309148264984188,-0.01577287066246058,twse,1,True,True,2,official,
8071,能率網通,2026-06-30,locked,31.1,31.1,NA,daily_close_lock_only; no_orderbook_seal,富邦嘉義,9692,0.158609,False,none,Top1 富邦嘉義 淨買0.16億; none; 非追蹤; 首板,0.02893890675241151,0.0,tpex,1,True,True,2,official,
1721,國慶科技,2026-07-01,locked,25.6,25.6,NA,daily_close_lock_only; no_orderbook_seal,凱基台北,9268,0.073151,False,none,Top1 凱基台北 淨買0.07億; none; 非追蹤; 首板,-0.02539062500000011,0.0546875,twse,1,True,True,2,official,
2236,百達-KY,2026-07-01,locked,161.0,161.0,NA,daily_close_lock_only; no_orderbook_seal,新光,8560,0.11764268,False,none,Top1 新光 淨買0.12億; none; 非追蹤; 首板,-0.018633540372670843,0.04037267080745344,twse,1,True,True,2,official,
2380,虹光,2026-07-01,locked,21.25,21.25,NA,daily_close_lock_only; no_orderbook_seal,永豐羅東,9A9A,0.008025131999999999,False,none,Top1 永豐羅東 淨買0.01億; none; 非追蹤; 首板,-0.030588235294117583,-0.05882352941176472,twse,1,True,True,2,official,
3221,台嘉碩,2026-07-01,locked,64.4,64.4,NA,daily_close_lock_only; no_orderbook_seal,凱基台北,9268,1.051294,False,momentum,Top1 凱基台北 淨買1.05億; momentum; 非追蹤; 首板,-0.021739130434782705,-0.006211180124223725,tpex,1,True,True,2,official,
3521,台鋼建設,2026-07-01,locked,13.3,13.3,NA,daily_close_lock_only; no_orderbook_seal,康和台南,8458,0.0366655,False,none,Top1 康和台南 淨買0.04億; none; 非追蹤; 首板,0.003759398496240518,-0.03759398496240607,tpex,1,True,True,2,official,
3680,家登,2026-07-01,locked,558.0,558.0,NA,daily_close_lock_only; no_orderbook_seal,凱基台北,9268,1.80799384,False,momentum,Top1 凱基台北 淨買1.81億; momentum; 非追蹤; 首板,-0.014336917562724039,-0.005376344086021501,tpex,1,True,True,2,official,
4916,事欣科,2026-07-01,locked,112.5,112.5,NA,daily_close_lock_only; no_orderbook_seal,元大竹科,980K,0.201219,False,none,Top1 元大竹科 淨買0.20億; none; 非追蹤; 首板,0.01333333333333342,0.022222222222222143,twse,1,True,True,2,official,
6658,聯策,2026-07-01,locked,257.0,257.0,NA,daily_close_lock_only; no_orderbook_seal,凱基站前,920F,1.3721616,False,momentum,Top1 凱基站前 淨買1.37億; momentum; 非追蹤; 2連板,0.0,-0.09922178988326846,twse,2,True,False,2,official,
6719,力智,2026-07-01,locked,297.0,297.0,NA,daily_close_lock_only; no_orderbook_seal,台新證券,9B00,1.02352105,False,momentum,Top1 台新證券 淨買1.02億; momentum; 非追蹤; 首板,0.0,0.010101010101010166,twse,1,True,True,2,official,
1301,台塑,2026-07-02,locked,59.7,59.7,NA,daily_close_lock_only; no_orderbook_seal,元大嘉義,989g,1.753721981,False,momentum,Top1 元大嘉義 淨買1.75億; momentum; 非追蹤; 首板,0.015075376884422065,0.04020100502512558,twse,1,True,True,2,official,
2250,IKKA-KY,2026-07-02,locked,75.4,75.4,NA,daily_close_lock_only; no_orderbook_seal,凱基台北,9268,0.075554,False,none,Top1 凱基台北 淨買0.08億; none; 非追蹤; 2連板,0.010610079575596787,-0.051724137931034586,twse,2,True,False,2,official,
2427,三商電,2026-07-02,locked,24.25,24.25,NA,daily_close_lock_only; no_orderbook_seal,凱基城中,9227,0.2734785,False,none,Top1 凱基城中 淨買0.27億; none; 非追蹤; 首板,0.0,0.09896907216494832,twse,1,True,True,2,official,
3289,宜特,2026-07-02,locked,190.5,190.5,NA,daily_close_lock_only; no_orderbook_seal,凱基台北,9268,1.1482855,False,momentum,Top1 凱基台北 淨買1.15億; momentum; 非追蹤; 首板,-0.007874015748031482,-0.055118110236220486,tpex,1,True,True,2,official,
3317,尼克森,2026-07-02,locked,97.3,97.3,NA,daily_close_lock_only; no_orderbook_seal,凱基台北,9268,0.551552536,False,none,Top1 凱基台北 淨買0.55億; none; 非追蹤; 首板,0.0,-0.01130524152106882,tpex,1,True,True,2,official,
3346,麗清,2026-07-02,locked,29.3,29.3,NA,daily_close_lock_only; no_orderbook_seal,富邦南京,961C,0.1476715,False,none,Top1 富邦南京 淨買0.15億; none; 非追蹤; 首板,0.023890784982935065,-0.005119453924914752,twse,1,True,True,2,official,
3379,彬台,2026-07-02,locked,36.05,36.05,NA,daily_close_lock_only; no_orderbook_seal,元大台北,980h,0.1330415,False,none,Top1 元大台北 淨買0.13億; none; 非追蹤; 首板,0.07628294036061023,-0.001386962552010984,tpex,1,True,True,2,official,
3661,世芯-KY,2026-07-02,locked,4895.0,4895.0,NA,daily_close_lock_only; no_orderbook_seal,凱基台北,9268,6.0731919,False,momentum,Top1 凱基台北 淨買6.07億; momentum; 非追蹤; 首板,-0.003064351378958108,-0.05005107252298269,twse,1,True,True,2,official,
4510,高鋒,2026-07-02,locked,45.3,45.3,NA,daily_close_lock_only; no_orderbook_seal,凱基台北,9268,0.144048,False,none,Top1 凱基台北 淨買0.14億; none; 非追蹤; 首板,-0.002207505518763697,-0.025386313465783683,tpex,1,True,True,2,official,
4576,大銀微系統,2026-07-02,locked,235.0,235.0,NA,daily_close_lock_only; no_orderbook_seal,富邦敦南,9663,0.4491,False,none,Top1 富邦敦南 淨買0.45億; none; 非追蹤; 首板,0.008510638297872353,-0.05319148936170215,twse,1,True,True,2,official,
4919,新唐,2026-07-02,locked,185.0,185.0,NA,daily_close_lock_only; no_orderbook_seal,凱基台北,9268,0.75077805,False,none,Top1 凱基台北 淨買0.75億; none; 非追蹤; 首板,0.0,-0.04594594594594592,twse,1,True,True,2,official,
4960,誠美材,2026-07-02,locked,27.05,27.05,NA,daily_close_lock_only; no_orderbook_seal,凱基台北,9268,0.153818,False,none,Top1 凱基台北 淨買0.15億; none; 非追蹤; 首板,0.01663585951940849,-0.04805914972273573,twse,1,True,True,2,official,
5211,蒙恬,2026-07-02,locked,24.2,24.2,NA,daily_close_lock_only; no_orderbook_seal,凱基台北,9268,0.0530115,False,none,Top1 凱基台北 淨買0.05億; none; 非追蹤; 首板,-0.02892561983471076,-0.06611570247933873,tpex,1,True,True,2,official,
5484,慧友,2026-07-02,locked,49.4,49.4,NA,daily_close_lock_only; no_orderbook_seal,凱基台北,9268,0.0684765,False,none,Top1 凱基台北 淨買0.07億; none; 非追蹤; 首板,-0.027327935222672073,-0.037449392712550655,twse,1,True,True,2,official,
6148,驊宏資,2026-07-02,locked,33.55,33.55,NA,daily_close_lock_only; no_orderbook_seal,凱基台北,9268,0.0660005,False,none,Top1 凱基台北 淨買0.07億; none; 非追蹤; 首板,-0.014903129657228065,0.013412816691505292,tpex,1,True,True,2,official,
6548,長科*,2026-07-02,locked,90.6,90.6,NA,daily_close_lock_only; no_orderbook_seal,凱基城中,9227,0.31013092,False,none,Top1 凱基城中 淨買0.31億; none; 非追蹤; 首板,0.0,0.011037527593819041,tpex,1,True,True,2,official,
8374,羅昇,2026-07-02,locked,94.1,94.1,NA,daily_close_lock_only; no_orderbook_seal,凱基城中,9227,0.697168,False,none,Top1 凱基城中 淨買0.70億; none; 非追蹤; 首板,0.05207226354941552,-0.014877789585547196,twse,1,True,True,2,official,
1310,台苯,2026-07-03,locked,11.4,11.4,NA,daily_close_lock_only; no_orderbook_seal,凱基台北,9268,0.1551965,False,none,Top1 凱基台北 淨買0.16億; none; 非追蹤; 首板,0.05701754385964919,0.03508771929824572,twse,1,True,True,2,official,
1326,台化,2026-07-03,locked,68.0,68.0,NA,daily_close_lock_only; no_orderbook_seal,凱基民權,921C,3.324252,False,momentum,Top1 凱基民權 淨買3.32億; momentum; 非追蹤; 2連板,0.07058823529411762,-0.005882352941176561,twse,2,True,False,2,official,
1455,集盛,2026-07-03,locked,11.0,11.0,NA,daily_close_lock_only; no_orderbook_seal,台新松德,9B2a,0.0993321985,False,none,Top1 台新松德 淨買0.10億; none; 非追蹤; 首板,0.09545454545454546,-0.009090909090909038,twse,1,True,True,2,official,
1563,巧新,2026-07-03,locked,70.5,70.5,NA,daily_close_lock_only; no_orderbook_seal,,,0.0,False,none,Top1 NA 淨買0.00億; none; 非追蹤; 首板,-0.009929078014184411,0.007092198581560183,twse,1,True,True,2,official,no_domestic_top1
2236,百達-KY,2026-07-03,locked,184.0,184.0,NA,daily_close_lock_only; no_orderbook_seal,國泰桃園,8885,0.055479205,False,none,Top1 國泰桃園 淨買0.06億; none; 非追蹤; 首板,0.021739130434782705,0.0,twse,1,True,True,2,official,
2380,虹光,2026-07-03,locked,22.0,22.0,NA,daily_close_lock_only; no_orderbook_seal,企銀桃園,111E,0.0088,False,none,Top1 企銀桃園 淨買0.01億; none; 非追蹤; 首板,0.06818181818181812,0.009090909090909038,twse,1,True,True,2,official,
2427,三商電,2026-07-03,locked,26.65,26.65,NA,daily_close_lock_only; no_orderbook_seal,元大台北,980h,0.464496,False,none,Top1 元大台北 淨買0.46億; none; 非追蹤; 2連板,0.0075046904315199114,-0.02814258911819889,twse,2,True,False,2,official,
6174,安碁,2026-07-03,locked,61.8,61.8,NA,daily_close_lock_only; no_orderbook_seal,凱基城中,9227,0.71172878,False,none,Top1 凱基城中 淨買0.71億; none; 非追蹤; 首板,0.03721682847896446,0.01941747572815533,tpex,1,True,True,2,official,
6732,昇佳電子,2026-07-03,locked,190.0,190.0,NA,daily_close_lock_only; no_orderbook_seal,元大竹科,980K,0.47119,False,none,Top1 元大竹科 淨買0.47億; none; 非追蹤; 首板,0.06315789473684208,0.10000000000000009,tpex,1,True,True,2,official,
6924,榮惠-KY創,2026-07-03,locked,129.5,129.5,NA,daily_close_lock_only; no_orderbook_seal,凱基台北,9268,0.011225,False,none,Top1 凱基台北 淨買0.01億; none; 非追蹤; 首板,0.007722007722007707,0.0,twse,1,True,True,2,official,
6928,攸泰科技,2026-07-03,locked,57.6,57.6,NA,daily_close_lock_only; no_orderbook_seal,大昌新店,6464,0.032042,False,none,Top1 大昌新店 淨買0.03億; none; 非追蹤; 首板,0.0,-0.00868055555555558,twse,1,True,True,2,official,
8109,博大,2026-07-03,locked,140.5,140.5,NA,daily_close_lock_only; no_orderbook_seal,元大竹科,980K,0.330285,False,none,Top1 元大竹科 淨買0.33億; none; 非追蹤; 首板,0.0996441281138789,0.0996441281138789,tpex,1,True,True,2,official,
1721,國慶科技,2026-07-06,locked,29.05,29.05,NA,daily_close_lock_only; no_orderbook_seal,凱基彰化,920G,0.5542497,False,none,Top1 凱基彰化 淨買0.55億; none; 非追蹤; 首板,-0.048192771084337394,-0.09982788296041312,twse,1,True,True,2,official,
1727,中華化,2026-07-06,locked,101.5,101.5,NA,daily_close_lock_only; no_orderbook_seal,凱基台北,9268,0.346912825,False,none,Top1 凱基台北 淨買0.35億; none; 非追蹤; 首板,-0.014778325123152691,-0.09950738916256152,twse,1,True,True,2,official,
2352,佳世達,2026-07-06,locked,35.4,35.4,NA,daily_close_lock_only; no_orderbook_seal,台新證券,9B00,0.7887394529999999,False,none,Top1 台新證券 淨買0.79億; none; 非追蹤; 首板,0.019774011299435124,-0.026836158192090287,twse,1,True,True,2,official,
2399,映泰,2026-07-06,locked,55.0,55.0,NA,daily_close_lock_only; no_orderbook_seal,台新證券,9B00,0.46802998,False,none,Top1 台新證券 淨買0.47億; none; 非追蹤; 首板,0.0,-0.09999999999999998,twse,1,True,True,2,official,
3219,倚強科,2026-07-06,locked,82.2,82.2,NA,daily_close_lock_only; no_orderbook_seal,凱基站前,920F,0.24069675,False,none,Top1 凱基站前 淨買0.24億; none; 非追蹤; 首板,0.0,-0.07542579075425793,tpex,1,True,True,2,official,
3317,尼克森,2026-07-06,locked,105.5,105.5,NA,daily_close_lock_only; no_orderbook_seal,凱基城中,9227,2.835638565,False,momentum,Top1 凱基城中 淨買2.84億; momentum; 非追蹤; 首板,0.014218009478673022,-0.08151658767772507,tpex,1,True,True,2,official,
3438,類比科,2026-07-06,locked,75.5,75.5,NA,daily_close_lock_only; no_orderbook_seal,凱基台北,9268,0.09899872800000001,False,none,Top1 凱基台北 淨買0.10億; none; 非追蹤; 首板,0.02119205298013238,-0.04635761589403975,tpex,1,True,True,2,official,
6121,新普,2026-07-06,locked,467.5,467.5,NA,daily_close_lock_only; no_orderbook_seal,凱基城中,9227,3.174709225,False,momentum,Top1 凱基城中 淨買3.17億; momentum; 非追蹤; 首板,0.0417112299465241,-0.04385026737967912,tpex,1,True,True,2,official,
6431,光麗-KY,2026-07-06,locked,19.6,19.6,NA,daily_close_lock_only; no_orderbook_seal,第一光復,538C,0.009958,False,none,Top1 第一光復 淨買0.01億; none; 非追蹤; 首板,-0.015306122448979664,-0.056122448979591955,twse,1,True,True,2,official,
6732,昇佳電子,2026-07-06,locked,209.0,209.0,NA,daily_close_lock_only; no_orderbook_seal,永昌高雄,9303,0.1210682,False,none,Top1 永昌高雄 淨買0.12億; none; 非追蹤; 2連板,-0.004784688995215336,-0.021531100478468845,tpex,2,True,False,2,official,
6799,來頡,2026-07-06,locked,111.5,111.5,NA,daily_close_lock_only; no_orderbook_seal,凱基站前,920F,0.7458435,False,none,Top1 凱基站前 淨買0.75億; none; 非追蹤; 首板,0.008968609865470878,-0.08520179372197312,twse,1,True,True,2,official,
8109,博大,2026-07-06,locked,154.5,154.5,NA,daily_close_lock_only; no_orderbook_seal,元大竹科,980K,0.28119,False,none,Top1 元大竹科 淨買0.28億; none; 非追蹤; 2連板,0.0453074433656957,0.0453074433656957,tpex,2,True,False,2,official,
8932,智通*,2026-07-06,locked,116.0,116.0,NA,daily_close_lock_only; no_orderbook_seal,凱基台北,9268,1.54703036,False,momentum,Top1 凱基台北 淨買1.55億; momentum; 非追蹤; 首板,-0.008620689655172376,-0.008620689655172376,tpex,1,True,True,2,official,
6416,瑞祺電通,2026-07-07,locked,91.0,91.0,NA,daily_close_lock_only; no_orderbook_seal,凱基城中,9227,0.28035189,False,none,Top1 凱基城中 淨買0.28億; none; 非追蹤; 首板,0.01978021978021971,0.06813186813186811,twse,1,True,True,2,official,
7827,漢康-KY創,2026-07-07,locked,171.5,171.5,NA,daily_close_lock_only; no_orderbook_seal,凱基台北,9268,0.3668985,False,none,Top1 凱基台北 淨買0.37億; none; 非追蹤; 首板,-0.014577259475218707,-0.017492711370262426,twse,1,True,True,2,official,
3211,順達,2026-07-08,locked,427.5,427.5,NA,daily_close_lock_only; no_orderbook_seal,凱基城中,9227,1.70042815,False,momentum,Top1 凱基城中 淨買1.70億; momentum; 非追蹤; 首板,0.06432748538011701,0.06198830409356715,tpex,1,True,True,2,official,
6142,友勁,2026-07-08,locked,10.25,10.25,NA,daily_close_lock_only; no_orderbook_seal,凱基台北,9268,0.04943776,False,none,Top1 凱基台北 淨買0.05億; none; 非追蹤; 首板,0.07317073170731714,0.09756097560975618,twse,1,True,True,2,official,
3521,台鋼建設,2026-07-09,locked,13.6,13.6,NA,daily_close_lock_only; no_orderbook_seal,康和高雄,845J,0.0194415,False,none,Top1 康和高雄 淨買0.02億; none; 非追蹤; 首板,0.0,-0.0404411764705882,tpex,1,True,True,2,official,
5484,慧友,2026-07-09,locked,49.3,49.3,NA,daily_close_lock_only; no_orderbook_seal,凱基城中,9227,0.229738,False,none,Top1 凱基城中 淨買0.23億; none; 非追蹤; 首板,0.09330628803245444,-0.0030425963488843744,twse,1,True,True,2,official,
6142,友勁,2026-07-09,locked,11.25,11.25,NA,daily_close_lock_only; no_orderbook_seal,華南麻豆,9308,0.019575,False,none,Top1 華南麻豆 淨買0.02億; none; 非追蹤; 2連板,0.06666666666666665,-0.053333333333333344,twse,2,True,False,2,official,
7827,漢康-KY創,2026-07-09,locked,185.0,185.0,NA,daily_close_lock_only; no_orderbook_seal,富邦台南,9667,0.08691,False,none,Top1 富邦台南 淨買0.09億; none; 非追蹤; 首板,-0.008108108108108136,-0.07567567567567568,twse,1,True,True,2,official,
1301,台塑,2026-07-13,locked,60.2,60.2,NA,daily_close_lock_only; no_orderbook_seal,凱基台北,9268,1.6279698,False,momentum,Top1 凱基台北 淨買1.63億; momentum; 非追蹤; 首板,0.021594684385382035,0.056478405315614655,twse,1,True,True,2,official,
3702,大聯大,2026-07-13,locked,117.0,117.0,NA,daily_close_lock_only; no_orderbook_seal,凱基城中,9227,2.3400532,False,momentum,Top1 凱基城中 淨買2.34億; momentum; 非追蹤; 首板,-0.004273504273504258,0.02136752136752129,twse,1,True,True,2,official,
3704,合勤控,2026-07-13,locked,49.85,49.85,NA,daily_close_lock_only; no_orderbook_seal,凱基台北,9268,0.371950775,False,none,Top1 凱基台北 淨買0.37億; none; 非追蹤; 首板,0.009027081243731194,-0.02407221664994985,twse,1,True,True,2,official,
6887,寶綠特-KY,2026-07-13,locked,37.15,37.15,NA,daily_close_lock_only; no_orderbook_seal,富邦永和,9654,0.0011145,False,none,Top1 富邦永和 淨買0.00億; none; 非追蹤; 首板,0.09959623149394359,-0.02826379542395685,twse,1,True,True,2,official,
1468,昶和,2026-07-14,locked,13.35,13.35,NA,daily_close_lock_only; no_orderbook_seal,群益永和,918J,0.0009345,False,none,Top1 群益永和 淨買0.00億; none; 非追蹤; 首板,0.0,-0.041198501872659055,twse,1,True,True,2,official,
3685,元創精密,2026-07-14,locked,36.85,36.85,NA,daily_close_lock_only; no_orderbook_seal,凱基站前,920F,0.075696,False,none,Top1 凱基站前 淨買0.08億; none; 非追蹤; 首板,0.020352781546811416,0.08548168249660781,tpex,1,True,True,2,official,
6130,上亞科技,2026-07-14,locked,28.6,28.6,NA,daily_close_lock_only; no_orderbook_seal,凱基東勢,921Y,0.0171515,False,none,Top1 凱基東勢 淨買0.02億; none; 非追蹤; 首板,-0.05069930069930084,-0.04195804195804209,tpex,1,True,True,2,official,
6829,千附精密,2026-07-14,locked,256.5,256.5,NA,daily_close_lock_only; no_orderbook_seal,永昌高雄,9303,0.26022322,False,none,Top1 永昌高雄 淨買0.26億; none; 非追蹤; 首板,0.025341130604288553,0.0019493177387914784,tpex,1,True,True,2,official,
1560,中砂,2026-07-15,locked,742.0,742.0,NA,daily_close_lock_only; no_orderbook_seal,凱基台北,9268,2.40652593,False,momentum,Top1 凱基台北 淨買2.41億; momentum; 非追蹤; 首板,-0.0026954177897574594,-0.018867924528301883,twse,1,True,True,2,official,
2303,聯電,2026-07-15,locked,166.0,166.0,NA,daily_close_lock_only; no_orderbook_seal,元大內湖,989N,6.031059665,False,momentum,Top1 元大內湖 淨買6.03億; momentum; 非追蹤; 首板,-0.027108433734939763,-0.03614457831325302,twse,1,True,True,2,official,
2719,燦星旅,2026-07-15,locked,23.75,23.75,NA,daily_close_lock_only; no_orderbook_seal,國泰敦南,8888,0.0019,False,none,Top1 國泰敦南 淨買0.00億; none; 非追蹤; 首板,0.09894736842105267,0.09894736842105267,tpex,1,True,True,2,official,
6680,鑫創電子,2026-07-15,locked,54.7,54.7,NA,daily_close_lock_only; no_orderbook_seal,元大四維,9831,0.003827,False,none,Top1 元大四維 淨買0.00億; none; 非追蹤; 首板,0.027422303473491727,0.05301645338208405,tpex,1,True,True,2,official,
6695,芯鼎,2026-07-15,locked,57.6,57.6,NA,daily_close_lock_only; no_orderbook_seal,玉山士林,884A,0.17278848,False,none,Top1 玉山士林 淨買0.17億; none; 非追蹤; 首板,0.003472222222222099,-0.02256944444444453,twse,1,True,True,2,official,
6887,寶綠特-KY,2026-07-15,locked,39.7,39.7,NA,daily_close_lock_only; no_orderbook_seal,中信託永,6163,0.0069125,False,none,Top1 中信託永 淨買0.01億; none; 非追蹤; 首板,-0.0025188916876575096,-0.0541561712846349,twse,1,True,True,2,official,
6949,沛爾生醫*-創,2026-07-15,locked,1025.0,1025.0,NA,daily_close_lock_only; no_orderbook_seal,,,0.0,False,none,Top1 NA 淨買0.00億; none; 非追蹤; 首板,-0.004878048780487809,0.07804878048780495,twse,1,True,True,2,official,no_domestic_top1
6967,汎瑋材料,2026-07-15,locked,78.8,78.8,NA,daily_close_lock_only; no_orderbook_seal,凱基台北,9268,0.056917,False,none,Top1 凱基台北 淨買0.06億; none; 非追蹤; 首板,0.015228426395939021,0.010152284263959421,tpex,1,True,True,2,official,
7740,熙特爾-創,2026-07-15,locked,163.0,163.0,NA,daily_close_lock_only; no_orderbook_seal,凱基台北,9268,0.12398,False,none,Top1 凱基台北 淨買0.12億; none; 非追蹤; 首板,-0.009202453987730008,-0.027607361963190136,twse,1,True,True,2,official,
8932,智通*,2026-07-15,locked,126.5,126.5,NA,daily_close_lock_only; no_orderbook_seal,統一仁愛,585c,0.61976,False,none,Top1 統一仁愛 淨買0.62億; none; 非追蹤; 首板,-0.015810276679841917,0.02371541501976293,tpex,1,True,True,2,official,
2719,燦星旅,2026-07-16,locked,26.1,26.1,NA,daily_close_lock_only; no_orderbook_seal,凱基台北,9268,0.010168,False,none,Top1 凱基台北 淨買0.01億; none; 非追蹤; 2連板,0.0,-0.08620689655172409,tpex,2,True,False,2,official,
6937,天虹,2026-07-16,locked,288.5,288.5,NA,daily_close_lock_only; no_orderbook_seal,臺銀,1040,0.957475,False,none,Top1 臺銀 淨買0.96億; none; 非追蹤; 首板,-0.024263431542461023,-0.06759098786828421,twse,1,True,True,2,official,
9914,美利達,2026-07-16,locked,84.2,84.2,NA,daily_close_lock_only; no_orderbook_seal,元大台北,980h,1.566333,False,momentum,Top1 元大台北 淨買1.57億; momentum; 非追蹤; 首板,-0.02375296912114011,-0.002375296912114022,twse,1,True,True,2,official,
5450,南良,2026-07-17,locked,17.05,17.05,NA,daily_close_lock_only; no_orderbook_seal,永豐金新竹,9A97,0.134628681,False,none,Top1 永豐金新竹 淨買0.13億; none; 非追蹤; 首板,0.04105571847507328,0.0997067448680351,tpex,1,True,True,2,official,
1468,昶和,2026-07-20,locked,14.95,14.95,NA,daily_close_lock_only; no_orderbook_seal,凱基高美,9215,0.002093,False,none,Top1 凱基高美 淨買0.00億; none; 非追蹤; 首板,-0.010033444816053394,-0.05685618729096986,twse,1,True,True,2,official,
4566,時碩工業,2026-07-20,locked,66.6,66.6,NA,daily_close_lock_only; no_orderbook_seal,凱基站前,920F,0.48995827,False,none,Top1 凱基站前 淨買0.49億; none; 非追蹤; 首板,0.07507507507507505,0.03603603603603611,twse,1,True,True,2,official,
6643,M31,2026-07-20,locked,430.5,430.5,NA,daily_close_lock_only; no_orderbook_seal,凱基台北,9268,0.40523,False,none,Top1 凱基台北 淨買0.41億; none; 非追蹤; 首板,0.0,-0.025551684088269466,tpex,1,True,True,2,official,
6928,攸泰科技,2026-07-20,locked,54.0,54.0,NA,daily_close_lock_only; no_orderbook_seal,凱基台北,9268,0.04356,False,none,Top1 凱基台北 淨買0.04億; none; 非追蹤; 首板,0.012962962962963065,0.06851851851851865,twse,1,True,True,2,official,
2360,致茂,2026-07-21,locked,2015.0,2015.0,NA,daily_close_lock_only; no_orderbook_seal,新光,8560,2.0717185,False,momentum,Top1 新光 淨買2.07億; momentum; 非追蹤; 首板,0.02481389578163773,0.05459057071960305,twse,1,True,True,2,official,
2383,台光電,2026-07-21,locked,4830.0,4830.0,NA,daily_close_lock_only; no_orderbook_seal,?亞,6010,1.71465,False,momentum,Top1 ?亞 淨買1.71億; momentum; 非追蹤; 首板,0.07867494824016563,0.06107660455486541,twse,1,True,True,2,official,
3022,威強電,2026-07-21,locked,86.1,86.1,NA,daily_close_lock_only; no_orderbook_seal,凱基台北,9268,0.18540741599999994,False,none,Top1 凱基台北 淨買0.19億; none; 非追蹤; 首板,0.016260162601626105,0.055749128919860835,twse,1,True,True,2,official,
3338,泰碩,2026-07-21,locked,69.1,69.1,NA,daily_close_lock_only; no_orderbook_seal,凱基板橋,920A,0.02691445,False,none,Top1 凱基板橋 淨買0.03億; none; 非追蹤; 首板,0.0,-0.024602026049203918,twse,1,True,True,2,official,
3416,融程電,2026-07-21,locked,175.0,175.0,NA,daily_close_lock_only; no_orderbook_seal,凱基台北,9268,0.108115,False,none,Top1 凱基台北 淨買0.11億; none; 非追蹤; 首板,0.005714285714285783,0.0257142857142858,twse,1,True,True,2,official,
3680,家登,2026-07-21,locked,481.0,481.0,NA,daily_close_lock_only; no_orderbook_seal,凱基台北,9268,0.6323554,False,none,Top1 凱基台北 淨買0.63億; none; 非追蹤; 首板,0.03742203742203731,0.027027027027026973,tpex,1,True,True,2,official,
3694,海華,2026-07-21,locked,66.3,66.3,NA,daily_close_lock_only; no_orderbook_seal,凱基台北,9268,0.551152,False,none,Top1 凱基台北 淨買0.55億; none; 非追蹤; 首板,0.009049773755656298,-0.03469079939668174,twse,1,True,True,2,official,
5227,立凱-KY,2026-07-21,locked,35.4,35.4,NA,daily_close_lock_only; no_orderbook_seal,凱基台北,9268,0.031715,False,none,Top1 凱基台北 淨買0.03億; none; 非追蹤; 首板,0.09887005649717517,0.09887005649717517,tpex,1,True,True,2,official,
6414,樺漢,2026-07-21,locked,445.5,445.5,NA,daily_close_lock_only; no_orderbook_seal,凱基城中,9227,1.2034445,False,momentum,Top1 凱基城中 淨買1.20億; momentum; 非追蹤; 首板,0.054994388327721744,0.09988776655443332,twse,1,True,True,2,official,
6416,瑞祺電通,2026-07-21,locked,99.4,99.4,NA,daily_close_lock_only; no_orderbook_seal,永豐板新,9A9J,0.282023,False,none,Top1 永豐板新 淨買0.28億; none; 非追蹤; 首板,0.03621730382293764,0.0663983903420522,twse,1,True,True,2,official,
6695,芯鼎,2026-07-21,locked,57.5,57.5,NA,daily_close_lock_only; no_orderbook_seal,凱基站前,920F,0.211027,False,none,Top1 凱基站前 淨買0.21億; none; 非追蹤; 首板,0.0,-0.02782608695652178,twse,1,True,True,2,official,
6719,力智,2026-07-21,locked,234.5,234.5,NA,daily_close_lock_only; no_orderbook_seal,凱基站前,920F,0.857675,False,none,Top1 凱基站前 淨買0.86億; none; 非追蹤; 首板,0.09168443496801704,0.05117270788912576,twse,1,True,True,2,official,
6922,宸曜,2026-07-21,locked,182.5,182.5,NA,daily_close_lock_only; no_orderbook_seal,永豐金板新,9A9J,0.099325,False,none,Top1 永豐金板新 淨買0.10億; none; 非追蹤; 首板,0.019178082191780854,0.0602739726027397,tpex,1,True,True,2,official,
7709,榮田,2026-07-21,locked,72.2,72.2,NA,daily_close_lock_only; no_orderbook_seal,凱基台北,9268,0.012996,False,none,Top1 凱基台北 淨買0.01億; none; 非追蹤; 首板,0.09972299168975063,0.09972299168975063,tpex,1,True,True,2,official,
8069,元太,2026-07-21,locked,193.0,193.0,NA,daily_close_lock_only; no_orderbook_seal,凱基站前,920F,1.105197935,False,momentum,Top1 凱基站前 淨買1.11億; momentum; 非追蹤; 首板,-0.005181347150259086,0.007772020725388629,tpex,1,True,True,2,official,
3021,鴻名,2026-07-22,locked,23.5,23.5,NA,daily_close_lock_only; no_orderbook_seal,凱基台北,9268,0.0156845,False,none,Top1 凱基台北 淨買0.02億; none; 非追蹤; 首板,0.025531914893617058,-0.04680851063829794,twse,1,True,True,2,official,
3231,緯創,2026-07-22,locked,164.0,164.0,NA,daily_close_lock_only; no_orderbook_seal,凱基站前,920F,12.316468245,False,momentum,Top1 凱基站前 淨買12.32億; momentum; 非追蹤; 首板,0.024390243902439046,0.05792682926829262,twse,1,True,True,2,official,
3529,力旺,2026-07-22,locked,2600.0,2600.0,NA,daily_close_lock_only; no_orderbook_seal,國泰忠孝,8887,0.6455785,False,none,Top1 國泰忠孝 淨買0.65億; none; 非追蹤; 首板,0.007692307692307665,-0.03653846153846152,tpex,1,True,True,2,official,
3594,磐儀,2026-07-22,locked,53.7,53.7,NA,daily_close_lock_only; no_orderbook_seal,凱基台北,9268,0.137365428,False,none,Top1 凱基台北 淨買0.14億; none; 非追蹤; 首板,0.03910614525139655,0.05772811918063314,tpex,1,True,True,2,official,
4442,竣邦-KY,2026-07-22,locked,51.3,51.3,NA,daily_close_lock_only; no_orderbook_seal,永豐金萬盛,9A92,0.066177,False,none,Top1 永豐金萬盛 淨買0.07億; none; 非追蹤; 首板,0.003898635477582957,0.09941520467836251,tpex,1,True,True,2,official,
5227,立凱-KY,2026-07-22,locked,38.9,38.9,NA,daily_close_lock_only; no_orderbook_seal,台新松德,9B2a,0.094131387,False,none,Top1 台新松德 淨買0.09億; none; 非追蹤; 2連板,-0.02570694087403602,0.03856041131105403,tpex,2,True,False,2,official,
6206,飛捷,2026-07-22,locked,126.5,126.5,NA,daily_close_lock_only; no_orderbook_seal,凱基市府,920D,0.5369005,False,none,Top1 凱基市府 淨買0.54億; none; 非追蹤; 首板,0.011857707509881354,0.027667984189723382,twse,1,True,True,2,official,
6456,GIS-KY,2026-07-22,locked,68.7,68.7,NA,daily_close_lock_only; no_orderbook_seal,凱基台北,9268,0.39179797,False,none,Top1 凱基台北 淨買0.39億; none; 非追蹤; 首板,0.011644832605531175,-0.018922852983988325,twse,1,True,True,2,official,
7709,榮田,2026-07-22,locked,79.4,79.4,NA,daily_close_lock_only; no_orderbook_seal,群益大安,918e,0.020644000000000003,False,none,Top1 群益大安 淨買0.02億; none; 非追蹤; 2連板,-0.01133501259445846,-0.07934508816120922,tpex,2,True,False,2,official,
3652,精聯,2026-07-23,locked,34.75,34.75,NA,daily_close_lock_only; no_orderbook_seal,凱基和平,9255,0.0695,False,none,Top1 凱基和平 淨買0.07億; none; 非追蹤; 首板,0.06906474820143882,-0.06906474820143882,twse,1,True,True,2,official,
4442,竣邦-KY,2026-07-23,locked,56.4,56.4,NA,daily_close_lock_only; no_orderbook_seal,永豐金萬盛,9A92,0.174169,False,none,Top1 永豐金萬盛 淨買0.17億; none; 非追蹤; 2連板,-0.005319148936170137,0.0585106382978724,tpex,2,True,False,2,official,
6577,勁豐,2026-07-23,locked,85.9,85.9,NA,daily_close_lock_only; no_orderbook_seal,群益內湖,918d,0.099288,False,none,Top1 群益內湖 淨買0.10億; none; 非追蹤; 首板,0.03608847497089629,0.09895227008148999,tpex,1,True,True,2,official,
1799,易威,2026-07-24,locked,35.75,35.75,NA,daily_close_lock_only; no_orderbook_seal,凱基台北,9268,0.0150985,False,none,Top1 凱基台北 淨買0.02億; none; 非追蹤; 首板,0.058741258741258795,0.09930069930069929,tpex,1,True,True,2,official,
6577,勁豐,2026-07-24,locked,94.4,94.4,NA,daily_close_lock_only; no_orderbook_seal,元大竹科,980K,0.236,False,none,Top1 元大竹科 淨買0.24億; none; 非追蹤; 2連板,0.016949152542372836,-0.05190677966101698,tpex,2,True,False,2,official,
1799,易威,2026-07-27,locked,39.3,39.3,NA,daily_close_lock_only; no_orderbook_seal,凱基台北,9268,0.0208005,False,none,Top1 凱基台北 淨買0.02億; none; 非追蹤; 2連板,-0.05343511450381666,-0.09923664122137399,tpex,2,True,False,2,official,
4577,達航科技,2026-07-28,locked,77.3,77.3,NA,daily_close_lock_only; no_orderbook_seal,凱基敦北,9237,0.129091,False,none,Top1 凱基敦北 淨買0.13億; none; 非追蹤; 首板,-0.0064683053040103244,-0.09961190168175937,tpex,1,True,True,2,official,
6733,博晟生醫,2026-07-28,locked,26.3,26.3,NA,daily_close_lock_only; no_orderbook_seal,台新松德,9B2a,0.021829,False,none,Top1 台新松德 淨買0.02億; none; 非追蹤; 首板,0.09885931558935357,0.09885931558935357,tpex,1,True,True,2,official,
6733,博晟生醫,2026-07-29,locked,28.9,28.9,NA,daily_close_lock_only; no_orderbook_seal,台新松德,9B2a,0.033813,False,none,Top1 台新松德 淨買0.03億; none; 非追蹤; 2連板,0.01730103806228378,-0.09342560553633217,tpex,2,True,False,2,official,
3529,力旺,2026-07-30,locked,2290.0,2290.0,NA,daily_close_lock_only; no_orderbook_seal,新光,8560,0.55915965,False,none,Top1 新光 淨買0.56億; none; 非追蹤; 首板,0.09825327510917026,0.08078602620087327,tpex,1,True,True,2,official,
1560,中砂,2026-07-31,locked,640.0,640.0,NA,daily_close_lock_only; no_orderbook_seal,永豐中和,9A9B,0.38299362,False,none,Top1 永豐中和 淨買0.38億; none; 非追蹤; 首板,-0.004687499999999956,0.04843749999999991,twse,1,True,True,2,official,
1605,華新,2026-07-31,locked,31.45,31.45,NA,daily_close_lock_only; no_orderbook_seal,中信松江,6167,0.33901445399999997,False,none,Top1 中信松江 淨買0.34億; none; 非追蹤; 首板,-0.009538950715421324,0.042925278219395846,twse,1,True,True,2,official,
2303,聯電,2026-07-31,locked,121.0,121.0,NA,daily_close_lock_only; no_orderbook_seal,元大松江,9801,4.33250785,False,dual,Top1 元大松江 淨買4.33億; dual; 非追蹤; 首板,0.037190082644628086,-0.024793388429752095,twse,1,True,True,2,official,
2345,智邦,2026-07-31,locked,2125.0,2125.0,NA,daily_close_lock_only; no_orderbook_seal,凱基台北,9268,0.7021,False,none,Top1 凱基台北 淨買0.70億; none; 非追蹤; 首板,0.09882352941176475,0.09882352941176475,twse,1,True,True,2,official,
2357,華碩,2026-07-31,locked,810.0,810.0,NA,daily_close_lock_only; no_orderbook_seal,第一中山,5389,0.57527382,False,none,Top1 第一中山 淨買0.58億; none; 非追蹤; 首板,-0.024691358024691357,-0.013580246913580285,twse,1,True,True,2,official,
2383,台光電,2026-07-31,locked,4745.0,4745.0,NA,daily_close_lock_only; no_orderbook_seal,群益台北,918X,4.7900775,False,dual,Top1 群益台北 淨買4.79億; dual; 非追蹤; 首板,0.08219178082191791,0.04952581664910438,twse,1,True,True,2,official,
2438,翔耀,2026-07-31,locked,18.05,18.05,NA,daily_close_lock_only; no_orderbook_seal,群益新莊,918G,0.008757,False,none,Top1 群益新莊 淨買0.01億; none; 非追蹤; 首板,-0.005540166204986208,-0.0027700831024931594,twse,1,True,True,2,official,
2483,百容,2026-07-31,locked,35.25,35.25,NA,daily_close_lock_only; no_orderbook_seal,元大站前,989W,0.01107125,False,none,Top1 元大站前 淨買0.01億; none; 非追蹤; 首板,0.0,0.07801418439716312,twse,1,True,True,2,official,
3221,台嘉碩,2026-07-31,locked,44.2,44.2,NA,daily_close_lock_only; no_orderbook_seal,台新信義,9B2H,0.0198155,False,none,Top1 台新信義 淨買0.02億; none; 非追蹤; 首板,-0.004524886877828149,0.02828054298642524,tpex,1,True,True,2,official,
3324,雙鴻,2026-07-31,locked,902.0,902.0,NA,daily_close_lock_only; no_orderbook_seal,凱基台北,9268,0.77023047,False,none,Top1 凱基台北 淨買0.77億; none; 非追蹤; 首板,0.005543237250554389,0.04656319290465638,tpex,1,True,True,2,official,
3438,類比科,2026-07-31,locked,53.0,53.0,NA,daily_close_lock_only; no_orderbook_seal,玉山士林,884A,0.022722,False,none,Top1 玉山士林 淨買0.02億; none; 非追蹤; 首板,0.06981132075471708,0.07735849056603783,tpex,1,True,True,2,official,
3481,群創,2026-07-31,locked,45.5,45.5,NA,daily_close_lock_only; no_orderbook_seal,凱基站前,920F,2.5693119269999998,False,momentum,Top1 凱基站前 淨買2.57億; momentum; 非追蹤; 首板,-0.01098901098901095,0.00659340659340657,twse,1,True,True,2,official,
3489,森寶,2026-07-31,locked,22.1,22.1,NA,daily_close_lock_only; no_orderbook_seal,台新松德,9B2a,0.026078,False,none,Top1 台新松德 淨買0.03億; none; 非追蹤; 首板,0.09954751131221706,0.09954751131221706,tpex,1,True,True,2,official,
3661,世芯-KY,2026-07-31,locked,3060.0,3060.0,NA,daily_close_lock_only; no_orderbook_seal,凱基士林,9238,3.219802,False,dual,Top1 凱基士林 淨買3.22億; dual; 非追蹤; 首板,0.0032679738562091387,0.06209150326797386,twse,1,True,True,2,official,
3711,日月光投控,2026-07-31,locked,555.0,555.0,NA,daily_close_lock_only; no_orderbook_seal,元大松江,9801,14.97628095,False,dual,Top1 元大松江 淨買14.98億; dual; 非追蹤; 首板,0.0990990990990992,0.0990990990990992,twse,1,True,True,2,official,
3715,定穎投控,2026-07-31,locked,99.9,99.9,NA,daily_close_lock_only; no_orderbook_seal,凱基桃園,9208,0.20414482,False,none,Top1 凱基桃園 淨買0.20億; none; 非追蹤; 首板,0.0,0.046046046046045896,twse,1,True,True,2,official,
4576,大銀微系統,2026-07-31,locked,180.5,180.5,NA,daily_close_lock_only; no_orderbook_seal,凱基站前,920F,0.0503698,False,none,Top1 凱基站前 淨買0.05億; none; 非追蹤; 首板,-0.024930747922437657,0.09141274238227148,twse,1,True,True,2,official,
4973,廣穎,2026-07-31,locked,129.0,129.0,NA,daily_close_lock_only; no_orderbook_seal,元大松江,9801,0.0695064,False,none,Top1 元大松江 淨買0.07億; none; 非追蹤; 首板,0.0,0.07751937984496116,tpex,1,True,True,2,official,
4977,眾達-KY,2026-07-31,locked,117.0,117.0,NA,daily_close_lock_only; no_orderbook_seal,凱基站前,920F,0.09483905,False,none,Top1 凱基站前 淨買0.09億; none; 非追蹤; 首板,0.0,0.03846153846153855,twse,1,True,True,2,official,
5289,宜鼎,2026-07-31,locked,1295.0,1295.0,NA,daily_close_lock_only; no_orderbook_seal,凱基豐中,9223,0.25639705,False,none,Top1 凱基豐中 淨買0.26億; none; 非追蹤; 首板,0.0,0.06949806949806958,tpex,1,True,True,2,official,
5392,能率,2026-07-31,locked,37.8,37.8,NA,daily_close_lock_only; no_orderbook_seal,富邦左營,966F,0.014742,False,none,Top1 富邦左營 淨買0.01億; none; 非追蹤; 首板,0.0,0.0992063492063493,tpex,1,True,True,2,official,
5864,致和證,2026-07-31,locked,30.5,30.5,NA,daily_close_lock_only; no_orderbook_seal,元大台北,980h,0.7209395,False,none,Top1 元大台北 淨買0.72億; none; 非追蹤; 首板,-0.003278688524590234,-0.011475409836065653,tpex,1,True,True,2,official,
6202,盛群,2026-07-31,locked,53.4,53.4,NA,daily_close_lock_only; no_orderbook_seal,凱基台北,9268,0.135636,False,none,Top1 凱基台北 淨買0.14億; none; 非追蹤; 首板,0.011235955056179803,0.09925093632958815,twse,1,True,True,2,official,
6292,迅德,2026-07-31,locked,53.7,53.7,NA,daily_close_lock_only; no_orderbook_seal,凱基台北,9268,0.013425,False,none,Top1 凱基台北 淨買0.01億; none; 非追蹤; 首板,0.01862197392923659,0.040968342644320144,tpex,1,True,True,2,official,
6548,長科*,2026-07-31,locked,65.0,65.0,NA,daily_close_lock_only; no_orderbook_seal,元大士林,981j,0.641479,False,none,Top1 元大士林 淨買0.64億; none; 非追蹤; 首板,0.0,0.08000000000000007,tpex,1,True,True,2,official,
8110,華東,2026-07-31,locked,37.1,37.1,NA,daily_close_lock_only; no_orderbook_seal,統一城中,5854,0.1215705,False,none,Top1 統一城中 淨買0.12億; none; 非追蹤; 首板,0.012129380053908179,0.09973045822102411,twse,1,True,True,2,official,
2399,映泰,2026-08-03,locked,36.4,36.4,NA,daily_close_lock_only; no_orderbook_seal,統一板橋,585P,0.181054,False,none,Top1 統一板橋 淨買0.18億; none; 非追蹤; 首板,0.01098901098901095,0.09478021978021989,twse,1,True,True,2,official,
2441,超豐,2026-08-03,locked,110.5,110.5,NA,daily_close_lock_only; no_orderbook_seal,凱基台北,9268,0.56784218,False,none,Top1 凱基台北 淨買0.57億; none; 非追蹤; 首板,0.004524886877828038,0.08144796380090491,twse,1,True,True,2,official,
3048,益登,2026-08-03,locked,50.8,50.8,NA,daily_close_lock_only; no_orderbook_seal,永豐信義,9A9R,0.1264875,False,none,Top1 永豐信義 淨買0.13億; none; 非追蹤; 首板,0.08267716535433078,0.09842519685039375,twse,1,True,True,2,official,
3338,泰碩,2026-08-03,locked,63.8,63.8,NA,daily_close_lock_only; no_orderbook_seal,凱基台北,9268,0.01272,False,none,Top1 凱基台北 淨買0.01億; none; 非追蹤; 首板,0.0015673981191222097,0.00783699059561127,twse,1,True,True,2,official,
3489,森寶,2026-08-03,locked,24.3,24.3,NA,daily_close_lock_only; no_orderbook_seal,元大大同,989G,0.044955,False,none,Top1 元大大同 淨買0.04億; none; 非追蹤; 2連板,0.05144032921810693,0.05555555555555536,tpex,2,True,False,2,official,
3581,博磊,2026-08-03,locked,108.0,108.0,NA,daily_close_lock_only; no_orderbook_seal,凱基站前,920F,0.240665,False,none,Top1 凱基站前 淨買0.24億; none; 非追蹤; 首板,-0.01851851851851849,0.03240740740740744,tpex,1,True,True,2,official,
3711,日月光投控,2026-08-03,locked,610.0,610.0,NA,daily_close_lock_only; no_orderbook_seal,永豐匯立,9A81,11.0402293,False,dual,Top1 永豐匯立 淨買11.04億; dual; 非追蹤; 2連板,-0.006557377049180357,-0.040983606557377095,twse,2,True,False,2,official,
5392,能率,2026-08-03,locked,41.55,41.55,NA,daily_close_lock_only; no_orderbook_seal,凱基台北,9268,0.0949675,False,none,Top1 凱基台北 淨買0.09億; none; 非追蹤; 2連板,0.013237063778580138,0.01925391095066198,tpex,2,True,False,2,official,
6202,盛群,2026-08-03,locked,58.7,58.7,NA,daily_close_lock_only; no_orderbook_seal,群益新店,918F,0.018009,False,none,Top1 群益新店 淨買0.02億; none; 非追蹤; 2連板,-0.020442930153321992,-0.010221465076660996,twse,2,True,False,2,official,
6269,台郡,2026-08-03,locked,54.1,54.1,NA,daily_close_lock_only; no_orderbook_seal,兆豐城中,700W,0.020017,False,none,Top1 兆豐城中 淨買0.02億; none; 非追蹤; 首板,-0.011090573012939031,0.0369685767097967,twse,1,True,True,2,official,
6862,三集瑞-KY,2026-08-03,locked,137.5,137.5,NA,daily_close_lock_only; no_orderbook_seal,元大淡水,9899,0.0599,False,none,Top1 元大淡水 淨買0.06億; none; 非追蹤; 首板,-0.010909090909090868,0.0036363636363636598,twse,1,True,True,2,official,
1802,台玻,2026-08-04,locked,52.3,52.3,NA,daily_close_lock_only; no_orderbook_seal,元大松江,9801,0.1143637,False,none,Top1 元大松江 淨買0.11億; none; 非追蹤; 首板,0.05353728489483767,0.030592734225621365,twse,1,True,True,2,official,
1809,中釉,2026-08-04,locked,37.7,37.7,NA,daily_close_lock_only; no_orderbook_seal,凱基台北,9268,0.0718805,False,none,Top1 凱基台北 淨買0.07億; none; 非追蹤; 首板,0.04907161803713511,0.04376657824933683,twse,1,True,True,2,official,
3048,益登,2026-08-04,locked,55.8,55.8,NA,daily_close_lock_only; no_orderbook_seal,第一桃園,5385,0.320159347,False,none,Top1 第一桃園 淨買0.32億; none; 非追蹤; 2連板,0.057347670250896154,0.04480286738351258,twse,2,True,False,2,official,
3312,弘憶股,2026-08-04,locked,48.6,48.6,NA,daily_close_lock_only; no_orderbook_seal,元大竹科,980K,0.14043292,False,none,Top1 元大竹科 淨買0.14億; none; 非追蹤; 首板,0.008230452674897082,-0.01440329218107006,twse,1,True,True,2,official,
4577,達航科技,2026-08-04,locked,74.9,74.9,NA,daily_close_lock_only; no_orderbook_seal,凱基台北,9268,0.030702,False,none,Top1 凱基台北 淨買0.03億; none; 非追蹤; 首板,0.040053404539385884,0.012016021361815676,tpex,1,True,True,2,official,
6947,台鎔科技,2026-08-04,locked,76.7,76.7,NA,daily_close_lock_only; no_orderbook_seal,元大竹科,980K,0.052147,False,none,Top1 元大竹科 淨買0.05億; none; 非追蹤; 首板,-0.022164276401564598,0.054758800521512496,twse,1,True,True,2,official,
1310,台苯,2026-08-05,locked,8.17,8.17,NA,daily_close_lock_only; no_orderbook_seal,群益海山,9108,0.0283499,False,none,Top1 群益海山 淨買0.03億; none; 非追蹤; 首板,0.00244798041615657,-0.020807833537331732,twse,1,True,True,2,official,
3702,大聯大,2026-08-05,locked,129.0,129.0,NA,daily_close_lock_only; no_orderbook_seal,凱基站前,920F,10.702889505,False,momentum,Top1 凱基站前 淨買10.70億; momentum; 非追蹤; 首板,-0.019379844961240345,-0.027131782945736482,twse,1,True,True,2,official,
6116,彩晶,2026-08-05,locked,14.2,14.2,NA,daily_close_lock_only; no_orderbook_seal,元大竹科,980K,0.38627812799999994,False,none,Top1 元大竹科 淨買0.39億; none; 非追蹤; 首板,0.0,-0.014084507042253502,twse,1,True,True,2,official,
6148,驊宏資,2026-08-05,locked,29.7,29.7,NA,daily_close_lock_only; no_orderbook_seal,凱基台北,9268,0.0341495,False,none,Top1 凱基台北 淨買0.03億; none; 非追蹤; 首板,-0.01851851851851849,-0.05555555555555547,tpex,1,True,True,2,official,
6269,台郡,2026-08-05,locked,61.7,61.7,NA,daily_close_lock_only; no_orderbook_seal,凱基台北,9268,0.265771,False,none,Top1 凱基台北 淨買0.27億; none; 非追蹤; 首板,-0.01620745542949753,0.04538087520259304,twse,1,True,True,2,official,
6680,鑫創電子,2026-08-05,locked,57.2,57.2,NA,daily_close_lock_only; no_orderbook_seal,富邦台中,965K,0.007413,False,none,Top1 富邦台中 淨買0.01億; none; 非追蹤; 首板,0.005244755244755206,0.010489510489510412,tpex,1,True,True,2,official,
6799,來頡,2026-08-05,locked,87.0,87.0,NA,daily_close_lock_only; no_orderbook_seal,群益內湖,918d,0.101761,False,none,Top1 群益內湖 淨買0.10億; none; 非追蹤; 首板,0.02643678160919527,0.05057471264367819,twse,1,True,True,2,official,
6840,東研信超,2026-08-05,locked,68.6,68.6,NA,daily_close_lock_only; no_orderbook_seal,凱基台北,9268,0.021045999999999992,False,none,Top1 凱基台北 淨買0.02億; none; 非追蹤; 首板,-0.008746355685131157,-0.026239067055393583,tpex,1,True,True,2,official,
2231,為升,2026-08-06,locked,102.5,102.5,NA,daily_close_lock_only; no_orderbook_seal,凱基站前,920F,0.272,False,none,Top1 凱基站前 淨買0.27億; none; 非追蹤; 首板,-0.014634146341463428,-0.03609756097560979,twse,1,True,True,2,official,
3219,倚強科,2026-08-06,locked,71.5,71.5,NA,daily_close_lock_only; no_orderbook_seal,台新松德,9B2a,0.077935,False,none,Top1 台新松德 淨買0.08億; none; 非追蹤; 首板,0.07132867132867116,-0.029370629370629286,tpex,1,True,True,2,official,
3324,雙鴻,2026-08-06,locked,1060.0,1060.0,NA,daily_close_lock_only; no_orderbook_seal,元大土城永,9875,12.0656992,False,momentum,Top1 元大土城永 淨買12.07億; momentum; 非追蹤; 首板,0.0,-0.04245283018867929,tpex,1,True,True,2,official,
3581,博磊,2026-08-06,locked,122.5,122.5,NA,daily_close_lock_only; no_orderbook_seal,統一南京,585U,0.02695,False,none,Top1 統一南京 淨買0.03億; none; 非追蹤; 首板,0.008163265306122547,-0.09795918367346934,tpex,1,True,True,2,official,
3652,精聯,2026-08-06,locked,34.2,34.2,NA,daily_close_lock_only; no_orderbook_seal,?亞網路,6012,0.0304285,False,none,Top1 ?亞網路 淨買0.03億; none; 非追蹤; 首板,0.059941520467836185,-0.008771929824561542,twse,1,True,True,2,official,
3685,元創精密,2026-08-06,locked,38.1,38.1,NA,daily_close_lock_only; no_orderbook_seal,永豐金敦南,9A8F,0.110876,False,none,Top1 永豐金敦南 淨買0.11億; none; 非追蹤; 首板,0.006561679790026309,0.04068241469816258,tpex,1,True,True,2,official,
4973,廣穎,2026-08-06,locked,162.5,162.5,NA,daily_close_lock_only; no_orderbook_seal,凱基台北,9268,0.237382115,False,none,Top1 凱基台北 淨買0.24億; none; 非追蹤; 首板,0.0,-0.040000000000000036,tpex,1,True,True,2,official,
5228,鈺鎧,2026-08-06,locked,43.65,43.65,NA,daily_close_lock_only; no_orderbook_seal,凱基台北,9268,0.023534244,False,none,Top1 凱基台北 淨買0.02億; none; 非追蹤; 首板,-0.014891179839633395,-0.07789232531500567,tpex,1,True,True,2,official,
6441,廣錠,2026-08-06,locked,21.35,21.35,NA,daily_close_lock_only; no_orderbook_seal,凱基台北,9268,0.003441,False,none,Top1 凱基台北 淨買0.00億; none; 非追蹤; 首板,0.0796252927400467,0.0983606557377048,tpex,1,True,True,2,official,
6643,M31,2026-08-06,locked,455.0,455.0,NA,daily_close_lock_only; no_orderbook_seal,元大士林,981j,1.0409702,False,momentum,Top1 元大士林 淨買1.04億; momentum; 非追蹤; 首板,0.003296703296703285,-0.03956043956043953,tpex,1,True,True,2,official,
6805,富世達,2026-08-06,locked,1760.0,1760.0,NA,daily_close_lock_only; no_orderbook_seal,凱基城中,9227,13.855629,False,dual,Top1 凱基城中 淨買13.86億; dual; 非追蹤; 首板,0.017045454545454586,-0.051136363636363646,twse,1,True,True,2,official,
8299,群聯,2026-08-06,locked,2025.0,2025.0,NA,daily_close_lock_only; no_orderbook_seal,凱基城中,9227,5.830531,False,dual,Top1 凱基城中 淨買5.83億; dual; 非追蹤; 首板,0.01728395061728394,-0.0024691358024691024,tpex,1,True,True,2,official,
3379,彬台,2026-08-07,locked,29.95,29.95,NA,daily_close_lock_only; no_orderbook_seal,凱基永康,9278,0.006011,False,none,Top1 凱基永康 淨買0.01億; none; 非追蹤; 首板,0.01836393989983298,0.015025041736226985,tpex,1,True,True,2,official,
4566,時碩工業,2026-08-07,locked,76.3,76.3,NA,daily_close_lock_only; no_orderbook_seal,台新證券,9B00,0.542995969,False,none,Top1 台新證券 淨買0.54億; none; 非追蹤; 首板,0.04718217562254279,-0.019659239842726106,twse,1,True,True,2,official,
5291,邑昇,2026-08-07,locked,56.1,56.1,NA,daily_close_lock_only; no_orderbook_seal,永豐金板新,9A9J,0.066198,False,none,Top1 永豐金板新 淨買0.07億; none; 非追蹤; 首板,0.019607843137254832,0.0017825311942958333,tpex,1,True,True,2,official,
6152,百一,2026-08-07,locked,13.05,13.05,NA,daily_close_lock_only; no_orderbook_seal,凱基台北,9268,0.0108315,False,none,Top1 凱基台北 淨買0.01億; none; 非追蹤; 首板,0.09961685823754785,0.09961685823754785,twse,1,True,True,2,official,
6441,廣錠,2026-08-07,locked,23.45,23.45,NA,daily_close_lock_only; no_orderbook_seal,凱基城中,9227,0.0194635,False,none,Top1 凱基城中 淨買0.02億; none; 非追蹤; 2連板,0.03624733475479758,0.002132196162046851,tpex,2,True,False,2,official,
6584,南俊國際,2026-08-07,locked,550.0,550.0,NA,daily_close_lock_only; no_orderbook_seal,元大士林,981j,0.649,False,none,Top1 元大士林 淨買0.65億; none; 非追蹤; 首板,0.036363636363636376,-0.050909090909090904,tpex,1,True,True,2,official,
1455,集盛,2026-08-10,locked,9.9,9.9,NA,daily_close_lock_only; no_orderbook_seal,元大復北,9872,0.0268668,False,none,Top1 元大復北 淨買0.03億; none; 非追蹤; 首板,-0.010101010101010055,-0.030303030303030387,twse,1,True,True,2,official,
1605,華新,2026-08-10,locked,38.0,38.0,NA,daily_close_lock_only; no_orderbook_seal,凱基台北,9268,3.06446046,False,momentum,Top1 凱基台北 淨買3.06億; momentum; 非追蹤; 首板,-0.0026315789473684292,0.007894736842105177,twse,1,True,True,2,official,
1809,中釉,2026-08-10,locked,41.0,41.0,NA,daily_close_lock_only; no_orderbook_seal,凱基中港,9202,0.11972,False,none,Top1 凱基中港 淨買0.12億; none; 非追蹤; 首板,0.029268292682926855,0.023170731707317094,twse,1,True,True,2,official,
2033,佳大,2026-08-10,locked,18.7,18.7,NA,daily_close_lock_only; no_orderbook_seal,華南板橋,9349,0.0836875,False,none,Top1 華南板橋 淨買0.08億; none; 非追蹤; 首板,0.03743315508021383,0.09893048128342263,twse,1,True,True,2,official,
2441,超豐,2026-08-10,locked,129.0,129.0,NA,daily_close_lock_only; no_orderbook_seal,凱基板橋,920A,0.31674305,False,lock_chip,Top1 凱基板橋 淨買0.32億; lock_chip; 非追蹤; 首板,-0.011627906976744207,-0.03875968992248058,twse,1,True,True,2,official,
3022,威強電,2026-08-10,locked,113.0,113.0,NA,daily_close_lock_only; no_orderbook_seal,凱基台北,9268,0.30282755,False,none,Top1 凱基台北 淨買0.30億; none; 非追蹤; 首板,0.022123893805309658,-0.04424778761061943,twse,1,True,True,2,official,
3149,正達,2026-08-10,locked,69.0,69.0,NA,daily_close_lock_only; no_orderbook_seal,凱基台北,9268,1.082891,False,momentum,Top1 凱基台北 淨買1.08億; momentum; 非追蹤; 首板,0.010144927536231974,-0.021739130434782594,twse,1,True,True,2,official,
3481,群創,2026-08-10,locked,52.3,52.3,NA,daily_close_lock_only; no_orderbook_seal,凱基台北,9268,7.145236617999999,False,momentum,Top1 凱基台北 淨買7.15億; momentum; 非追蹤; 首板,-0.017208413001912004,-0.042065009560229405,twse,1,True,True,2,official,
3704,合勤控,2026-08-10,locked,50.4,50.4,NA,daily_close_lock_only; no_orderbook_seal,永豐板新,9A9J,0.4972042,False,none,Top1 永豐板新 淨買0.50億; none; 非追蹤; 首板,-0.06349206349206338,-0.09920634920634919,twse,1,True,True,2,official,
3715,定穎投控,2026-08-10,locked,125.5,125.5,NA,daily_close_lock_only; no_orderbook_seal,凱基城中,9227,0.630265,False,none,Top1 凱基城中 淨買0.63億; none; 非追蹤; 首板,-0.007968127490039834,-0.027888446215139417,twse,1,True,True,2,official,
5443,均豪,2026-08-10,locked,104.5,104.5,NA,daily_close_lock_only; no_orderbook_seal,凱基城中,9227,0.749263955,False,none,Top1 凱基城中 淨買0.75億; none; 非追蹤; 首板,0.009569377990430672,0.028708133971291794,tpex,1,True,True,2,official,
6116,彩晶,2026-08-10,locked,14.9,14.9,NA,daily_close_lock_only; no_orderbook_seal,凱基台北,9268,0.408106518,False,none,Top1 凱基台北 淨買0.41億; none; 非追蹤; 首板,-0.016778523489932917,-0.046979865771812124,twse,1,True,True,2,official,
6152,百一,2026-08-10,locked,14.35,14.35,NA,daily_close_lock_only; no_orderbook_seal,凱基台北,9268,0.01435,False,none,Top1 凱基台北 淨買0.01億; none; 非追蹤; 2連板,0.09756097560975618,0.03135888501742157,twse,2,True,False,2,official,
6206,飛捷,2026-08-10,locked,158.0,158.0,NA,daily_close_lock_only; no_orderbook_seal,凱基台北,9268,0.6840536,False,none,Top1 凱基台北 淨買0.68億; none; 非追蹤; 首板,-0.025316455696202556,-0.09493670886075944,twse,1,True,True,2,official,
6239,力成,2026-08-10,locked,288.5,288.5,NA,daily_close_lock_only; no_orderbook_seal,凱基台北,9268,0.893062305,False,momentum,Top1 凱基台北 淨買0.89億; momentum; 非追蹤; 首板,0.008665511265164572,-0.020797227036395194,twse,1,True,True,2,official,
6285,啟碁,2026-08-10,locked,256.0,256.0,NA,daily_close_lock_only; no_orderbook_seal,凱基台北,9268,2.21328445,False,momentum,Top1 凱基台北 淨買2.21億; momentum; 非追蹤; 首板,0.009765625,-0.0078125,twse,1,True,True,2,official,
6456,GIS-KY,2026-08-10,locked,67.6,67.6,NA,daily_close_lock_only; no_orderbook_seal,凱基台北,9268,0.389698,False,none,Top1 凱基台北 淨買0.39億; none; 非追蹤; 首板,0.00591715976331364,0.044378698224851965,twse,1,True,True,2,official,
6937,天虹,2026-08-10,locked,270.5,270.5,NA,daily_close_lock_only; no_orderbook_seal,凱基台北,9268,0.248635,False,none,Top1 凱基台北 淨買0.25億; none; 非追蹤; 首板,0.003696857670979714,0.060998151571164616,twse,1,True,True,2,official,
7740,熙特爾-創,2026-08-10,locked,177.0,177.0,NA,daily_close_lock_only; no_orderbook_seal,兆豐台中,7003,0.1575459,False,none,Top1 兆豐台中 淨買0.16億; none; 非追蹤; 首板,-0.062146892655367214,-0.09887005649717517,twse,1,True,True,2,official,
8374,羅昇,2026-08-10,locked,88.9,88.9,NA,daily_close_lock_only; no_orderbook_seal,凱基台北,9268,0.080344,False,none,Top1 凱基台北 淨買0.08億; none; 非追蹤; 首板,-0.008998875140607598,-0.07536557930258725,twse,1,True,True,2,official,
1563,巧新,2026-08-11,locked,62.1,62.1,NA,daily_close_lock_only; no_orderbook_seal,,,0.0,False,none,Top1 NA 淨買0.00億; none; 非追蹤; 首板,0.020933977455716457,0.05152979066022545,twse,1,True,True,2,official,no_domestic_top1
2033,佳大,2026-08-11,locked,20.55,20.55,NA,daily_close_lock_only; no_orderbook_seal,華南板橋,9349,0.343817,False,none,Top1 華南板橋 淨買0.34億; none; 非追蹤; 2連板,0.009732360097323589,0.07055961070559613,twse,2,True,False,2,official,
2438,翔耀,2026-08-11,locked,19.25,19.25,NA,daily_close_lock_only; no_orderbook_seal,元大東港,989f,0.0143145,False,none,Top1 元大東港 淨買0.01億; none; 非追蹤; 首板,0.0,-0.023376623376623384,twse,1,True,True,2,official,
3044,健鼎,2026-08-11,locked,441.5,441.5,NA,daily_close_lock_only; no_orderbook_seal,凱基城中,9227,2.687389635,False,momentum,Top1 凱基城中 淨買2.69億; momentum; 非追蹤; 首板,0.09966024915062288,0.09966024915062288,twse,1,True,True,2,official,
5904,寶雅*,2026-08-11,locked,87.1,87.1,NA,daily_close_lock_only; no_orderbook_seal,凱基城中,9227,6.322579160999999,False,dual,Top1 凱基城中 淨買6.32億; dual; 非追蹤; 2連板,0.04018369690011481,-0.05281285878300801,tpex,2,True,False,2,official,
6121,新普,2026-08-11,locked,434.5,434.5,NA,daily_close_lock_only; no_orderbook_seal,富邦建國,9658,0.42216865,False,none,Top1 富邦建國 淨買0.42億; none; 非追蹤; 首板,-0.017261219792865323,-0.0069044879171461515,tpex,1,True,True,2,official,
6924,榮惠-KY創,2026-08-11,locked,119.5,119.5,NA,daily_close_lock_only; no_orderbook_seal,富邦敦南,9663,0.012965,False,none,Top1 富邦敦南 淨買0.01億; none; 非追蹤; 首板,-0.02092050209205021,-0.029288702928870314,twse,1,True,True,2,official,
2324,仁寶,2026-08-12,locked,39.9,39.9,NA,daily_close_lock_only; no_orderbook_seal,凱基站前,920F,3.81241745,False,momentum,Top1 凱基站前 淨買3.81億; momentum; 非追蹤; 首板,0.005012531328320913,-0.015037593984962405,twse,1,True,True,2,official,
3044,健鼎,2026-08-12,locked,485.5,485.5,NA,daily_close_lock_only; no_orderbook_seal,凱基台北,9268,1.91287,False,momentum,Top1 凱基台北 淨買1.91億; momentum; 非追蹤; 2連板,0.03398558187435641,0.019567456230690006,twse,2,True,False,2,official,
3360,尚立,2026-08-12,locked,17.45,17.45,NA,daily_close_lock_only; no_orderbook_seal,凱基台北,9268,0.0342955,False,none,Top1 凱基台北 淨買0.03億; none; 非追蹤; 首板,0.0,-0.02005730659025773,tpex,1,True,True,2,official,
4413,飛寶企業,2026-08-12,locked,17.05,17.05,NA,daily_close_lock_only; no_orderbook_seal,統一內湖,585b,0.004193,False,none,Top1 統一內湖 淨買0.00億; none; 非追蹤; 首板,0.055718475073313734,0.0997067448680351,tpex,1,True,True,2,official,
4510,高鋒,2026-08-12,locked,44.55,44.55,NA,daily_close_lock_only; no_orderbook_seal,凱基台北,9268,0.4293615,False,none,Top1 凱基台北 淨買0.43億; none; 非追蹤; 首板,0.01683501683501687,0.025813692480359363,tpex,1,True,True,2,official,
4735,豪展,2026-08-12,locked,38.35,38.35,NA,daily_close_lock_only; no_orderbook_seal,玉山台南,8847,0.028393,False,none,Top1 玉山台南 淨買0.03億; none; 非追蹤; 首板,0.04563233376792697,-0.009126466753585416,tpex,1,True,True,2,official,
4960,誠美材,2026-08-12,locked,22.75,22.75,NA,daily_close_lock_only; no_orderbook_seal,凱基松山,9217,0.089396,False,none,Top1 凱基松山 淨買0.09億; none; 非追蹤; 首板,0.0,-0.03516483516483515,twse,1,True,True,2,official,
5864,致和證,2026-08-12,locked,33.45,33.45,NA,daily_close_lock_only; no_orderbook_seal,元大桃園,988B,0.11696286550000001,False,none,Top1 元大桃園 淨買0.12億; none; 非追蹤; 首板,0.004484304932735439,0.013452914798206095,tpex,1,True,True,2,official,
6291,沛亨,2026-08-12,locked,402.5,402.5,NA,daily_close_lock_only; no_orderbook_seal,元大竹科,980K,0.25338875,False,none,Top1 元大竹科 淨買0.25億; none; 非追蹤; 首板,0.03850931677018643,-0.03850931677018632,tpex,1,True,True,2,official,
7792,安葆,2026-08-12,locked,232.5,232.5,NA,daily_close_lock_only; no_orderbook_seal,永昌世貿,9334,0.0465,False,none,Top1 永昌世貿 淨買0.05億; none; 非追蹤; 首板,0.09892473118279566,0.043010752688172005,tpex,1,True,True,2,official,
8071,能率網通,2026-08-12,locked,25.55,25.55,NA,daily_close_lock_only; no_orderbook_seal,凱基站前,920F,0.209475,False,none,Top1 凱基站前 淨買0.21億; none; 非追蹤; 首板,0.009784735812133016,-0.015655577299413026,tpex,1,True,True,2,official,
2357,華碩,2026-08-13,locked,937.0,937.0,NA,daily_close_lock_only; no_orderbook_seal,凱基台北,9268,2.87886691,False,momentum,Top1 凱基台北 淨買2.88億; momentum; 非追蹤; 首板,0.033084311632870955,0.06296691568836721,twse,1,True,True,2,official,
2483,百容,2026-08-13,locked,40.05,40.05,NA,daily_close_lock_only; no_orderbook_seal,凱基台北,9268,0.169071,False,none,Top1 凱基台北 淨買0.17億; none; 非追蹤; 首板,0.0362047440699127,-0.04868913857677892,twse,1,True,True,2,official,
3312,弘憶股,2026-08-13,locked,56.8,56.8,NA,daily_close_lock_only; no_orderbook_seal,台新松德,9B2a,0.20050343199999998,False,none,Top1 台新松德 淨買0.20億; none; 非追蹤; 首板,0.0035211267605634866,-0.029929577464788637,twse,1,True,True,2,official,
4413,飛寶企業,2026-08-13,locked,18.75,18.75,NA,daily_close_lock_only; no_orderbook_seal,凱基台北,9268,0.001125,False,none,Top1 凱基台北 淨買0.00億; none; 非追蹤; 2連板,0.09600000000000009,0.02400000000000002,tpex,2,True,False,2,official,
5515,建國,2026-08-13,locked,50.4,50.4,NA,daily_close_lock_only; no_orderbook_seal,凱基台北,9268,0.285595,False,none,Top1 凱基台北 淨買0.29億; none; 非追蹤; 首板,-0.031746031746031744,-0.03869047619047605,twse,1,True,True,2,official,
6130,上亞科技,2026-08-13,locked,29.7,29.7,NA,daily_close_lock_only; no_orderbook_seal,台新大裕,9B2l,0.0613355,False,none,Top1 台新大裕 淨買0.06億; none; 非追蹤; 首板,-0.0016835016835017313,-0.023569023569023573,tpex,1,True,True,2,official,
6584,南俊國際,2026-08-13,locked,597.0,597.0,NA,daily_close_lock_only; no_orderbook_seal,凱基城中,9227,1.53427403,False,momentum,Top1 凱基城中 淨買1.53億; momentum; 非追蹤; 首板,0.09882747068676712,0.01340033500837512,tpex,1,True,True,2,official,
6840,東研信超,2026-08-13,locked,75.6,75.6,NA,daily_close_lock_only; no_orderbook_seal,新光,8560,0.1361382,False,none,Top1 新光 淨買0.14億; none; 非追蹤; 首板,0.09523809523809534,0.07142857142857162,tpex,1,True,True,2,official,
2324,仁寶,2026-08-14,locked,43.2,43.2,NA,daily_close_lock_only; no_orderbook_seal,凱基台北,9268,7.1841724760000005,False,momentum,Top1 凱基台北 淨買7.18億; momentum; 非追蹤; 首板,0.003472222222222099,-0.03587962962962976,twse,1,True,True,2,official,
3230,錦明,2026-08-14,locked,44.45,44.45,NA,daily_close_lock_only; no_orderbook_seal,凱基台北,9268,0.032085,False,none,Top1 凱基台北 淨買0.03億; none; 非追蹤; 首板,0.05736782902137216,-0.010123734533183382,tpex,1,True,True,2,official,
6214,精誠,2026-08-14,locked,172.0,172.0,NA,daily_close_lock_only; no_orderbook_seal,凱基台北,9268,0.890788,False,none,Top1 凱基台北 淨買0.89億; none; 非追蹤; 2連板,0.005813953488372103,0.02034883720930236,twse,2,True,False,2,official,
6477,安集,2026-08-14,locked,38.25,38.25,NA,daily_close_lock_only; no_orderbook_seal,凱基台北,9268,0.22026125,False,none,Top1 凱基台北 淨買0.22億; none; 非追蹤; 首板,0.04967320261437913,0.005228758169934622,twse,1,True,True,2,official,
6829,千附精密,2026-08-14,locked,244.0,244.0,NA,daily_close_lock_only; no_orderbook_seal,凱基站前,920F,1.660505525,False,momentum,Top1 凱基站前 淨買1.66億; momentum; 非追蹤; 首板,-0.016393442622950838,-0.02254098360655743,tpex,1,True,True,2,official,
1727,中華化,2026-08-17,locked,82.6,82.6,NA,daily_close_lock_only; no_orderbook_seal,凱基台北,9268,0.6002904,False,none,Top1 凱基台北 淨買0.60億; none; 非追蹤; 首板,0.019370460048426352,0.07869249394673128,twse,1,True,True,2,official,
2615,萬海,2026-08-17,locked,99.6,99.6,NA,daily_close_lock_only; no_orderbook_seal,凱基台北,9268,2.48938569,False,momentum,Top1 凱基台北 淨買2.49億; momentum; 非追蹤; 首板,0.003012048192771122,0.054216867469879526,twse,1,True,True,2,official,
4977,眾達-KY,2026-08-17,locked,158.0,158.0,NA,daily_close_lock_only; no_orderbook_seal,永豐信義,9A9R,0.22823,False,none,Top1 永豐信義 淨買0.23億; none; 非追蹤; 首板,-0.006329113924050667,-0.044303797468354444,twse,1,True,True,2,official,
5515,建國,2026-08-17,locked,53.2,53.2,NA,daily_close_lock_only; no_orderbook_seal,凱基台北,9268,0.119296,False,none,Top1 凱基台北 淨買0.12億; none; 非追蹤; 首板,-0.022556390977443663,0.018796992481203034,twse,1,True,True,2,official,
6967,汎瑋材料,2026-08-17,locked,75.6,75.6,NA,daily_close_lock_only; no_orderbook_seal,新光,8560,0.02642,False,none,Top1 新光 淨買0.03億; none; 非追蹤; 首板,0.025132275132275117,-0.03703703703703698,tpex,1,True,True,2,official,
3629,地心引力,2026-08-18,locked,15.3,15.3,NA,daily_close_lock_only; no_orderbook_seal,台新世貿,9B2u,0.000153,False,none,Top1 台新世貿 淨買0.00億; none; 非追蹤; 首板,-0.06209150326797397,-0.09477124183006547,tpex,1,True,True,2,official,
3508,位速,2026-08-19,locked,22.75,22.75,NA,daily_close_lock_only; no_orderbook_seal,群益開元,9134,0.0189778625,False,none,Top1 群益開元 淨買0.02億; none; 非追蹤; 首板,0.08791208791208782,0.098901098901099,tpex,1,True,True,2,official,
4735,豪展,2026-08-19,locked,39.75,39.75,NA,daily_close_lock_only; no_orderbook_seal,元大台中,9812,0.0107865,False,none,Top1 元大台中 淨買0.01億; none; 非追蹤; 首板,0.018867924528301883,-0.018867924528301883,tpex,1,True,True,2,official,
7792,安葆,2026-08-19,locked,288.5,288.5,NA,daily_close_lock_only; no_orderbook_seal,台新松德,9B2a,0.401015,False,none,Top1 台新松德 淨買0.40億; none; 非追蹤; 首板,0.045060658578856216,0.03119584055459268,tpex,1,True,True,2,official,
8101,華冠,2026-08-19,locked,11.0,11.0,NA,daily_close_lock_only; no_orderbook_seal,元大士林,981j,0.002078,False,none,Top1 元大士林 淨買0.00億; none; 非追蹤; 首板,0.08181818181818179,0.09999999999999987,twse,1,True,True,2,official,
9914,美利達,2026-08-19,locked,88.6,88.6,NA,daily_close_lock_only; no_orderbook_seal,凱基台北,9268,0.56148396,False,none,Top1 凱基台北 淨買0.56億; none; 非追蹤; 首板,0.003386004514672747,-0.009029345372460473,twse,1,True,True,2,official,
3508,位速,2026-08-20,locked,25.0,25.0,NA,daily_close_lock_only; no_orderbook_seal,元大民雄,981V,0.024514,False,none,Top1 元大民雄 淨買0.02億; none; 非追蹤; 2連板,-0.09999999999999998,-0.07200000000000006,tpex,2,True,False,2,official,
6550,北極星藥業-KY,2026-08-20,locked,11.15,11.15,NA,daily_close_lock_only; no_orderbook_seal,凱基台北,9268,0.0250885,False,none,Top1 凱基台北 淨買0.03億; none; 非追蹤; 首板,0.09865470852017943,0.09865470852017943,twse,1,True,True,2,official,
8101,華冠,2026-08-20,locked,12.1,12.1,NA,daily_close_lock_only; no_orderbook_seal,康和內湖,845A,0.001194,False,none,Top1 康和內湖 淨買0.00億; none; 非追蹤; 2連板,-0.024793388429751984,0.08677685950413228,twse,2,True,False,2,official,
3540,曜越,2026-08-21,locked,23.8,23.8,NA,daily_close_lock_only; no_orderbook_seal,凱基台北,9268,0.104932223,False,none,Top1 凱基台北 淨買0.10億; none; 非追蹤; 首板,0.02941176470588225,0.048319327731092265,tpex,1,True,True,2,official,
4956,光鋐,2026-08-21,locked,33.45,33.45,NA,daily_close_lock_only; no_orderbook_seal,凱基台北,9268,0.1204695,False,none,Top1 凱基台北 淨買0.12億; none; 非追蹤; 首板,0.04484304932735417,0.09865470852017921,twse,1,True,True,2,official,
6550,北極星藥業-KY,2026-08-21,locked,12.25,12.25,NA,daily_close_lock_only; no_orderbook_seal,富邦南京,961C,0.032095,False,none,Top1 富邦南京 淨買0.03億; none; 非追蹤; 2連板,0.05714285714285716,-0.053061224489796,twse,2,True,False,2,official,
3259,鑫創,2026-08-24,locked,10.75,10.75,NA,daily_close_lock_only; no_orderbook_seal,凱基台南,9211,0.0038796,False,none,Top1 凱基台南 淨買0.00億; none; 非追蹤; 首板,-0.0046511627906977715,0.0976744186046512,tpex,1,True,True,2,official,
4956,光鋐,2026-08-24,locked,36.75,36.75,NA,daily_close_lock_only; no_orderbook_seal,台新安南,9B2Z,0.30518725,False,none,Top1 台新安南 淨買0.31億; none; 非追蹤; 2連板,-0.020408163265306145,-0.04489795918367345,twse,2,True,False,2,official,
3259,鑫創,2026-08-25,locked,11.8,11.8,NA,daily_close_lock_only; no_orderbook_seal,合庫桃園,102E,0.0017625,False,none,Top1 合庫桃園 淨買0.00億; none; 非追蹤; 2連板,,,tpex,2,True,False,2,official,missing_t1_return
3629,地心引力,2026-08-25,locked,14.9,14.9,NA,daily_close_lock_only; no_orderbook_seal,新光台中,8561,0.001639,False,none,Top1 新光台中 淨買0.00億; none; 非追蹤; 首板,,,tpex,1,True,True,2,official,missing_t1_return
6949,沛爾生醫*-創,2026-08-25,locked,1355.0,1355.0,NA,daily_close_lock_only; no_orderbook_seal,,,0.0,False,none,Top1 NA 淨買0.00億; none; 非追蹤; 首板,,,twse,1,True,True,2,official,no_domestic_top1;missing_t1_return
